<Qucs Dataset 1.0.7>
<indep mf 1>
  +5.00000000000000000000e+00
</indep>
<indep fdev 1>
  +5.00000000000000000000e+02
</indep>
<indep fm 1>
  +1.00000000000000000000e+02
</indep>
<indep fc 1>
  +8.30000000000000000000e+08
</indep>
<indep amp 1>
  +1.00000000000000000000e+00
</indep>
<indep Frequency.0001 1000>
  +0.00000000000000000000e+00
  +9.99999999999999813735e+06
  +1.99999999999999962747e+07
  +2.99999999999999925494e+07
  +3.99999999999999925494e+07
  +4.99999999999999925494e+07
  +5.99999999999999850988e+07
  +6.99999999999999850988e+07
  +7.99999999999999850988e+07
  +8.99999999999999850988e+07
  +9.99999999999999850988e+07
  +1.09999999999999985099e+08
  +1.19999999999999970198e+08
  +1.29999999999999970198e+08
  +1.39999999999999970198e+08
  +1.49999999999999970198e+08
  +1.59999999999999970198e+08
  +1.69999999999999970198e+08
  +1.79999999999999970198e+08
  +1.89999999999999970198e+08
  +1.99999999999999970198e+08
  +2.09999999999999970198e+08
  +2.19999999999999970198e+08
  +2.29999999999999970198e+08
  +2.39999999999999940395e+08
  +2.49999999999999940395e+08
  +2.59999999999999940395e+08
  +2.69999999999999940395e+08
  +2.79999999999999940395e+08
  +2.89999999999999940395e+08
  +2.99999999999999940395e+08
  +3.09999999999999940395e+08
  +3.19999999999999940395e+08
  +3.29999999999999940395e+08
  +3.39999999999999940395e+08
  +3.49999999999999940395e+08
  +3.59999999999999940395e+08
  +3.69999999999999940395e+08
  +3.79999999999999940395e+08
  +3.89999999999999940395e+08
  +3.99999999999999940395e+08
  +4.09999999999999940395e+08
  +4.19999999999999940395e+08
  +4.29999999999999940395e+08
  +4.39999999999999940395e+08
  +4.49999999999999940395e+08
  +4.59999999999999940395e+08
  +4.69999999999999940395e+08
  +4.79999999999999880791e+08
  +4.89999999999999880791e+08
  +4.99999999999999880791e+08
  +5.09999999999999880791e+08
  +5.19999999999999880791e+08
  +5.29999999999999880791e+08
  +5.39999999999999880791e+08
  +5.49999999999999880791e+08
  +5.59999999999999880791e+08
  +5.69999999999999880791e+08
  +5.79999999999999880791e+08
  +5.89999999999999880791e+08
  +5.99999999999999880791e+08
  +6.09999999999999880791e+08
  +6.19999999999999880791e+08
  +6.29999999999999880791e+08
  +6.39999999999999880791e+08
  +6.49999999999999880791e+08
  +6.59999999999999880791e+08
  +6.69999999999999880791e+08
  +6.79999999999999880791e+08
  +6.89999999999999880791e+08
  +6.99999999999999880791e+08
  +7.09999999999999880791e+08
  +7.19999999999999880791e+08
  +7.29999999999999880791e+08
  +7.39999999999999880791e+08
  +7.49999999999999880791e+08
  +7.59999999999999880791e+08
  +7.69999999999999880791e+08
  +7.79999999999999880791e+08
  +7.89999999999999880791e+08
  +7.99999999999999880791e+08
  +8.09999999999999880791e+08
  +8.19999999999999880791e+08
  +8.29999999999999880791e+08
  +8.39999999999999880791e+08
  +8.49999999999999880791e+08
  +8.59999999999999880791e+08
  +8.69999999999999880791e+08
  +8.79999999999999880791e+08
  +8.89999999999999880791e+08
  +8.99999999999999880791e+08
  +9.09999999999999880791e+08
  +9.19999999999999880791e+08
  +9.29999999999999880791e+08
  +9.39999999999999880791e+08
  +9.49999999999999880791e+08
  +9.59999999999999761581e+08
  +9.69999999999999761581e+08
  +9.79999999999999761581e+08
  +9.89999999999999761581e+08
  +9.99999999999999761581e+08
  +1.00999999999999976158e+09
  +1.01999999999999976158e+09
  +1.02999999999999976158e+09
  +1.03999999999999976158e+09
  +1.04999999999999976158e+09
  +1.05999999999999976158e+09
  +1.06999999999999976158e+09
  +1.07999999999999976158e+09
  +1.08999999999999976158e+09
  +1.09999999999999976158e+09
  +1.10999999999999976158e+09
  +1.11999999999999976158e+09
  +1.12999999999999976158e+09
  +1.13999999999999976158e+09
  +1.14999999999999976158e+09
  +1.15999999999999976158e+09
  +1.16999999999999976158e+09
  +1.17999999999999976158e+09
  +1.18999999999999976158e+09
  +1.19999999999999976158e+09
  +1.20999999999999976158e+09
  +1.21999999999999976158e+09
  +1.22999999999999976158e+09
  +1.23999999999999976158e+09
  +1.24999999999999976158e+09
  +1.25999999999999976158e+09
  +1.26999999999999976158e+09
  +1.27999999999999976158e+09
  +1.28999999999999976158e+09
  +1.29999999999999976158e+09
  +1.30999999999999976158e+09
  +1.31999999999999976158e+09
  +1.32999999999999976158e+09
  +1.33999999999999976158e+09
  +1.34999999999999976158e+09
  +1.35999999999999976158e+09
  +1.36999999999999976158e+09
  +1.37999999999999976158e+09
  +1.38999999999999976158e+09
  +1.39999999999999976158e+09
  +1.40999999999999976158e+09
  +1.41999999999999976158e+09
  +1.42999999999999976158e+09
  +1.43999999999999976158e+09
  +1.44999999999999976158e+09
  +1.45999999999999976158e+09
  +1.46999999999999976158e+09
  +1.47999999999999976158e+09
  +1.48999999999999976158e+09
  +1.49999999999999976158e+09
  +1.50999999999999976158e+09
  +1.51999999999999976158e+09
  +1.52999999999999976158e+09
  +1.53999999999999976158e+09
  +1.54999999999999976158e+09
  +1.55999999999999976158e+09
  +1.56999999999999976158e+09
  +1.57999999999999976158e+09
  +1.58999999999999976158e+09
  +1.59999999999999976158e+09
  +1.60999999999999976158e+09
  +1.61999999999999976158e+09
  +1.62999999999999976158e+09
  +1.63999999999999976158e+09
  +1.64999999999999976158e+09
  +1.65999999999999976158e+09
  +1.66999999999999976158e+09
  +1.67999999999999976158e+09
  +1.68999999999999976158e+09
  +1.69999999999999976158e+09
  +1.70999999999999976158e+09
  +1.71999999999999976158e+09
  +1.72999999999999976158e+09
  +1.73999999999999976158e+09
  +1.74999999999999976158e+09
  +1.75999999999999976158e+09
  +1.76999999999999976158e+09
  +1.77999999999999976158e+09
  +1.78999999999999976158e+09
  +1.79999999999999976158e+09
  +1.80999999999999976158e+09
  +1.81999999999999976158e+09
  +1.82999999999999976158e+09
  +1.83999999999999976158e+09
  +1.84999999999999976158e+09
  +1.85999999999999976158e+09
  +1.86999999999999976158e+09
  +1.87999999999999976158e+09
  +1.88999999999999976158e+09
  +1.89999999999999976158e+09
  +1.90999999999999976158e+09
  +1.91999999999999952316e+09
  +1.92999999999999952316e+09
  +1.93999999999999952316e+09
  +1.94999999999999952316e+09
  +1.95999999999999952316e+09
  +1.96999999999999952316e+09
  +1.97999999999999952316e+09
  +1.98999999999999952316e+09
  +1.99999999999999952316e+09
  +2.00999999999999952316e+09
  +2.01999999999999952316e+09
  +2.02999999999999952316e+09
  +2.03999999999999952316e+09
  +2.04999999999999952316e+09
  +2.05999999999999952316e+09
  +2.06999999999999952316e+09
  +2.07999999999999952316e+09
  +2.08999999999999952316e+09
  +2.09999999999999952316e+09
  +2.10999999999999952316e+09
  +2.11999999999999952316e+09
  +2.12999999999999952316e+09
  +2.13999999999999952316e+09
  +2.14999999999999952316e+09
  +2.15999999999999952316e+09
  +2.16999999999999952316e+09
  +2.17999999999999952316e+09
  +2.18999999999999952316e+09
  +2.19999999999999952316e+09
  +2.20999999999999952316e+09
  +2.21999999999999952316e+09
  +2.22999999999999952316e+09
  +2.23999999999999952316e+09
  +2.24999999999999952316e+09
  +2.25999999999999952316e+09
  +2.26999999999999952316e+09
  +2.27999999999999952316e+09
  +2.28999999999999952316e+09
  +2.29999999999999952316e+09
  +2.30999999999999952316e+09
  +2.31999999999999952316e+09
  +2.32999999999999952316e+09
  +2.33999999999999952316e+09
  +2.34999999999999952316e+09
  +2.35999999999999952316e+09
  +2.36999999999999952316e+09
  +2.37999999999999952316e+09
  +2.38999999999999952316e+09
  +2.39999999999999952316e+09
  +2.40999999999999952316e+09
  +2.41999999999999952316e+09
  +2.42999999999999952316e+09
  +2.43999999999999952316e+09
  +2.44999999999999952316e+09
  +2.45999999999999952316e+09
  +2.46999999999999952316e+09
  +2.47999999999999952316e+09
  +2.48999999999999952316e+09
  +2.49999999999999952316e+09
  +2.50999999999999952316e+09
  +2.51999999999999952316e+09
  +2.52999999999999952316e+09
  +2.53999999999999952316e+09
  +2.54999999999999952316e+09
  +2.55999999999999952316e+09
  +2.56999999999999952316e+09
  +2.57999999999999952316e+09
  +2.58999999999999952316e+09
  +2.59999999999999952316e+09
  +2.60999999999999952316e+09
  +2.61999999999999952316e+09
  +2.62999999999999952316e+09
  +2.63999999999999952316e+09
  +2.64999999999999952316e+09
  +2.65999999999999952316e+09
  +2.66999999999999952316e+09
  +2.67999999999999952316e+09
  +2.68999999999999952316e+09
  +2.69999999999999952316e+09
  +2.70999999999999952316e+09
  +2.71999999999999952316e+09
  +2.72999999999999952316e+09
  +2.73999999999999952316e+09
  +2.74999999999999952316e+09
  +2.75999999999999952316e+09
  +2.76999999999999952316e+09
  +2.77999999999999952316e+09
  +2.78999999999999952316e+09
  +2.79999999999999952316e+09
  +2.80999999999999952316e+09
  +2.81999999999999952316e+09
  +2.82999999999999952316e+09
  +2.83999999999999952316e+09
  +2.84999999999999952316e+09
  +2.85999999999999952316e+09
  +2.86999999999999952316e+09
  +2.87999999999999952316e+09
  +2.88999999999999952316e+09
  +2.89999999999999952316e+09
  +2.90999999999999952316e+09
  +2.91999999999999952316e+09
  +2.92999999999999952316e+09
  +2.93999999999999952316e+09
  +2.94999999999999952316e+09
  +2.95999999999999952316e+09
  +2.96999999999999952316e+09
  +2.97999999999999952316e+09
  +2.98999999999999952316e+09
  +2.99999999999999952316e+09
  +3.00999999999999952316e+09
  +3.01999999999999952316e+09
  +3.02999999999999952316e+09
  +3.03999999999999952316e+09
  +3.04999999999999952316e+09
  +3.05999999999999952316e+09
  +3.06999999999999952316e+09
  +3.07999999999999952316e+09
  +3.08999999999999952316e+09
  +3.09999999999999952316e+09
  +3.10999999999999952316e+09
  +3.11999999999999952316e+09
  +3.12999999999999952316e+09
  +3.13999999999999952316e+09
  +3.14999999999999952316e+09
  +3.15999999999999952316e+09
  +3.16999999999999952316e+09
  +3.17999999999999952316e+09
  +3.18999999999999952316e+09
  +3.19999999999999952316e+09
  +3.20999999999999952316e+09
  +3.21999999999999952316e+09
  +3.22999999999999952316e+09
  +3.23999999999999952316e+09
  +3.24999999999999952316e+09
  +3.25999999999999952316e+09
  +3.26999999999999952316e+09
  +3.27999999999999952316e+09
  +3.28999999999999952316e+09
  +3.29999999999999952316e+09
  +3.30999999999999952316e+09
  +3.31999999999999952316e+09
  +3.32999999999999952316e+09
  +3.33999999999999952316e+09
  +3.34999999999999952316e+09
  +3.35999999999999952316e+09
  +3.36999999999999952316e+09
  +3.37999999999999952316e+09
  +3.38999999999999952316e+09
  +3.39999999999999952316e+09
  +3.40999999999999952316e+09
  +3.41999999999999952316e+09
  +3.42999999999999952316e+09
  +3.43999999999999952316e+09
  +3.44999999999999952316e+09
  +3.45999999999999952316e+09
  +3.46999999999999952316e+09
  +3.47999999999999952316e+09
  +3.48999999999999952316e+09
  +3.49999999999999952316e+09
  +3.50999999999999952316e+09
  +3.51999999999999952316e+09
  +3.52999999999999952316e+09
  +3.53999999999999952316e+09
  +3.54999999999999952316e+09
  +3.55999999999999952316e+09
  +3.56999999999999952316e+09
  +3.57999999999999952316e+09
  +3.58999999999999952316e+09
  +3.59999999999999952316e+09
  +3.60999999999999952316e+09
  +3.61999999999999952316e+09
  +3.62999999999999952316e+09
  +3.63999999999999952316e+09
  +3.64999999999999952316e+09
  +3.65999999999999952316e+09
  +3.66999999999999952316e+09
  +3.67999999999999952316e+09
  +3.68999999999999952316e+09
  +3.69999999999999952316e+09
  +3.70999999999999952316e+09
  +3.71999999999999952316e+09
  +3.72999999999999952316e+09
  +3.73999999999999952316e+09
  +3.74999999999999952316e+09
  +3.75999999999999952316e+09
  +3.76999999999999952316e+09
  +3.77999999999999952316e+09
  +3.78999999999999952316e+09
  +3.79999999999999952316e+09
  +3.80999999999999952316e+09
  +3.81999999999999952316e+09
  +3.82999999999999952316e+09
  +3.83999999999999904633e+09
  +3.84999999999999904633e+09
  +3.85999999999999904633e+09
  +3.86999999999999904633e+09
  +3.87999999999999904633e+09
  +3.88999999999999904633e+09
  +3.89999999999999904633e+09
  +3.90999999999999904633e+09
  +3.91999999999999904633e+09
  +3.92999999999999904633e+09
  +3.93999999999999904633e+09
  +3.94999999999999904633e+09
  +3.95999999999999904633e+09
  +3.96999999999999904633e+09
  +3.97999999999999904633e+09
  +3.98999999999999904633e+09
  +3.99999999999999904633e+09
  +4.00999999999999904633e+09
  +4.01999999999999904633e+09
  +4.02999999999999904633e+09
  +4.03999999999999904633e+09
  +4.04999999999999904633e+09
  +4.05999999999999904633e+09
  +4.06999999999999904633e+09
  +4.07999999999999904633e+09
  +4.08999999999999904633e+09
  +4.09999999999999904633e+09
  +4.10999999999999904633e+09
  +4.11999999999999904633e+09
  +4.12999999999999904633e+09
  +4.13999999999999904633e+09
  +4.14999999999999904633e+09
  +4.15999999999999904633e+09
  +4.16999999999999904633e+09
  +4.17999999999999904633e+09
  +4.18999999999999904633e+09
  +4.19999999999999904633e+09
  +4.20999999999999904633e+09
  +4.21999999999999904633e+09
  +4.22999999999999904633e+09
  +4.23999999999999904633e+09
  +4.24999999999999904633e+09
  +4.25999999999999904633e+09
  +4.26999999999999904633e+09
  +4.27999999999999904633e+09
  +4.28999999999999904633e+09
  +4.29999999999999904633e+09
  +4.30999999999999904633e+09
  +4.31999999999999904633e+09
  +4.32999999999999904633e+09
  +4.33999999999999904633e+09
  +4.34999999999999904633e+09
  +4.35999999999999904633e+09
  +4.36999999999999904633e+09
  +4.37999999999999904633e+09
  +4.38999999999999904633e+09
  +4.39999999999999904633e+09
  +4.40999999999999904633e+09
  +4.41999999999999904633e+09
  +4.42999999999999904633e+09
  +4.43999999999999904633e+09
  +4.44999999999999904633e+09
  +4.45999999999999904633e+09
  +4.46999999999999904633e+09
  +4.47999999999999904633e+09
  +4.48999999999999904633e+09
  +4.49999999999999904633e+09
  +4.50999999999999904633e+09
  +4.51999999999999904633e+09
  +4.52999999999999904633e+09
  +4.53999999999999904633e+09
  +4.54999999999999904633e+09
  +4.55999999999999904633e+09
  +4.56999999999999904633e+09
  +4.57999999999999904633e+09
  +4.58999999999999904633e+09
  +4.59999999999999904633e+09
  +4.60999999999999904633e+09
  +4.61999999999999904633e+09
  +4.62999999999999904633e+09
  +4.63999999999999904633e+09
  +4.64999999999999904633e+09
  +4.65999999999999904633e+09
  +4.66999999999999904633e+09
  +4.67999999999999904633e+09
  +4.68999999999999904633e+09
  +4.69999999999999904633e+09
  +4.70999999999999904633e+09
  +4.71999999999999904633e+09
  +4.72999999999999904633e+09
  +4.73999999999999904633e+09
  +4.74999999999999904633e+09
  +4.75999999999999904633e+09
  +4.76999999999999904633e+09
  +4.77999999999999904633e+09
  +4.78999999999999904633e+09
  +4.79999999999999904633e+09
  +4.80999999999999904633e+09
  +4.81999999999999904633e+09
  +4.82999999999999904633e+09
  +4.83999999999999904633e+09
  +4.84999999999999904633e+09
  +4.85999999999999904633e+09
  +4.86999999999999904633e+09
  +4.87999999999999904633e+09
  +4.88999999999999904633e+09
  +4.89999999999999904633e+09
  +4.90999999999999904633e+09
  +4.91999999999999904633e+09
  +4.92999999999999904633e+09
  +4.93999999999999904633e+09
  +4.94999999999999904633e+09
  +4.95999999999999904633e+09
  +4.96999999999999904633e+09
  +4.97999999999999904633e+09
  +4.98999999999999904633e+09
  +4.99999999999999904633e+09
  +5.00999999999999904633e+09
  +5.01999999999999904633e+09
  +5.02999999999999904633e+09
  +5.03999999999999904633e+09
  +5.04999999999999904633e+09
  +5.05999999999999904633e+09
  +5.06999999999999904633e+09
  +5.07999999999999904633e+09
  +5.08999999999999904633e+09
  +5.09999999999999904633e+09
  +5.10999999999999904633e+09
  +5.11999999999999904633e+09
  +5.12999999999999904633e+09
  +5.13999999999999904633e+09
  +5.14999999999999904633e+09
  +5.15999999999999904633e+09
  +5.16999999999999904633e+09
  +5.17999999999999904633e+09
  +5.18999999999999904633e+09
  +5.19999999999999904633e+09
  +5.20999999999999904633e+09
  +5.21999999999999904633e+09
  +5.22999999999999904633e+09
  +5.23999999999999904633e+09
  +5.24999999999999904633e+09
  +5.25999999999999904633e+09
  +5.26999999999999904633e+09
  +5.27999999999999904633e+09
  +5.28999999999999904633e+09
  +5.29999999999999904633e+09
  +5.30999999999999904633e+09
  +5.31999999999999904633e+09
  +5.32999999999999904633e+09
  +5.33999999999999904633e+09
  +5.34999999999999904633e+09
  +5.35999999999999904633e+09
  +5.36999999999999904633e+09
  +5.37999999999999904633e+09
  +5.38999999999999904633e+09
  +5.39999999999999904633e+09
  +5.40999999999999904633e+09
  +5.41999999999999904633e+09
  +5.42999999999999904633e+09
  +5.43999999999999904633e+09
  +5.44999999999999904633e+09
  +5.45999999999999904633e+09
  +5.46999999999999904633e+09
  +5.47999999999999904633e+09
  +5.48999999999999904633e+09
  +5.49999999999999904633e+09
  +5.50999999999999904633e+09
  +5.51999999999999904633e+09
  +5.52999999999999904633e+09
  +5.53999999999999904633e+09
  +5.54999999999999904633e+09
  +5.55999999999999904633e+09
  +5.56999999999999904633e+09
  +5.57999999999999904633e+09
  +5.58999999999999904633e+09
  +5.59999999999999904633e+09
  +5.60999999999999904633e+09
  +5.61999999999999904633e+09
  +5.62999999999999904633e+09
  +5.63999999999999904633e+09
  +5.64999999999999904633e+09
  +5.65999999999999904633e+09
  +5.66999999999999904633e+09
  +5.67999999999999904633e+09
  +5.68999999999999904633e+09
  +5.69999999999999904633e+09
  +5.70999999999999904633e+09
  +5.71999999999999904633e+09
  +5.72999999999999904633e+09
  +5.73999999999999904633e+09
  +5.74999999999999904633e+09
  +5.75999999999999904633e+09
  +5.76999999999999904633e+09
  +5.77999999999999904633e+09
  +5.78999999999999904633e+09
  +5.79999999999999904633e+09
  +5.80999999999999904633e+09
  +5.81999999999999904633e+09
  +5.82999999999999904633e+09
  +5.83999999999999904633e+09
  +5.84999999999999904633e+09
  +5.85999999999999904633e+09
  +5.86999999999999904633e+09
  +5.87999999999999904633e+09
  +5.88999999999999904633e+09
  +5.89999999999999904633e+09
  +5.90999999999999904633e+09
  +5.91999999999999904633e+09
  +5.92999999999999904633e+09
  +5.93999999999999904633e+09
  +5.94999999999999904633e+09
  +5.95999999999999904633e+09
  +5.96999999999999904633e+09
  +5.97999999999999904633e+09
  +5.98999999999999904633e+09
  +5.99999999999999904633e+09
  +6.00999999999999904633e+09
  +6.01999999999999904633e+09
  +6.02999999999999904633e+09
  +6.03999999999999904633e+09
  +6.04999999999999904633e+09
  +6.05999999999999904633e+09
  +6.06999999999999904633e+09
  +6.07999999999999904633e+09
  +6.08999999999999904633e+09
  +6.09999999999999904633e+09
  +6.10999999999999904633e+09
  +6.11999999999999904633e+09
  +6.12999999999999904633e+09
  +6.13999999999999904633e+09
  +6.14999999999999904633e+09
  +6.15999999999999904633e+09
  +6.16999999999999904633e+09
  +6.17999999999999904633e+09
  +6.18999999999999904633e+09
  +6.19999999999999904633e+09
  +6.20999999999999904633e+09
  +6.21999999999999904633e+09
  +6.22999999999999904633e+09
  +6.23999999999999904633e+09
  +6.24999999999999904633e+09
  +6.25999999999999904633e+09
  +6.26999999999999904633e+09
  +6.27999999999999904633e+09
  +6.28999999999999904633e+09
  +6.29999999999999904633e+09
  +6.30999999999999904633e+09
  +6.31999999999999904633e+09
  +6.32999999999999904633e+09
  +6.33999999999999904633e+09
  +6.34999999999999904633e+09
  +6.35999999999999904633e+09
  +6.36999999999999904633e+09
  +6.37999999999999904633e+09
  +6.38999999999999904633e+09
  +6.39999999999999904633e+09
  +6.40999999999999904633e+09
  +6.41999999999999904633e+09
  +6.42999999999999904633e+09
  +6.43999999999999904633e+09
  +6.44999999999999904633e+09
  +6.45999999999999904633e+09
  +6.46999999999999904633e+09
  +6.47999999999999904633e+09
  +6.48999999999999904633e+09
  +6.49999999999999904633e+09
  +6.50999999999999904633e+09
  +6.51999999999999904633e+09
  +6.52999999999999904633e+09
  +6.53999999999999904633e+09
  +6.54999999999999904633e+09
  +6.55999999999999904633e+09
  +6.56999999999999904633e+09
  +6.57999999999999904633e+09
  +6.58999999999999904633e+09
  +6.59999999999999904633e+09
  +6.60999999999999904633e+09
  +6.61999999999999904633e+09
  +6.62999999999999904633e+09
  +6.63999999999999904633e+09
  +6.64999999999999904633e+09
  +6.65999999999999904633e+09
  +6.66999999999999904633e+09
  +6.67999999999999904633e+09
  +6.68999999999999904633e+09
  +6.69999999999999904633e+09
  +6.70999999999999904633e+09
  +6.71999999999999904633e+09
  +6.72999999999999904633e+09
  +6.73999999999999904633e+09
  +6.74999999999999904633e+09
  +6.75999999999999904633e+09
  +6.76999999999999904633e+09
  +6.77999999999999904633e+09
  +6.78999999999999904633e+09
  +6.79999999999999904633e+09
  +6.80999999999999904633e+09
  +6.81999999999999904633e+09
  +6.82999999999999904633e+09
  +6.83999999999999904633e+09
  +6.84999999999999904633e+09
  +6.85999999999999904633e+09
  +6.86999999999999904633e+09
  +6.87999999999999904633e+09
  +6.88999999999999904633e+09
  +6.89999999999999904633e+09
  +6.90999999999999904633e+09
  +6.91999999999999904633e+09
  +6.92999999999999904633e+09
  +6.93999999999999904633e+09
  +6.94999999999999904633e+09
  +6.95999999999999904633e+09
  +6.96999999999999904633e+09
  +6.97999999999999904633e+09
  +6.98999999999999904633e+09
  +6.99999999999999904633e+09
  +7.00999999999999904633e+09
  +7.01999999999999904633e+09
  +7.02999999999999904633e+09
  +7.03999999999999904633e+09
  +7.04999999999999904633e+09
  +7.05999999999999904633e+09
  +7.06999999999999904633e+09
  +7.07999999999999904633e+09
  +7.08999999999999904633e+09
  +7.09999999999999904633e+09
  +7.10999999999999904633e+09
  +7.11999999999999904633e+09
  +7.12999999999999904633e+09
  +7.13999999999999904633e+09
  +7.14999999999999904633e+09
  +7.15999999999999904633e+09
  +7.16999999999999904633e+09
  +7.17999999999999904633e+09
  +7.18999999999999904633e+09
  +7.19999999999999904633e+09
  +7.20999999999999904633e+09
  +7.21999999999999904633e+09
  +7.22999999999999904633e+09
  +7.23999999999999904633e+09
  +7.24999999999999904633e+09
  +7.25999999999999904633e+09
  +7.26999999999999904633e+09
  +7.27999999999999904633e+09
  +7.28999999999999904633e+09
  +7.29999999999999904633e+09
  +7.30999999999999904633e+09
  +7.31999999999999904633e+09
  +7.32999999999999904633e+09
  +7.33999999999999904633e+09
  +7.34999999999999904633e+09
  +7.35999999999999904633e+09
  +7.36999999999999904633e+09
  +7.37999999999999904633e+09
  +7.38999999999999904633e+09
  +7.39999999999999904633e+09
  +7.40999999999999904633e+09
  +7.41999999999999904633e+09
  +7.42999999999999904633e+09
  +7.43999999999999904633e+09
  +7.44999999999999904633e+09
  +7.45999999999999904633e+09
  +7.46999999999999904633e+09
  +7.47999999999999904633e+09
  +7.48999999999999904633e+09
  +7.49999999999999904633e+09
  +7.50999999999999904633e+09
  +7.51999999999999904633e+09
  +7.52999999999999904633e+09
  +7.53999999999999904633e+09
  +7.54999999999999904633e+09
  +7.55999999999999904633e+09
  +7.56999999999999904633e+09
  +7.57999999999999904633e+09
  +7.58999999999999904633e+09
  +7.59999999999999904633e+09
  +7.60999999999999904633e+09
  +7.61999999999999904633e+09
  +7.62999999999999904633e+09
  +7.63999999999999904633e+09
  +7.64999999999999904633e+09
  +7.65999999999999904633e+09
  +7.66999999999999904633e+09
  +7.67999999999999809265e+09
  +7.68999999999999809265e+09
  +7.69999999999999809265e+09
  +7.70999999999999809265e+09
  +7.71999999999999809265e+09
  +7.72999999999999809265e+09
  +7.73999999999999809265e+09
  +7.74999999999999809265e+09
  +7.75999999999999809265e+09
  +7.76999999999999809265e+09
  +7.77999999999999809265e+09
  +7.78999999999999809265e+09
  +7.79999999999999809265e+09
  +7.80999999999999809265e+09
  +7.81999999999999809265e+09
  +7.82999999999999809265e+09
  +7.83999999999999809265e+09
  +7.84999999999999809265e+09
  +7.85999999999999809265e+09
  +7.86999999999999809265e+09
  +7.87999999999999809265e+09
  +7.88999999999999809265e+09
  +7.89999999999999809265e+09
  +7.90999999999999809265e+09
  +7.91999999999999809265e+09
  +7.92999999999999809265e+09
  +7.93999999999999809265e+09
  +7.94999999999999809265e+09
  +7.95999999999999809265e+09
  +7.96999999999999809265e+09
  +7.97999999999999809265e+09
  +7.98999999999999809265e+09
  +7.99999999999999809265e+09
  +8.00999999999999809265e+09
  +8.01999999999999809265e+09
  +8.02999999999999809265e+09
  +8.03999999999999809265e+09
  +8.04999999999999809265e+09
  +8.05999999999999809265e+09
  +8.06999999999999809265e+09
  +8.07999999999999809265e+09
  +8.08999999999999809265e+09
  +8.09999999999999809265e+09
  +8.10999999999999809265e+09
  +8.11999999999999809265e+09
  +8.12999999999999809265e+09
  +8.13999999999999809265e+09
  +8.14999999999999809265e+09
  +8.15999999999999809265e+09
  +8.16999999999999809265e+09
  +8.17999999999999809265e+09
  +8.18999999999999809265e+09
  +8.19999999999999809265e+09
  +8.20999999999999809265e+09
  +8.21999999999999809265e+09
  +8.22999999999999809265e+09
  +8.23999999999999809265e+09
  +8.24999999999999809265e+09
  +8.25999999999999809265e+09
  +8.26999999999999809265e+09
  +8.27999999999999809265e+09
  +8.28999999999999809265e+09
  +8.29999999999999809265e+09
  +8.30999999999999809265e+09
  +8.31999999999999809265e+09
  +8.32999999999999809265e+09
  +8.33999999999999809265e+09
  +8.34999999999999809265e+09
  +8.35999999999999809265e+09
  +8.36999999999999809265e+09
  +8.37999999999999809265e+09
  +8.38999999999999809265e+09
  +8.39999999999999809265e+09
  +8.40999999999999809265e+09
  +8.41999999999999809265e+09
  +8.42999999999999809265e+09
  +8.43999999999999809265e+09
  +8.44999999999999809265e+09
  +8.45999999999999809265e+09
  +8.46999999999999809265e+09
  +8.47999999999999809265e+09
  +8.48999999999999809265e+09
  +8.49999999999999809265e+09
  +8.50999999999999809265e+09
  +8.51999999999999809265e+09
  +8.52999999999999809265e+09
  +8.53999999999999809265e+09
  +8.54999999999999809265e+09
  +8.55999999999999809265e+09
  +8.56999999999999809265e+09
  +8.57999999999999809265e+09
  +8.58999999999999809265e+09
  +8.59999999999999809265e+09
  +8.60999999999999809265e+09
  +8.61999999999999809265e+09
  +8.62999999999999809265e+09
  +8.63999999999999809265e+09
  +8.64999999999999809265e+09
  +8.65999999999999809265e+09
  +8.66999999999999809265e+09
  +8.67999999999999809265e+09
  +8.68999999999999809265e+09
  +8.69999999999999809265e+09
  +8.70999999999999809265e+09
  +8.71999999999999809265e+09
  +8.72999999999999809265e+09
  +8.73999999999999809265e+09
  +8.74999999999999809265e+09
  +8.75999999999999809265e+09
  +8.76999999999999809265e+09
  +8.77999999999999809265e+09
  +8.78999999999999809265e+09
  +8.79999999999999809265e+09
  +8.80999999999999809265e+09
  +8.81999999999999809265e+09
  +8.82999999999999809265e+09
  +8.83999999999999809265e+09
  +8.84999999999999809265e+09
  +8.85999999999999809265e+09
  +8.86999999999999809265e+09
  +8.87999999999999809265e+09
  +8.88999999999999809265e+09
  +8.89999999999999809265e+09
  +8.90999999999999809265e+09
  +8.91999999999999809265e+09
  +8.92999999999999809265e+09
  +8.93999999999999809265e+09
  +8.94999999999999809265e+09
  +8.95999999999999809265e+09
  +8.96999999999999809265e+09
  +8.97999999999999809265e+09
  +8.98999999999999809265e+09
  +8.99999999999999809265e+09
  +9.00999999999999809265e+09
  +9.01999999999999809265e+09
  +9.02999999999999809265e+09
  +9.03999999999999809265e+09
  +9.04999999999999809265e+09
  +9.05999999999999809265e+09
  +9.06999999999999809265e+09
  +9.07999999999999809265e+09
  +9.08999999999999809265e+09
  +9.09999999999999809265e+09
  +9.10999999999999809265e+09
  +9.11999999999999809265e+09
  +9.12999999999999809265e+09
  +9.13999999999999809265e+09
  +9.14999999999999809265e+09
  +9.15999999999999809265e+09
  +9.16999999999999809265e+09
  +9.17999999999999809265e+09
  +9.18999999999999809265e+09
  +9.19999999999999809265e+09
  +9.20999999999999809265e+09
  +9.21999999999999809265e+09
  +9.22999999999999809265e+09
  +9.23999999999999809265e+09
  +9.24999999999999809265e+09
  +9.25999999999999809265e+09
  +9.26999999999999809265e+09
  +9.27999999999999809265e+09
  +9.28999999999999809265e+09
  +9.29999999999999809265e+09
  +9.30999999999999809265e+09
  +9.31999999999999809265e+09
  +9.32999999999999809265e+09
  +9.33999999999999809265e+09
  +9.34999999999999809265e+09
  +9.35999999999999809265e+09
  +9.36999999999999809265e+09
  +9.37999999999999809265e+09
  +9.38999999999999809265e+09
  +9.39999999999999809265e+09
  +9.40999999999999809265e+09
  +9.41999999999999809265e+09
  +9.42999999999999809265e+09
  +9.43999999999999809265e+09
  +9.44999999999999809265e+09
  +9.45999999999999809265e+09
  +9.46999999999999809265e+09
  +9.47999999999999809265e+09
  +9.48999999999999809265e+09
  +9.49999999999999809265e+09
  +9.50999999999999809265e+09
  +9.51999999999999809265e+09
  +9.52999999999999809265e+09
  +9.53999999999999809265e+09
  +9.54999999999999809265e+09
  +9.55999999999999809265e+09
  +9.56999999999999809265e+09
  +9.57999999999999809265e+09
  +9.58999999999999809265e+09
  +9.59999999999999809265e+09
  +9.60999999999999809265e+09
  +9.61999999999999809265e+09
  +9.62999999999999809265e+09
  +9.63999999999999809265e+09
  +9.64999999999999809265e+09
  +9.65999999999999809265e+09
  +9.66999999999999809265e+09
  +9.67999999999999809265e+09
  +9.68999999999999809265e+09
  +9.69999999999999809265e+09
  +9.70999999999999809265e+09
  +9.71999999999999809265e+09
  +9.72999999999999809265e+09
  +9.73999999999999809265e+09
  +9.74999999999999809265e+09
  +9.75999999999999809265e+09
  +9.76999999999999809265e+09
  +9.77999999999999809265e+09
  +9.78999999999999809265e+09
  +9.79999999999999809265e+09
  +9.80999999999999809265e+09
  +9.81999999999999809265e+09
  +9.82999999999999809265e+09
  +9.83999999999999809265e+09
  +9.84999999999999809265e+09
  +9.85999999999999809265e+09
  +9.86999999999999809265e+09
  +9.87999999999999809265e+09
  +9.88999999999999809265e+09
  +9.89999999999999809265e+09
  +9.90999999999999809265e+09
  +9.91999999999999809265e+09
  +9.92999999999999809265e+09
  +9.93999999999999809265e+09
  +9.94999999999999809265e+09
  +9.95999999999999809265e+09
  +9.96999999999999809265e+09
  +9.97999999999999809265e+09
  +9.98999999999999809265e+09
</indep>
<indep Frequency.0002 1000>
  +0.00000000000000000000e+00
  +9.99999999999999813735e+06
  +1.99999999999999962747e+07
  +2.99999999999999925494e+07
  +3.99999999999999925494e+07
  +4.99999999999999925494e+07
  +5.99999999999999850988e+07
  +6.99999999999999850988e+07
  +7.99999999999999850988e+07
  +8.99999999999999850988e+07
  +9.99999999999999850988e+07
  +1.09999999999999985099e+08
  +1.19999999999999970198e+08
  +1.29999999999999970198e+08
  +1.39999999999999970198e+08
  +1.49999999999999970198e+08
  +1.59999999999999970198e+08
  +1.69999999999999970198e+08
  +1.79999999999999970198e+08
  +1.89999999999999970198e+08
  +1.99999999999999970198e+08
  +2.09999999999999970198e+08
  +2.19999999999999970198e+08
  +2.29999999999999970198e+08
  +2.39999999999999940395e+08
  +2.49999999999999940395e+08
  +2.59999999999999940395e+08
  +2.69999999999999940395e+08
  +2.79999999999999940395e+08
  +2.89999999999999940395e+08
  +2.99999999999999940395e+08
  +3.09999999999999940395e+08
  +3.19999999999999940395e+08
  +3.29999999999999940395e+08
  +3.39999999999999940395e+08
  +3.49999999999999940395e+08
  +3.59999999999999940395e+08
  +3.69999999999999940395e+08
  +3.79999999999999940395e+08
  +3.89999999999999940395e+08
  +3.99999999999999940395e+08
  +4.09999999999999940395e+08
  +4.19999999999999940395e+08
  +4.29999999999999940395e+08
  +4.39999999999999940395e+08
  +4.49999999999999940395e+08
  +4.59999999999999940395e+08
  +4.69999999999999940395e+08
  +4.79999999999999880791e+08
  +4.89999999999999880791e+08
  +4.99999999999999880791e+08
  +5.09999999999999880791e+08
  +5.19999999999999880791e+08
  +5.29999999999999880791e+08
  +5.39999999999999880791e+08
  +5.49999999999999880791e+08
  +5.59999999999999880791e+08
  +5.69999999999999880791e+08
  +5.79999999999999880791e+08
  +5.89999999999999880791e+08
  +5.99999999999999880791e+08
  +6.09999999999999880791e+08
  +6.19999999999999880791e+08
  +6.29999999999999880791e+08
  +6.39999999999999880791e+08
  +6.49999999999999880791e+08
  +6.59999999999999880791e+08
  +6.69999999999999880791e+08
  +6.79999999999999880791e+08
  +6.89999999999999880791e+08
  +6.99999999999999880791e+08
  +7.09999999999999880791e+08
  +7.19999999999999880791e+08
  +7.29999999999999880791e+08
  +7.39999999999999880791e+08
  +7.49999999999999880791e+08
  +7.59999999999999880791e+08
  +7.69999999999999880791e+08
  +7.79999999999999880791e+08
  +7.89999999999999880791e+08
  +7.99999999999999880791e+08
  +8.09999999999999880791e+08
  +8.19999999999999880791e+08
  +8.29999999999999880791e+08
  +8.39999999999999880791e+08
  +8.49999999999999880791e+08
  +8.59999999999999880791e+08
  +8.69999999999999880791e+08
  +8.79999999999999880791e+08
  +8.89999999999999880791e+08
  +8.99999999999999880791e+08
  +9.09999999999999880791e+08
  +9.19999999999999880791e+08
  +9.29999999999999880791e+08
  +9.39999999999999880791e+08
  +9.49999999999999880791e+08
  +9.59999999999999761581e+08
  +9.69999999999999761581e+08
  +9.79999999999999761581e+08
  +9.89999999999999761581e+08
  +9.99999999999999761581e+08
  +1.00999999999999976158e+09
  +1.01999999999999976158e+09
  +1.02999999999999976158e+09
  +1.03999999999999976158e+09
  +1.04999999999999976158e+09
  +1.05999999999999976158e+09
  +1.06999999999999976158e+09
  +1.07999999999999976158e+09
  +1.08999999999999976158e+09
  +1.09999999999999976158e+09
  +1.10999999999999976158e+09
  +1.11999999999999976158e+09
  +1.12999999999999976158e+09
  +1.13999999999999976158e+09
  +1.14999999999999976158e+09
  +1.15999999999999976158e+09
  +1.16999999999999976158e+09
  +1.17999999999999976158e+09
  +1.18999999999999976158e+09
  +1.19999999999999976158e+09
  +1.20999999999999976158e+09
  +1.21999999999999976158e+09
  +1.22999999999999976158e+09
  +1.23999999999999976158e+09
  +1.24999999999999976158e+09
  +1.25999999999999976158e+09
  +1.26999999999999976158e+09
  +1.27999999999999976158e+09
  +1.28999999999999976158e+09
  +1.29999999999999976158e+09
  +1.30999999999999976158e+09
  +1.31999999999999976158e+09
  +1.32999999999999976158e+09
  +1.33999999999999976158e+09
  +1.34999999999999976158e+09
  +1.35999999999999976158e+09
  +1.36999999999999976158e+09
  +1.37999999999999976158e+09
  +1.38999999999999976158e+09
  +1.39999999999999976158e+09
  +1.40999999999999976158e+09
  +1.41999999999999976158e+09
  +1.42999999999999976158e+09
  +1.43999999999999976158e+09
  +1.44999999999999976158e+09
  +1.45999999999999976158e+09
  +1.46999999999999976158e+09
  +1.47999999999999976158e+09
  +1.48999999999999976158e+09
  +1.49999999999999976158e+09
  +1.50999999999999976158e+09
  +1.51999999999999976158e+09
  +1.52999999999999976158e+09
  +1.53999999999999976158e+09
  +1.54999999999999976158e+09
  +1.55999999999999976158e+09
  +1.56999999999999976158e+09
  +1.57999999999999976158e+09
  +1.58999999999999976158e+09
  +1.59999999999999976158e+09
  +1.60999999999999976158e+09
  +1.61999999999999976158e+09
  +1.62999999999999976158e+09
  +1.63999999999999976158e+09
  +1.64999999999999976158e+09
  +1.65999999999999976158e+09
  +1.66999999999999976158e+09
  +1.67999999999999976158e+09
  +1.68999999999999976158e+09
  +1.69999999999999976158e+09
  +1.70999999999999976158e+09
  +1.71999999999999976158e+09
  +1.72999999999999976158e+09
  +1.73999999999999976158e+09
  +1.74999999999999976158e+09
  +1.75999999999999976158e+09
  +1.76999999999999976158e+09
  +1.77999999999999976158e+09
  +1.78999999999999976158e+09
  +1.79999999999999976158e+09
  +1.80999999999999976158e+09
  +1.81999999999999976158e+09
  +1.82999999999999976158e+09
  +1.83999999999999976158e+09
  +1.84999999999999976158e+09
  +1.85999999999999976158e+09
  +1.86999999999999976158e+09
  +1.87999999999999976158e+09
  +1.88999999999999976158e+09
  +1.89999999999999976158e+09
  +1.90999999999999976158e+09
  +1.91999999999999952316e+09
  +1.92999999999999952316e+09
  +1.93999999999999952316e+09
  +1.94999999999999952316e+09
  +1.95999999999999952316e+09
  +1.96999999999999952316e+09
  +1.97999999999999952316e+09
  +1.98999999999999952316e+09
  +1.99999999999999952316e+09
  +2.00999999999999952316e+09
  +2.01999999999999952316e+09
  +2.02999999999999952316e+09
  +2.03999999999999952316e+09
  +2.04999999999999952316e+09
  +2.05999999999999952316e+09
  +2.06999999999999952316e+09
  +2.07999999999999952316e+09
  +2.08999999999999952316e+09
  +2.09999999999999952316e+09
  +2.10999999999999952316e+09
  +2.11999999999999952316e+09
  +2.12999999999999952316e+09
  +2.13999999999999952316e+09
  +2.14999999999999952316e+09
  +2.15999999999999952316e+09
  +2.16999999999999952316e+09
  +2.17999999999999952316e+09
  +2.18999999999999952316e+09
  +2.19999999999999952316e+09
  +2.20999999999999952316e+09
  +2.21999999999999952316e+09
  +2.22999999999999952316e+09
  +2.23999999999999952316e+09
  +2.24999999999999952316e+09
  +2.25999999999999952316e+09
  +2.26999999999999952316e+09
  +2.27999999999999952316e+09
  +2.28999999999999952316e+09
  +2.29999999999999952316e+09
  +2.30999999999999952316e+09
  +2.31999999999999952316e+09
  +2.32999999999999952316e+09
  +2.33999999999999952316e+09
  +2.34999999999999952316e+09
  +2.35999999999999952316e+09
  +2.36999999999999952316e+09
  +2.37999999999999952316e+09
  +2.38999999999999952316e+09
  +2.39999999999999952316e+09
  +2.40999999999999952316e+09
  +2.41999999999999952316e+09
  +2.42999999999999952316e+09
  +2.43999999999999952316e+09
  +2.44999999999999952316e+09
  +2.45999999999999952316e+09
  +2.46999999999999952316e+09
  +2.47999999999999952316e+09
  +2.48999999999999952316e+09
  +2.49999999999999952316e+09
  +2.50999999999999952316e+09
  +2.51999999999999952316e+09
  +2.52999999999999952316e+09
  +2.53999999999999952316e+09
  +2.54999999999999952316e+09
  +2.55999999999999952316e+09
  +2.56999999999999952316e+09
  +2.57999999999999952316e+09
  +2.58999999999999952316e+09
  +2.59999999999999952316e+09
  +2.60999999999999952316e+09
  +2.61999999999999952316e+09
  +2.62999999999999952316e+09
  +2.63999999999999952316e+09
  +2.64999999999999952316e+09
  +2.65999999999999952316e+09
  +2.66999999999999952316e+09
  +2.67999999999999952316e+09
  +2.68999999999999952316e+09
  +2.69999999999999952316e+09
  +2.70999999999999952316e+09
  +2.71999999999999952316e+09
  +2.72999999999999952316e+09
  +2.73999999999999952316e+09
  +2.74999999999999952316e+09
  +2.75999999999999952316e+09
  +2.76999999999999952316e+09
  +2.77999999999999952316e+09
  +2.78999999999999952316e+09
  +2.79999999999999952316e+09
  +2.80999999999999952316e+09
  +2.81999999999999952316e+09
  +2.82999999999999952316e+09
  +2.83999999999999952316e+09
  +2.84999999999999952316e+09
  +2.85999999999999952316e+09
  +2.86999999999999952316e+09
  +2.87999999999999952316e+09
  +2.88999999999999952316e+09
  +2.89999999999999952316e+09
  +2.90999999999999952316e+09
  +2.91999999999999952316e+09
  +2.92999999999999952316e+09
  +2.93999999999999952316e+09
  +2.94999999999999952316e+09
  +2.95999999999999952316e+09
  +2.96999999999999952316e+09
  +2.97999999999999952316e+09
  +2.98999999999999952316e+09
  +2.99999999999999952316e+09
  +3.00999999999999952316e+09
  +3.01999999999999952316e+09
  +3.02999999999999952316e+09
  +3.03999999999999952316e+09
  +3.04999999999999952316e+09
  +3.05999999999999952316e+09
  +3.06999999999999952316e+09
  +3.07999999999999952316e+09
  +3.08999999999999952316e+09
  +3.09999999999999952316e+09
  +3.10999999999999952316e+09
  +3.11999999999999952316e+09
  +3.12999999999999952316e+09
  +3.13999999999999952316e+09
  +3.14999999999999952316e+09
  +3.15999999999999952316e+09
  +3.16999999999999952316e+09
  +3.17999999999999952316e+09
  +3.18999999999999952316e+09
  +3.19999999999999952316e+09
  +3.20999999999999952316e+09
  +3.21999999999999952316e+09
  +3.22999999999999952316e+09
  +3.23999999999999952316e+09
  +3.24999999999999952316e+09
  +3.25999999999999952316e+09
  +3.26999999999999952316e+09
  +3.27999999999999952316e+09
  +3.28999999999999952316e+09
  +3.29999999999999952316e+09
  +3.30999999999999952316e+09
  +3.31999999999999952316e+09
  +3.32999999999999952316e+09
  +3.33999999999999952316e+09
  +3.34999999999999952316e+09
  +3.35999999999999952316e+09
  +3.36999999999999952316e+09
  +3.37999999999999952316e+09
  +3.38999999999999952316e+09
  +3.39999999999999952316e+09
  +3.40999999999999952316e+09
  +3.41999999999999952316e+09
  +3.42999999999999952316e+09
  +3.43999999999999952316e+09
  +3.44999999999999952316e+09
  +3.45999999999999952316e+09
  +3.46999999999999952316e+09
  +3.47999999999999952316e+09
  +3.48999999999999952316e+09
  +3.49999999999999952316e+09
  +3.50999999999999952316e+09
  +3.51999999999999952316e+09
  +3.52999999999999952316e+09
  +3.53999999999999952316e+09
  +3.54999999999999952316e+09
  +3.55999999999999952316e+09
  +3.56999999999999952316e+09
  +3.57999999999999952316e+09
  +3.58999999999999952316e+09
  +3.59999999999999952316e+09
  +3.60999999999999952316e+09
  +3.61999999999999952316e+09
  +3.62999999999999952316e+09
  +3.63999999999999952316e+09
  +3.64999999999999952316e+09
  +3.65999999999999952316e+09
  +3.66999999999999952316e+09
  +3.67999999999999952316e+09
  +3.68999999999999952316e+09
  +3.69999999999999952316e+09
  +3.70999999999999952316e+09
  +3.71999999999999952316e+09
  +3.72999999999999952316e+09
  +3.73999999999999952316e+09
  +3.74999999999999952316e+09
  +3.75999999999999952316e+09
  +3.76999999999999952316e+09
  +3.77999999999999952316e+09
  +3.78999999999999952316e+09
  +3.79999999999999952316e+09
  +3.80999999999999952316e+09
  +3.81999999999999952316e+09
  +3.82999999999999952316e+09
  +3.83999999999999904633e+09
  +3.84999999999999904633e+09
  +3.85999999999999904633e+09
  +3.86999999999999904633e+09
  +3.87999999999999904633e+09
  +3.88999999999999904633e+09
  +3.89999999999999904633e+09
  +3.90999999999999904633e+09
  +3.91999999999999904633e+09
  +3.92999999999999904633e+09
  +3.93999999999999904633e+09
  +3.94999999999999904633e+09
  +3.95999999999999904633e+09
  +3.96999999999999904633e+09
  +3.97999999999999904633e+09
  +3.98999999999999904633e+09
  +3.99999999999999904633e+09
  +4.00999999999999904633e+09
  +4.01999999999999904633e+09
  +4.02999999999999904633e+09
  +4.03999999999999904633e+09
  +4.04999999999999904633e+09
  +4.05999999999999904633e+09
  +4.06999999999999904633e+09
  +4.07999999999999904633e+09
  +4.08999999999999904633e+09
  +4.09999999999999904633e+09
  +4.10999999999999904633e+09
  +4.11999999999999904633e+09
  +4.12999999999999904633e+09
  +4.13999999999999904633e+09
  +4.14999999999999904633e+09
  +4.15999999999999904633e+09
  +4.16999999999999904633e+09
  +4.17999999999999904633e+09
  +4.18999999999999904633e+09
  +4.19999999999999904633e+09
  +4.20999999999999904633e+09
  +4.21999999999999904633e+09
  +4.22999999999999904633e+09
  +4.23999999999999904633e+09
  +4.24999999999999904633e+09
  +4.25999999999999904633e+09
  +4.26999999999999904633e+09
  +4.27999999999999904633e+09
  +4.28999999999999904633e+09
  +4.29999999999999904633e+09
  +4.30999999999999904633e+09
  +4.31999999999999904633e+09
  +4.32999999999999904633e+09
  +4.33999999999999904633e+09
  +4.34999999999999904633e+09
  +4.35999999999999904633e+09
  +4.36999999999999904633e+09
  +4.37999999999999904633e+09
  +4.38999999999999904633e+09
  +4.39999999999999904633e+09
  +4.40999999999999904633e+09
  +4.41999999999999904633e+09
  +4.42999999999999904633e+09
  +4.43999999999999904633e+09
  +4.44999999999999904633e+09
  +4.45999999999999904633e+09
  +4.46999999999999904633e+09
  +4.47999999999999904633e+09
  +4.48999999999999904633e+09
  +4.49999999999999904633e+09
  +4.50999999999999904633e+09
  +4.51999999999999904633e+09
  +4.52999999999999904633e+09
  +4.53999999999999904633e+09
  +4.54999999999999904633e+09
  +4.55999999999999904633e+09
  +4.56999999999999904633e+09
  +4.57999999999999904633e+09
  +4.58999999999999904633e+09
  +4.59999999999999904633e+09
  +4.60999999999999904633e+09
  +4.61999999999999904633e+09
  +4.62999999999999904633e+09
  +4.63999999999999904633e+09
  +4.64999999999999904633e+09
  +4.65999999999999904633e+09
  +4.66999999999999904633e+09
  +4.67999999999999904633e+09
  +4.68999999999999904633e+09
  +4.69999999999999904633e+09
  +4.70999999999999904633e+09
  +4.71999999999999904633e+09
  +4.72999999999999904633e+09
  +4.73999999999999904633e+09
  +4.74999999999999904633e+09
  +4.75999999999999904633e+09
  +4.76999999999999904633e+09
  +4.77999999999999904633e+09
  +4.78999999999999904633e+09
  +4.79999999999999904633e+09
  +4.80999999999999904633e+09
  +4.81999999999999904633e+09
  +4.82999999999999904633e+09
  +4.83999999999999904633e+09
  +4.84999999999999904633e+09
  +4.85999999999999904633e+09
  +4.86999999999999904633e+09
  +4.87999999999999904633e+09
  +4.88999999999999904633e+09
  +4.89999999999999904633e+09
  +4.90999999999999904633e+09
  +4.91999999999999904633e+09
  +4.92999999999999904633e+09
  +4.93999999999999904633e+09
  +4.94999999999999904633e+09
  +4.95999999999999904633e+09
  +4.96999999999999904633e+09
  +4.97999999999999904633e+09
  +4.98999999999999904633e+09
  +4.99999999999999904633e+09
  +5.00999999999999904633e+09
  +5.01999999999999904633e+09
  +5.02999999999999904633e+09
  +5.03999999999999904633e+09
  +5.04999999999999904633e+09
  +5.05999999999999904633e+09
  +5.06999999999999904633e+09
  +5.07999999999999904633e+09
  +5.08999999999999904633e+09
  +5.09999999999999904633e+09
  +5.10999999999999904633e+09
  +5.11999999999999904633e+09
  +5.12999999999999904633e+09
  +5.13999999999999904633e+09
  +5.14999999999999904633e+09
  +5.15999999999999904633e+09
  +5.16999999999999904633e+09
  +5.17999999999999904633e+09
  +5.18999999999999904633e+09
  +5.19999999999999904633e+09
  +5.20999999999999904633e+09
  +5.21999999999999904633e+09
  +5.22999999999999904633e+09
  +5.23999999999999904633e+09
  +5.24999999999999904633e+09
  +5.25999999999999904633e+09
  +5.26999999999999904633e+09
  +5.27999999999999904633e+09
  +5.28999999999999904633e+09
  +5.29999999999999904633e+09
  +5.30999999999999904633e+09
  +5.31999999999999904633e+09
  +5.32999999999999904633e+09
  +5.33999999999999904633e+09
  +5.34999999999999904633e+09
  +5.35999999999999904633e+09
  +5.36999999999999904633e+09
  +5.37999999999999904633e+09
  +5.38999999999999904633e+09
  +5.39999999999999904633e+09
  +5.40999999999999904633e+09
  +5.41999999999999904633e+09
  +5.42999999999999904633e+09
  +5.43999999999999904633e+09
  +5.44999999999999904633e+09
  +5.45999999999999904633e+09
  +5.46999999999999904633e+09
  +5.47999999999999904633e+09
  +5.48999999999999904633e+09
  +5.49999999999999904633e+09
  +5.50999999999999904633e+09
  +5.51999999999999904633e+09
  +5.52999999999999904633e+09
  +5.53999999999999904633e+09
  +5.54999999999999904633e+09
  +5.55999999999999904633e+09
  +5.56999999999999904633e+09
  +5.57999999999999904633e+09
  +5.58999999999999904633e+09
  +5.59999999999999904633e+09
  +5.60999999999999904633e+09
  +5.61999999999999904633e+09
  +5.62999999999999904633e+09
  +5.63999999999999904633e+09
  +5.64999999999999904633e+09
  +5.65999999999999904633e+09
  +5.66999999999999904633e+09
  +5.67999999999999904633e+09
  +5.68999999999999904633e+09
  +5.69999999999999904633e+09
  +5.70999999999999904633e+09
  +5.71999999999999904633e+09
  +5.72999999999999904633e+09
  +5.73999999999999904633e+09
  +5.74999999999999904633e+09
  +5.75999999999999904633e+09
  +5.76999999999999904633e+09
  +5.77999999999999904633e+09
  +5.78999999999999904633e+09
  +5.79999999999999904633e+09
  +5.80999999999999904633e+09
  +5.81999999999999904633e+09
  +5.82999999999999904633e+09
  +5.83999999999999904633e+09
  +5.84999999999999904633e+09
  +5.85999999999999904633e+09
  +5.86999999999999904633e+09
  +5.87999999999999904633e+09
  +5.88999999999999904633e+09
  +5.89999999999999904633e+09
  +5.90999999999999904633e+09
  +5.91999999999999904633e+09
  +5.92999999999999904633e+09
  +5.93999999999999904633e+09
  +5.94999999999999904633e+09
  +5.95999999999999904633e+09
  +5.96999999999999904633e+09
  +5.97999999999999904633e+09
  +5.98999999999999904633e+09
  +5.99999999999999904633e+09
  +6.00999999999999904633e+09
  +6.01999999999999904633e+09
  +6.02999999999999904633e+09
  +6.03999999999999904633e+09
  +6.04999999999999904633e+09
  +6.05999999999999904633e+09
  +6.06999999999999904633e+09
  +6.07999999999999904633e+09
  +6.08999999999999904633e+09
  +6.09999999999999904633e+09
  +6.10999999999999904633e+09
  +6.11999999999999904633e+09
  +6.12999999999999904633e+09
  +6.13999999999999904633e+09
  +6.14999999999999904633e+09
  +6.15999999999999904633e+09
  +6.16999999999999904633e+09
  +6.17999999999999904633e+09
  +6.18999999999999904633e+09
  +6.19999999999999904633e+09
  +6.20999999999999904633e+09
  +6.21999999999999904633e+09
  +6.22999999999999904633e+09
  +6.23999999999999904633e+09
  +6.24999999999999904633e+09
  +6.25999999999999904633e+09
  +6.26999999999999904633e+09
  +6.27999999999999904633e+09
  +6.28999999999999904633e+09
  +6.29999999999999904633e+09
  +6.30999999999999904633e+09
  +6.31999999999999904633e+09
  +6.32999999999999904633e+09
  +6.33999999999999904633e+09
  +6.34999999999999904633e+09
  +6.35999999999999904633e+09
  +6.36999999999999904633e+09
  +6.37999999999999904633e+09
  +6.38999999999999904633e+09
  +6.39999999999999904633e+09
  +6.40999999999999904633e+09
  +6.41999999999999904633e+09
  +6.42999999999999904633e+09
  +6.43999999999999904633e+09
  +6.44999999999999904633e+09
  +6.45999999999999904633e+09
  +6.46999999999999904633e+09
  +6.47999999999999904633e+09
  +6.48999999999999904633e+09
  +6.49999999999999904633e+09
  +6.50999999999999904633e+09
  +6.51999999999999904633e+09
  +6.52999999999999904633e+09
  +6.53999999999999904633e+09
  +6.54999999999999904633e+09
  +6.55999999999999904633e+09
  +6.56999999999999904633e+09
  +6.57999999999999904633e+09
  +6.58999999999999904633e+09
  +6.59999999999999904633e+09
  +6.60999999999999904633e+09
  +6.61999999999999904633e+09
  +6.62999999999999904633e+09
  +6.63999999999999904633e+09
  +6.64999999999999904633e+09
  +6.65999999999999904633e+09
  +6.66999999999999904633e+09
  +6.67999999999999904633e+09
  +6.68999999999999904633e+09
  +6.69999999999999904633e+09
  +6.70999999999999904633e+09
  +6.71999999999999904633e+09
  +6.72999999999999904633e+09
  +6.73999999999999904633e+09
  +6.74999999999999904633e+09
  +6.75999999999999904633e+09
  +6.76999999999999904633e+09
  +6.77999999999999904633e+09
  +6.78999999999999904633e+09
  +6.79999999999999904633e+09
  +6.80999999999999904633e+09
  +6.81999999999999904633e+09
  +6.82999999999999904633e+09
  +6.83999999999999904633e+09
  +6.84999999999999904633e+09
  +6.85999999999999904633e+09
  +6.86999999999999904633e+09
  +6.87999999999999904633e+09
  +6.88999999999999904633e+09
  +6.89999999999999904633e+09
  +6.90999999999999904633e+09
  +6.91999999999999904633e+09
  +6.92999999999999904633e+09
  +6.93999999999999904633e+09
  +6.94999999999999904633e+09
  +6.95999999999999904633e+09
  +6.96999999999999904633e+09
  +6.97999999999999904633e+09
  +6.98999999999999904633e+09
  +6.99999999999999904633e+09
  +7.00999999999999904633e+09
  +7.01999999999999904633e+09
  +7.02999999999999904633e+09
  +7.03999999999999904633e+09
  +7.04999999999999904633e+09
  +7.05999999999999904633e+09
  +7.06999999999999904633e+09
  +7.07999999999999904633e+09
  +7.08999999999999904633e+09
  +7.09999999999999904633e+09
  +7.10999999999999904633e+09
  +7.11999999999999904633e+09
  +7.12999999999999904633e+09
  +7.13999999999999904633e+09
  +7.14999999999999904633e+09
  +7.15999999999999904633e+09
  +7.16999999999999904633e+09
  +7.17999999999999904633e+09
  +7.18999999999999904633e+09
  +7.19999999999999904633e+09
  +7.20999999999999904633e+09
  +7.21999999999999904633e+09
  +7.22999999999999904633e+09
  +7.23999999999999904633e+09
  +7.24999999999999904633e+09
  +7.25999999999999904633e+09
  +7.26999999999999904633e+09
  +7.27999999999999904633e+09
  +7.28999999999999904633e+09
  +7.29999999999999904633e+09
  +7.30999999999999904633e+09
  +7.31999999999999904633e+09
  +7.32999999999999904633e+09
  +7.33999999999999904633e+09
  +7.34999999999999904633e+09
  +7.35999999999999904633e+09
  +7.36999999999999904633e+09
  +7.37999999999999904633e+09
  +7.38999999999999904633e+09
  +7.39999999999999904633e+09
  +7.40999999999999904633e+09
  +7.41999999999999904633e+09
  +7.42999999999999904633e+09
  +7.43999999999999904633e+09
  +7.44999999999999904633e+09
  +7.45999999999999904633e+09
  +7.46999999999999904633e+09
  +7.47999999999999904633e+09
  +7.48999999999999904633e+09
  +7.49999999999999904633e+09
  +7.50999999999999904633e+09
  +7.51999999999999904633e+09
  +7.52999999999999904633e+09
  +7.53999999999999904633e+09
  +7.54999999999999904633e+09
  +7.55999999999999904633e+09
  +7.56999999999999904633e+09
  +7.57999999999999904633e+09
  +7.58999999999999904633e+09
  +7.59999999999999904633e+09
  +7.60999999999999904633e+09
  +7.61999999999999904633e+09
  +7.62999999999999904633e+09
  +7.63999999999999904633e+09
  +7.64999999999999904633e+09
  +7.65999999999999904633e+09
  +7.66999999999999904633e+09
  +7.67999999999999809265e+09
  +7.68999999999999809265e+09
  +7.69999999999999809265e+09
  +7.70999999999999809265e+09
  +7.71999999999999809265e+09
  +7.72999999999999809265e+09
  +7.73999999999999809265e+09
  +7.74999999999999809265e+09
  +7.75999999999999809265e+09
  +7.76999999999999809265e+09
  +7.77999999999999809265e+09
  +7.78999999999999809265e+09
  +7.79999999999999809265e+09
  +7.80999999999999809265e+09
  +7.81999999999999809265e+09
  +7.82999999999999809265e+09
  +7.83999999999999809265e+09
  +7.84999999999999809265e+09
  +7.85999999999999809265e+09
  +7.86999999999999809265e+09
  +7.87999999999999809265e+09
  +7.88999999999999809265e+09
  +7.89999999999999809265e+09
  +7.90999999999999809265e+09
  +7.91999999999999809265e+09
  +7.92999999999999809265e+09
  +7.93999999999999809265e+09
  +7.94999999999999809265e+09
  +7.95999999999999809265e+09
  +7.96999999999999809265e+09
  +7.97999999999999809265e+09
  +7.98999999999999809265e+09
  +7.99999999999999809265e+09
  +8.00999999999999809265e+09
  +8.01999999999999809265e+09
  +8.02999999999999809265e+09
  +8.03999999999999809265e+09
  +8.04999999999999809265e+09
  +8.05999999999999809265e+09
  +8.06999999999999809265e+09
  +8.07999999999999809265e+09
  +8.08999999999999809265e+09
  +8.09999999999999809265e+09
  +8.10999999999999809265e+09
  +8.11999999999999809265e+09
  +8.12999999999999809265e+09
  +8.13999999999999809265e+09
  +8.14999999999999809265e+09
  +8.15999999999999809265e+09
  +8.16999999999999809265e+09
  +8.17999999999999809265e+09
  +8.18999999999999809265e+09
  +8.19999999999999809265e+09
  +8.20999999999999809265e+09
  +8.21999999999999809265e+09
  +8.22999999999999809265e+09
  +8.23999999999999809265e+09
  +8.24999999999999809265e+09
  +8.25999999999999809265e+09
  +8.26999999999999809265e+09
  +8.27999999999999809265e+09
  +8.28999999999999809265e+09
  +8.29999999999999809265e+09
  +8.30999999999999809265e+09
  +8.31999999999999809265e+09
  +8.32999999999999809265e+09
  +8.33999999999999809265e+09
  +8.34999999999999809265e+09
  +8.35999999999999809265e+09
  +8.36999999999999809265e+09
  +8.37999999999999809265e+09
  +8.38999999999999809265e+09
  +8.39999999999999809265e+09
  +8.40999999999999809265e+09
  +8.41999999999999809265e+09
  +8.42999999999999809265e+09
  +8.43999999999999809265e+09
  +8.44999999999999809265e+09
  +8.45999999999999809265e+09
  +8.46999999999999809265e+09
  +8.47999999999999809265e+09
  +8.48999999999999809265e+09
  +8.49999999999999809265e+09
  +8.50999999999999809265e+09
  +8.51999999999999809265e+09
  +8.52999999999999809265e+09
  +8.53999999999999809265e+09
  +8.54999999999999809265e+09
  +8.55999999999999809265e+09
  +8.56999999999999809265e+09
  +8.57999999999999809265e+09
  +8.58999999999999809265e+09
  +8.59999999999999809265e+09
  +8.60999999999999809265e+09
  +8.61999999999999809265e+09
  +8.62999999999999809265e+09
  +8.63999999999999809265e+09
  +8.64999999999999809265e+09
  +8.65999999999999809265e+09
  +8.66999999999999809265e+09
  +8.67999999999999809265e+09
  +8.68999999999999809265e+09
  +8.69999999999999809265e+09
  +8.70999999999999809265e+09
  +8.71999999999999809265e+09
  +8.72999999999999809265e+09
  +8.73999999999999809265e+09
  +8.74999999999999809265e+09
  +8.75999999999999809265e+09
  +8.76999999999999809265e+09
  +8.77999999999999809265e+09
  +8.78999999999999809265e+09
  +8.79999999999999809265e+09
  +8.80999999999999809265e+09
  +8.81999999999999809265e+09
  +8.82999999999999809265e+09
  +8.83999999999999809265e+09
  +8.84999999999999809265e+09
  +8.85999999999999809265e+09
  +8.86999999999999809265e+09
  +8.87999999999999809265e+09
  +8.88999999999999809265e+09
  +8.89999999999999809265e+09
  +8.90999999999999809265e+09
  +8.91999999999999809265e+09
  +8.92999999999999809265e+09
  +8.93999999999999809265e+09
  +8.94999999999999809265e+09
  +8.95999999999999809265e+09
  +8.96999999999999809265e+09
  +8.97999999999999809265e+09
  +8.98999999999999809265e+09
  +8.99999999999999809265e+09
  +9.00999999999999809265e+09
  +9.01999999999999809265e+09
  +9.02999999999999809265e+09
  +9.03999999999999809265e+09
  +9.04999999999999809265e+09
  +9.05999999999999809265e+09
  +9.06999999999999809265e+09
  +9.07999999999999809265e+09
  +9.08999999999999809265e+09
  +9.09999999999999809265e+09
  +9.10999999999999809265e+09
  +9.11999999999999809265e+09
  +9.12999999999999809265e+09
  +9.13999999999999809265e+09
  +9.14999999999999809265e+09
  +9.15999999999999809265e+09
  +9.16999999999999809265e+09
  +9.17999999999999809265e+09
  +9.18999999999999809265e+09
  +9.19999999999999809265e+09
  +9.20999999999999809265e+09
  +9.21999999999999809265e+09
  +9.22999999999999809265e+09
  +9.23999999999999809265e+09
  +9.24999999999999809265e+09
  +9.25999999999999809265e+09
  +9.26999999999999809265e+09
  +9.27999999999999809265e+09
  +9.28999999999999809265e+09
  +9.29999999999999809265e+09
  +9.30999999999999809265e+09
  +9.31999999999999809265e+09
  +9.32999999999999809265e+09
  +9.33999999999999809265e+09
  +9.34999999999999809265e+09
  +9.35999999999999809265e+09
  +9.36999999999999809265e+09
  +9.37999999999999809265e+09
  +9.38999999999999809265e+09
  +9.39999999999999809265e+09
  +9.40999999999999809265e+09
  +9.41999999999999809265e+09
  +9.42999999999999809265e+09
  +9.43999999999999809265e+09
  +9.44999999999999809265e+09
  +9.45999999999999809265e+09
  +9.46999999999999809265e+09
  +9.47999999999999809265e+09
  +9.48999999999999809265e+09
  +9.49999999999999809265e+09
  +9.50999999999999809265e+09
  +9.51999999999999809265e+09
  +9.52999999999999809265e+09
  +9.53999999999999809265e+09
  +9.54999999999999809265e+09
  +9.55999999999999809265e+09
  +9.56999999999999809265e+09
  +9.57999999999999809265e+09
  +9.58999999999999809265e+09
  +9.59999999999999809265e+09
  +9.60999999999999809265e+09
  +9.61999999999999809265e+09
  +9.62999999999999809265e+09
  +9.63999999999999809265e+09
  +9.64999999999999809265e+09
  +9.65999999999999809265e+09
  +9.66999999999999809265e+09
  +9.67999999999999809265e+09
  +9.68999999999999809265e+09
  +9.69999999999999809265e+09
  +9.70999999999999809265e+09
  +9.71999999999999809265e+09
  +9.72999999999999809265e+09
  +9.73999999999999809265e+09
  +9.74999999999999809265e+09
  +9.75999999999999809265e+09
  +9.76999999999999809265e+09
  +9.77999999999999809265e+09
  +9.78999999999999809265e+09
  +9.79999999999999809265e+09
  +9.80999999999999809265e+09
  +9.81999999999999809265e+09
  +9.82999999999999809265e+09
  +9.83999999999999809265e+09
  +9.84999999999999809265e+09
  +9.85999999999999809265e+09
  +9.86999999999999809265e+09
  +9.87999999999999809265e+09
  +9.88999999999999809265e+09
  +9.89999999999999809265e+09
  +9.90999999999999809265e+09
  +9.91999999999999809265e+09
  +9.92999999999999809265e+09
  +9.93999999999999809265e+09
  +9.94999999999999809265e+09
  +9.95999999999999809265e+09
  +9.96999999999999809265e+09
  +9.97999999999999809265e+09
  +9.98999999999999809265e+09
</indep>
<indep Frequency.0003 1000>
  +0.00000000000000000000e+00
  +9.99999999999999813735e+06
  +1.99999999999999962747e+07
  +2.99999999999999925494e+07
  +3.99999999999999925494e+07
  +4.99999999999999925494e+07
  +5.99999999999999850988e+07
  +6.99999999999999850988e+07
  +7.99999999999999850988e+07
  +8.99999999999999850988e+07
  +9.99999999999999850988e+07
  +1.09999999999999985099e+08
  +1.19999999999999970198e+08
  +1.29999999999999970198e+08
  +1.39999999999999970198e+08
  +1.49999999999999970198e+08
  +1.59999999999999970198e+08
  +1.69999999999999970198e+08
  +1.79999999999999970198e+08
  +1.89999999999999970198e+08
  +1.99999999999999970198e+08
  +2.09999999999999970198e+08
  +2.19999999999999970198e+08
  +2.29999999999999970198e+08
  +2.39999999999999940395e+08
  +2.49999999999999940395e+08
  +2.59999999999999940395e+08
  +2.69999999999999940395e+08
  +2.79999999999999940395e+08
  +2.89999999999999940395e+08
  +2.99999999999999940395e+08
  +3.09999999999999940395e+08
  +3.19999999999999940395e+08
  +3.29999999999999940395e+08
  +3.39999999999999940395e+08
  +3.49999999999999940395e+08
  +3.59999999999999940395e+08
  +3.69999999999999940395e+08
  +3.79999999999999940395e+08
  +3.89999999999999940395e+08
  +3.99999999999999940395e+08
  +4.09999999999999940395e+08
  +4.19999999999999940395e+08
  +4.29999999999999940395e+08
  +4.39999999999999940395e+08
  +4.49999999999999940395e+08
  +4.59999999999999940395e+08
  +4.69999999999999940395e+08
  +4.79999999999999880791e+08
  +4.89999999999999880791e+08
  +4.99999999999999880791e+08
  +5.09999999999999880791e+08
  +5.19999999999999880791e+08
  +5.29999999999999880791e+08
  +5.39999999999999880791e+08
  +5.49999999999999880791e+08
  +5.59999999999999880791e+08
  +5.69999999999999880791e+08
  +5.79999999999999880791e+08
  +5.89999999999999880791e+08
  +5.99999999999999880791e+08
  +6.09999999999999880791e+08
  +6.19999999999999880791e+08
  +6.29999999999999880791e+08
  +6.39999999999999880791e+08
  +6.49999999999999880791e+08
  +6.59999999999999880791e+08
  +6.69999999999999880791e+08
  +6.79999999999999880791e+08
  +6.89999999999999880791e+08
  +6.99999999999999880791e+08
  +7.09999999999999880791e+08
  +7.19999999999999880791e+08
  +7.29999999999999880791e+08
  +7.39999999999999880791e+08
  +7.49999999999999880791e+08
  +7.59999999999999880791e+08
  +7.69999999999999880791e+08
  +7.79999999999999880791e+08
  +7.89999999999999880791e+08
  +7.99999999999999880791e+08
  +8.09999999999999880791e+08
  +8.19999999999999880791e+08
  +8.29999999999999880791e+08
  +8.39999999999999880791e+08
  +8.49999999999999880791e+08
  +8.59999999999999880791e+08
  +8.69999999999999880791e+08
  +8.79999999999999880791e+08
  +8.89999999999999880791e+08
  +8.99999999999999880791e+08
  +9.09999999999999880791e+08
  +9.19999999999999880791e+08
  +9.29999999999999880791e+08
  +9.39999999999999880791e+08
  +9.49999999999999880791e+08
  +9.59999999999999761581e+08
  +9.69999999999999761581e+08
  +9.79999999999999761581e+08
  +9.89999999999999761581e+08
  +9.99999999999999761581e+08
  +1.00999999999999976158e+09
  +1.01999999999999976158e+09
  +1.02999999999999976158e+09
  +1.03999999999999976158e+09
  +1.04999999999999976158e+09
  +1.05999999999999976158e+09
  +1.06999999999999976158e+09
  +1.07999999999999976158e+09
  +1.08999999999999976158e+09
  +1.09999999999999976158e+09
  +1.10999999999999976158e+09
  +1.11999999999999976158e+09
  +1.12999999999999976158e+09
  +1.13999999999999976158e+09
  +1.14999999999999976158e+09
  +1.15999999999999976158e+09
  +1.16999999999999976158e+09
  +1.17999999999999976158e+09
  +1.18999999999999976158e+09
  +1.19999999999999976158e+09
  +1.20999999999999976158e+09
  +1.21999999999999976158e+09
  +1.22999999999999976158e+09
  +1.23999999999999976158e+09
  +1.24999999999999976158e+09
  +1.25999999999999976158e+09
  +1.26999999999999976158e+09
  +1.27999999999999976158e+09
  +1.28999999999999976158e+09
  +1.29999999999999976158e+09
  +1.30999999999999976158e+09
  +1.31999999999999976158e+09
  +1.32999999999999976158e+09
  +1.33999999999999976158e+09
  +1.34999999999999976158e+09
  +1.35999999999999976158e+09
  +1.36999999999999976158e+09
  +1.37999999999999976158e+09
  +1.38999999999999976158e+09
  +1.39999999999999976158e+09
  +1.40999999999999976158e+09
  +1.41999999999999976158e+09
  +1.42999999999999976158e+09
  +1.43999999999999976158e+09
  +1.44999999999999976158e+09
  +1.45999999999999976158e+09
  +1.46999999999999976158e+09
  +1.47999999999999976158e+09
  +1.48999999999999976158e+09
  +1.49999999999999976158e+09
  +1.50999999999999976158e+09
  +1.51999999999999976158e+09
  +1.52999999999999976158e+09
  +1.53999999999999976158e+09
  +1.54999999999999976158e+09
  +1.55999999999999976158e+09
  +1.56999999999999976158e+09
  +1.57999999999999976158e+09
  +1.58999999999999976158e+09
  +1.59999999999999976158e+09
  +1.60999999999999976158e+09
  +1.61999999999999976158e+09
  +1.62999999999999976158e+09
  +1.63999999999999976158e+09
  +1.64999999999999976158e+09
  +1.65999999999999976158e+09
  +1.66999999999999976158e+09
  +1.67999999999999976158e+09
  +1.68999999999999976158e+09
  +1.69999999999999976158e+09
  +1.70999999999999976158e+09
  +1.71999999999999976158e+09
  +1.72999999999999976158e+09
  +1.73999999999999976158e+09
  +1.74999999999999976158e+09
  +1.75999999999999976158e+09
  +1.76999999999999976158e+09
  +1.77999999999999976158e+09
  +1.78999999999999976158e+09
  +1.79999999999999976158e+09
  +1.80999999999999976158e+09
  +1.81999999999999976158e+09
  +1.82999999999999976158e+09
  +1.83999999999999976158e+09
  +1.84999999999999976158e+09
  +1.85999999999999976158e+09
  +1.86999999999999976158e+09
  +1.87999999999999976158e+09
  +1.88999999999999976158e+09
  +1.89999999999999976158e+09
  +1.90999999999999976158e+09
  +1.91999999999999952316e+09
  +1.92999999999999952316e+09
  +1.93999999999999952316e+09
  +1.94999999999999952316e+09
  +1.95999999999999952316e+09
  +1.96999999999999952316e+09
  +1.97999999999999952316e+09
  +1.98999999999999952316e+09
  +1.99999999999999952316e+09
  +2.00999999999999952316e+09
  +2.01999999999999952316e+09
  +2.02999999999999952316e+09
  +2.03999999999999952316e+09
  +2.04999999999999952316e+09
  +2.05999999999999952316e+09
  +2.06999999999999952316e+09
  +2.07999999999999952316e+09
  +2.08999999999999952316e+09
  +2.09999999999999952316e+09
  +2.10999999999999952316e+09
  +2.11999999999999952316e+09
  +2.12999999999999952316e+09
  +2.13999999999999952316e+09
  +2.14999999999999952316e+09
  +2.15999999999999952316e+09
  +2.16999999999999952316e+09
  +2.17999999999999952316e+09
  +2.18999999999999952316e+09
  +2.19999999999999952316e+09
  +2.20999999999999952316e+09
  +2.21999999999999952316e+09
  +2.22999999999999952316e+09
  +2.23999999999999952316e+09
  +2.24999999999999952316e+09
  +2.25999999999999952316e+09
  +2.26999999999999952316e+09
  +2.27999999999999952316e+09
  +2.28999999999999952316e+09
  +2.29999999999999952316e+09
  +2.30999999999999952316e+09
  +2.31999999999999952316e+09
  +2.32999999999999952316e+09
  +2.33999999999999952316e+09
  +2.34999999999999952316e+09
  +2.35999999999999952316e+09
  +2.36999999999999952316e+09
  +2.37999999999999952316e+09
  +2.38999999999999952316e+09
  +2.39999999999999952316e+09
  +2.40999999999999952316e+09
  +2.41999999999999952316e+09
  +2.42999999999999952316e+09
  +2.43999999999999952316e+09
  +2.44999999999999952316e+09
  +2.45999999999999952316e+09
  +2.46999999999999952316e+09
  +2.47999999999999952316e+09
  +2.48999999999999952316e+09
  +2.49999999999999952316e+09
  +2.50999999999999952316e+09
  +2.51999999999999952316e+09
  +2.52999999999999952316e+09
  +2.53999999999999952316e+09
  +2.54999999999999952316e+09
  +2.55999999999999952316e+09
  +2.56999999999999952316e+09
  +2.57999999999999952316e+09
  +2.58999999999999952316e+09
  +2.59999999999999952316e+09
  +2.60999999999999952316e+09
  +2.61999999999999952316e+09
  +2.62999999999999952316e+09
  +2.63999999999999952316e+09
  +2.64999999999999952316e+09
  +2.65999999999999952316e+09
  +2.66999999999999952316e+09
  +2.67999999999999952316e+09
  +2.68999999999999952316e+09
  +2.69999999999999952316e+09
  +2.70999999999999952316e+09
  +2.71999999999999952316e+09
  +2.72999999999999952316e+09
  +2.73999999999999952316e+09
  +2.74999999999999952316e+09
  +2.75999999999999952316e+09
  +2.76999999999999952316e+09
  +2.77999999999999952316e+09
  +2.78999999999999952316e+09
  +2.79999999999999952316e+09
  +2.80999999999999952316e+09
  +2.81999999999999952316e+09
  +2.82999999999999952316e+09
  +2.83999999999999952316e+09
  +2.84999999999999952316e+09
  +2.85999999999999952316e+09
  +2.86999999999999952316e+09
  +2.87999999999999952316e+09
  +2.88999999999999952316e+09
  +2.89999999999999952316e+09
  +2.90999999999999952316e+09
  +2.91999999999999952316e+09
  +2.92999999999999952316e+09
  +2.93999999999999952316e+09
  +2.94999999999999952316e+09
  +2.95999999999999952316e+09
  +2.96999999999999952316e+09
  +2.97999999999999952316e+09
  +2.98999999999999952316e+09
  +2.99999999999999952316e+09
  +3.00999999999999952316e+09
  +3.01999999999999952316e+09
  +3.02999999999999952316e+09
  +3.03999999999999952316e+09
  +3.04999999999999952316e+09
  +3.05999999999999952316e+09
  +3.06999999999999952316e+09
  +3.07999999999999952316e+09
  +3.08999999999999952316e+09
  +3.09999999999999952316e+09
  +3.10999999999999952316e+09
  +3.11999999999999952316e+09
  +3.12999999999999952316e+09
  +3.13999999999999952316e+09
  +3.14999999999999952316e+09
  +3.15999999999999952316e+09
  +3.16999999999999952316e+09
  +3.17999999999999952316e+09
  +3.18999999999999952316e+09
  +3.19999999999999952316e+09
  +3.20999999999999952316e+09
  +3.21999999999999952316e+09
  +3.22999999999999952316e+09
  +3.23999999999999952316e+09
  +3.24999999999999952316e+09
  +3.25999999999999952316e+09
  +3.26999999999999952316e+09
  +3.27999999999999952316e+09
  +3.28999999999999952316e+09
  +3.29999999999999952316e+09
  +3.30999999999999952316e+09
  +3.31999999999999952316e+09
  +3.32999999999999952316e+09
  +3.33999999999999952316e+09
  +3.34999999999999952316e+09
  +3.35999999999999952316e+09
  +3.36999999999999952316e+09
  +3.37999999999999952316e+09
  +3.38999999999999952316e+09
  +3.39999999999999952316e+09
  +3.40999999999999952316e+09
  +3.41999999999999952316e+09
  +3.42999999999999952316e+09
  +3.43999999999999952316e+09
  +3.44999999999999952316e+09
  +3.45999999999999952316e+09
  +3.46999999999999952316e+09
  +3.47999999999999952316e+09
  +3.48999999999999952316e+09
  +3.49999999999999952316e+09
  +3.50999999999999952316e+09
  +3.51999999999999952316e+09
  +3.52999999999999952316e+09
  +3.53999999999999952316e+09
  +3.54999999999999952316e+09
  +3.55999999999999952316e+09
  +3.56999999999999952316e+09
  +3.57999999999999952316e+09
  +3.58999999999999952316e+09
  +3.59999999999999952316e+09
  +3.60999999999999952316e+09
  +3.61999999999999952316e+09
  +3.62999999999999952316e+09
  +3.63999999999999952316e+09
  +3.64999999999999952316e+09
  +3.65999999999999952316e+09
  +3.66999999999999952316e+09
  +3.67999999999999952316e+09
  +3.68999999999999952316e+09
  +3.69999999999999952316e+09
  +3.70999999999999952316e+09
  +3.71999999999999952316e+09
  +3.72999999999999952316e+09
  +3.73999999999999952316e+09
  +3.74999999999999952316e+09
  +3.75999999999999952316e+09
  +3.76999999999999952316e+09
  +3.77999999999999952316e+09
  +3.78999999999999952316e+09
  +3.79999999999999952316e+09
  +3.80999999999999952316e+09
  +3.81999999999999952316e+09
  +3.82999999999999952316e+09
  +3.83999999999999904633e+09
  +3.84999999999999904633e+09
  +3.85999999999999904633e+09
  +3.86999999999999904633e+09
  +3.87999999999999904633e+09
  +3.88999999999999904633e+09
  +3.89999999999999904633e+09
  +3.90999999999999904633e+09
  +3.91999999999999904633e+09
  +3.92999999999999904633e+09
  +3.93999999999999904633e+09
  +3.94999999999999904633e+09
  +3.95999999999999904633e+09
  +3.96999999999999904633e+09
  +3.97999999999999904633e+09
  +3.98999999999999904633e+09
  +3.99999999999999904633e+09
  +4.00999999999999904633e+09
  +4.01999999999999904633e+09
  +4.02999999999999904633e+09
  +4.03999999999999904633e+09
  +4.04999999999999904633e+09
  +4.05999999999999904633e+09
  +4.06999999999999904633e+09
  +4.07999999999999904633e+09
  +4.08999999999999904633e+09
  +4.09999999999999904633e+09
  +4.10999999999999904633e+09
  +4.11999999999999904633e+09
  +4.12999999999999904633e+09
  +4.13999999999999904633e+09
  +4.14999999999999904633e+09
  +4.15999999999999904633e+09
  +4.16999999999999904633e+09
  +4.17999999999999904633e+09
  +4.18999999999999904633e+09
  +4.19999999999999904633e+09
  +4.20999999999999904633e+09
  +4.21999999999999904633e+09
  +4.22999999999999904633e+09
  +4.23999999999999904633e+09
  +4.24999999999999904633e+09
  +4.25999999999999904633e+09
  +4.26999999999999904633e+09
  +4.27999999999999904633e+09
  +4.28999999999999904633e+09
  +4.29999999999999904633e+09
  +4.30999999999999904633e+09
  +4.31999999999999904633e+09
  +4.32999999999999904633e+09
  +4.33999999999999904633e+09
  +4.34999999999999904633e+09
  +4.35999999999999904633e+09
  +4.36999999999999904633e+09
  +4.37999999999999904633e+09
  +4.38999999999999904633e+09
  +4.39999999999999904633e+09
  +4.40999999999999904633e+09
  +4.41999999999999904633e+09
  +4.42999999999999904633e+09
  +4.43999999999999904633e+09
  +4.44999999999999904633e+09
  +4.45999999999999904633e+09
  +4.46999999999999904633e+09
  +4.47999999999999904633e+09
  +4.48999999999999904633e+09
  +4.49999999999999904633e+09
  +4.50999999999999904633e+09
  +4.51999999999999904633e+09
  +4.52999999999999904633e+09
  +4.53999999999999904633e+09
  +4.54999999999999904633e+09
  +4.55999999999999904633e+09
  +4.56999999999999904633e+09
  +4.57999999999999904633e+09
  +4.58999999999999904633e+09
  +4.59999999999999904633e+09
  +4.60999999999999904633e+09
  +4.61999999999999904633e+09
  +4.62999999999999904633e+09
  +4.63999999999999904633e+09
  +4.64999999999999904633e+09
  +4.65999999999999904633e+09
  +4.66999999999999904633e+09
  +4.67999999999999904633e+09
  +4.68999999999999904633e+09
  +4.69999999999999904633e+09
  +4.70999999999999904633e+09
  +4.71999999999999904633e+09
  +4.72999999999999904633e+09
  +4.73999999999999904633e+09
  +4.74999999999999904633e+09
  +4.75999999999999904633e+09
  +4.76999999999999904633e+09
  +4.77999999999999904633e+09
  +4.78999999999999904633e+09
  +4.79999999999999904633e+09
  +4.80999999999999904633e+09
  +4.81999999999999904633e+09
  +4.82999999999999904633e+09
  +4.83999999999999904633e+09
  +4.84999999999999904633e+09
  +4.85999999999999904633e+09
  +4.86999999999999904633e+09
  +4.87999999999999904633e+09
  +4.88999999999999904633e+09
  +4.89999999999999904633e+09
  +4.90999999999999904633e+09
  +4.91999999999999904633e+09
  +4.92999999999999904633e+09
  +4.93999999999999904633e+09
  +4.94999999999999904633e+09
  +4.95999999999999904633e+09
  +4.96999999999999904633e+09
  +4.97999999999999904633e+09
  +4.98999999999999904633e+09
  +4.99999999999999904633e+09
  +5.00999999999999904633e+09
  +5.01999999999999904633e+09
  +5.02999999999999904633e+09
  +5.03999999999999904633e+09
  +5.04999999999999904633e+09
  +5.05999999999999904633e+09
  +5.06999999999999904633e+09
  +5.07999999999999904633e+09
  +5.08999999999999904633e+09
  +5.09999999999999904633e+09
  +5.10999999999999904633e+09
  +5.11999999999999904633e+09
  +5.12999999999999904633e+09
  +5.13999999999999904633e+09
  +5.14999999999999904633e+09
  +5.15999999999999904633e+09
  +5.16999999999999904633e+09
  +5.17999999999999904633e+09
  +5.18999999999999904633e+09
  +5.19999999999999904633e+09
  +5.20999999999999904633e+09
  +5.21999999999999904633e+09
  +5.22999999999999904633e+09
  +5.23999999999999904633e+09
  +5.24999999999999904633e+09
  +5.25999999999999904633e+09
  +5.26999999999999904633e+09
  +5.27999999999999904633e+09
  +5.28999999999999904633e+09
  +5.29999999999999904633e+09
  +5.30999999999999904633e+09
  +5.31999999999999904633e+09
  +5.32999999999999904633e+09
  +5.33999999999999904633e+09
  +5.34999999999999904633e+09
  +5.35999999999999904633e+09
  +5.36999999999999904633e+09
  +5.37999999999999904633e+09
  +5.38999999999999904633e+09
  +5.39999999999999904633e+09
  +5.40999999999999904633e+09
  +5.41999999999999904633e+09
  +5.42999999999999904633e+09
  +5.43999999999999904633e+09
  +5.44999999999999904633e+09
  +5.45999999999999904633e+09
  +5.46999999999999904633e+09
  +5.47999999999999904633e+09
  +5.48999999999999904633e+09
  +5.49999999999999904633e+09
  +5.50999999999999904633e+09
  +5.51999999999999904633e+09
  +5.52999999999999904633e+09
  +5.53999999999999904633e+09
  +5.54999999999999904633e+09
  +5.55999999999999904633e+09
  +5.56999999999999904633e+09
  +5.57999999999999904633e+09
  +5.58999999999999904633e+09
  +5.59999999999999904633e+09
  +5.60999999999999904633e+09
  +5.61999999999999904633e+09
  +5.62999999999999904633e+09
  +5.63999999999999904633e+09
  +5.64999999999999904633e+09
  +5.65999999999999904633e+09
  +5.66999999999999904633e+09
  +5.67999999999999904633e+09
  +5.68999999999999904633e+09
  +5.69999999999999904633e+09
  +5.70999999999999904633e+09
  +5.71999999999999904633e+09
  +5.72999999999999904633e+09
  +5.73999999999999904633e+09
  +5.74999999999999904633e+09
  +5.75999999999999904633e+09
  +5.76999999999999904633e+09
  +5.77999999999999904633e+09
  +5.78999999999999904633e+09
  +5.79999999999999904633e+09
  +5.80999999999999904633e+09
  +5.81999999999999904633e+09
  +5.82999999999999904633e+09
  +5.83999999999999904633e+09
  +5.84999999999999904633e+09
  +5.85999999999999904633e+09
  +5.86999999999999904633e+09
  +5.87999999999999904633e+09
  +5.88999999999999904633e+09
  +5.89999999999999904633e+09
  +5.90999999999999904633e+09
  +5.91999999999999904633e+09
  +5.92999999999999904633e+09
  +5.93999999999999904633e+09
  +5.94999999999999904633e+09
  +5.95999999999999904633e+09
  +5.96999999999999904633e+09
  +5.97999999999999904633e+09
  +5.98999999999999904633e+09
  +5.99999999999999904633e+09
  +6.00999999999999904633e+09
  +6.01999999999999904633e+09
  +6.02999999999999904633e+09
  +6.03999999999999904633e+09
  +6.04999999999999904633e+09
  +6.05999999999999904633e+09
  +6.06999999999999904633e+09
  +6.07999999999999904633e+09
  +6.08999999999999904633e+09
  +6.09999999999999904633e+09
  +6.10999999999999904633e+09
  +6.11999999999999904633e+09
  +6.12999999999999904633e+09
  +6.13999999999999904633e+09
  +6.14999999999999904633e+09
  +6.15999999999999904633e+09
  +6.16999999999999904633e+09
  +6.17999999999999904633e+09
  +6.18999999999999904633e+09
  +6.19999999999999904633e+09
  +6.20999999999999904633e+09
  +6.21999999999999904633e+09
  +6.22999999999999904633e+09
  +6.23999999999999904633e+09
  +6.24999999999999904633e+09
  +6.25999999999999904633e+09
  +6.26999999999999904633e+09
  +6.27999999999999904633e+09
  +6.28999999999999904633e+09
  +6.29999999999999904633e+09
  +6.30999999999999904633e+09
  +6.31999999999999904633e+09
  +6.32999999999999904633e+09
  +6.33999999999999904633e+09
  +6.34999999999999904633e+09
  +6.35999999999999904633e+09
  +6.36999999999999904633e+09
  +6.37999999999999904633e+09
  +6.38999999999999904633e+09
  +6.39999999999999904633e+09
  +6.40999999999999904633e+09
  +6.41999999999999904633e+09
  +6.42999999999999904633e+09
  +6.43999999999999904633e+09
  +6.44999999999999904633e+09
  +6.45999999999999904633e+09
  +6.46999999999999904633e+09
  +6.47999999999999904633e+09
  +6.48999999999999904633e+09
  +6.49999999999999904633e+09
  +6.50999999999999904633e+09
  +6.51999999999999904633e+09
  +6.52999999999999904633e+09
  +6.53999999999999904633e+09
  +6.54999999999999904633e+09
  +6.55999999999999904633e+09
  +6.56999999999999904633e+09
  +6.57999999999999904633e+09
  +6.58999999999999904633e+09
  +6.59999999999999904633e+09
  +6.60999999999999904633e+09
  +6.61999999999999904633e+09
  +6.62999999999999904633e+09
  +6.63999999999999904633e+09
  +6.64999999999999904633e+09
  +6.65999999999999904633e+09
  +6.66999999999999904633e+09
  +6.67999999999999904633e+09
  +6.68999999999999904633e+09
  +6.69999999999999904633e+09
  +6.70999999999999904633e+09
  +6.71999999999999904633e+09
  +6.72999999999999904633e+09
  +6.73999999999999904633e+09
  +6.74999999999999904633e+09
  +6.75999999999999904633e+09
  +6.76999999999999904633e+09
  +6.77999999999999904633e+09
  +6.78999999999999904633e+09
  +6.79999999999999904633e+09
  +6.80999999999999904633e+09
  +6.81999999999999904633e+09
  +6.82999999999999904633e+09
  +6.83999999999999904633e+09
  +6.84999999999999904633e+09
  +6.85999999999999904633e+09
  +6.86999999999999904633e+09
  +6.87999999999999904633e+09
  +6.88999999999999904633e+09
  +6.89999999999999904633e+09
  +6.90999999999999904633e+09
  +6.91999999999999904633e+09
  +6.92999999999999904633e+09
  +6.93999999999999904633e+09
  +6.94999999999999904633e+09
  +6.95999999999999904633e+09
  +6.96999999999999904633e+09
  +6.97999999999999904633e+09
  +6.98999999999999904633e+09
  +6.99999999999999904633e+09
  +7.00999999999999904633e+09
  +7.01999999999999904633e+09
  +7.02999999999999904633e+09
  +7.03999999999999904633e+09
  +7.04999999999999904633e+09
  +7.05999999999999904633e+09
  +7.06999999999999904633e+09
  +7.07999999999999904633e+09
  +7.08999999999999904633e+09
  +7.09999999999999904633e+09
  +7.10999999999999904633e+09
  +7.11999999999999904633e+09
  +7.12999999999999904633e+09
  +7.13999999999999904633e+09
  +7.14999999999999904633e+09
  +7.15999999999999904633e+09
  +7.16999999999999904633e+09
  +7.17999999999999904633e+09
  +7.18999999999999904633e+09
  +7.19999999999999904633e+09
  +7.20999999999999904633e+09
  +7.21999999999999904633e+09
  +7.22999999999999904633e+09
  +7.23999999999999904633e+09
  +7.24999999999999904633e+09
  +7.25999999999999904633e+09
  +7.26999999999999904633e+09
  +7.27999999999999904633e+09
  +7.28999999999999904633e+09
  +7.29999999999999904633e+09
  +7.30999999999999904633e+09
  +7.31999999999999904633e+09
  +7.32999999999999904633e+09
  +7.33999999999999904633e+09
  +7.34999999999999904633e+09
  +7.35999999999999904633e+09
  +7.36999999999999904633e+09
  +7.37999999999999904633e+09
  +7.38999999999999904633e+09
  +7.39999999999999904633e+09
  +7.40999999999999904633e+09
  +7.41999999999999904633e+09
  +7.42999999999999904633e+09
  +7.43999999999999904633e+09
  +7.44999999999999904633e+09
  +7.45999999999999904633e+09
  +7.46999999999999904633e+09
  +7.47999999999999904633e+09
  +7.48999999999999904633e+09
  +7.49999999999999904633e+09
  +7.50999999999999904633e+09
  +7.51999999999999904633e+09
  +7.52999999999999904633e+09
  +7.53999999999999904633e+09
  +7.54999999999999904633e+09
  +7.55999999999999904633e+09
  +7.56999999999999904633e+09
  +7.57999999999999904633e+09
  +7.58999999999999904633e+09
  +7.59999999999999904633e+09
  +7.60999999999999904633e+09
  +7.61999999999999904633e+09
  +7.62999999999999904633e+09
  +7.63999999999999904633e+09
  +7.64999999999999904633e+09
  +7.65999999999999904633e+09
  +7.66999999999999904633e+09
  +7.67999999999999809265e+09
  +7.68999999999999809265e+09
  +7.69999999999999809265e+09
  +7.70999999999999809265e+09
  +7.71999999999999809265e+09
  +7.72999999999999809265e+09
  +7.73999999999999809265e+09
  +7.74999999999999809265e+09
  +7.75999999999999809265e+09
  +7.76999999999999809265e+09
  +7.77999999999999809265e+09
  +7.78999999999999809265e+09
  +7.79999999999999809265e+09
  +7.80999999999999809265e+09
  +7.81999999999999809265e+09
  +7.82999999999999809265e+09
  +7.83999999999999809265e+09
  +7.84999999999999809265e+09
  +7.85999999999999809265e+09
  +7.86999999999999809265e+09
  +7.87999999999999809265e+09
  +7.88999999999999809265e+09
  +7.89999999999999809265e+09
  +7.90999999999999809265e+09
  +7.91999999999999809265e+09
  +7.92999999999999809265e+09
  +7.93999999999999809265e+09
  +7.94999999999999809265e+09
  +7.95999999999999809265e+09
  +7.96999999999999809265e+09
  +7.97999999999999809265e+09
  +7.98999999999999809265e+09
  +7.99999999999999809265e+09
  +8.00999999999999809265e+09
  +8.01999999999999809265e+09
  +8.02999999999999809265e+09
  +8.03999999999999809265e+09
  +8.04999999999999809265e+09
  +8.05999999999999809265e+09
  +8.06999999999999809265e+09
  +8.07999999999999809265e+09
  +8.08999999999999809265e+09
  +8.09999999999999809265e+09
  +8.10999999999999809265e+09
  +8.11999999999999809265e+09
  +8.12999999999999809265e+09
  +8.13999999999999809265e+09
  +8.14999999999999809265e+09
  +8.15999999999999809265e+09
  +8.16999999999999809265e+09
  +8.17999999999999809265e+09
  +8.18999999999999809265e+09
  +8.19999999999999809265e+09
  +8.20999999999999809265e+09
  +8.21999999999999809265e+09
  +8.22999999999999809265e+09
  +8.23999999999999809265e+09
  +8.24999999999999809265e+09
  +8.25999999999999809265e+09
  +8.26999999999999809265e+09
  +8.27999999999999809265e+09
  +8.28999999999999809265e+09
  +8.29999999999999809265e+09
  +8.30999999999999809265e+09
  +8.31999999999999809265e+09
  +8.32999999999999809265e+09
  +8.33999999999999809265e+09
  +8.34999999999999809265e+09
  +8.35999999999999809265e+09
  +8.36999999999999809265e+09
  +8.37999999999999809265e+09
  +8.38999999999999809265e+09
  +8.39999999999999809265e+09
  +8.40999999999999809265e+09
  +8.41999999999999809265e+09
  +8.42999999999999809265e+09
  +8.43999999999999809265e+09
  +8.44999999999999809265e+09
  +8.45999999999999809265e+09
  +8.46999999999999809265e+09
  +8.47999999999999809265e+09
  +8.48999999999999809265e+09
  +8.49999999999999809265e+09
  +8.50999999999999809265e+09
  +8.51999999999999809265e+09
  +8.52999999999999809265e+09
  +8.53999999999999809265e+09
  +8.54999999999999809265e+09
  +8.55999999999999809265e+09
  +8.56999999999999809265e+09
  +8.57999999999999809265e+09
  +8.58999999999999809265e+09
  +8.59999999999999809265e+09
  +8.60999999999999809265e+09
  +8.61999999999999809265e+09
  +8.62999999999999809265e+09
  +8.63999999999999809265e+09
  +8.64999999999999809265e+09
  +8.65999999999999809265e+09
  +8.66999999999999809265e+09
  +8.67999999999999809265e+09
  +8.68999999999999809265e+09
  +8.69999999999999809265e+09
  +8.70999999999999809265e+09
  +8.71999999999999809265e+09
  +8.72999999999999809265e+09
  +8.73999999999999809265e+09
  +8.74999999999999809265e+09
  +8.75999999999999809265e+09
  +8.76999999999999809265e+09
  +8.77999999999999809265e+09
  +8.78999999999999809265e+09
  +8.79999999999999809265e+09
  +8.80999999999999809265e+09
  +8.81999999999999809265e+09
  +8.82999999999999809265e+09
  +8.83999999999999809265e+09
  +8.84999999999999809265e+09
  +8.85999999999999809265e+09
  +8.86999999999999809265e+09
  +8.87999999999999809265e+09
  +8.88999999999999809265e+09
  +8.89999999999999809265e+09
  +8.90999999999999809265e+09
  +8.91999999999999809265e+09
  +8.92999999999999809265e+09
  +8.93999999999999809265e+09
  +8.94999999999999809265e+09
  +8.95999999999999809265e+09
  +8.96999999999999809265e+09
  +8.97999999999999809265e+09
  +8.98999999999999809265e+09
  +8.99999999999999809265e+09
  +9.00999999999999809265e+09
  +9.01999999999999809265e+09
  +9.02999999999999809265e+09
  +9.03999999999999809265e+09
  +9.04999999999999809265e+09
  +9.05999999999999809265e+09
  +9.06999999999999809265e+09
  +9.07999999999999809265e+09
  +9.08999999999999809265e+09
  +9.09999999999999809265e+09
  +9.10999999999999809265e+09
  +9.11999999999999809265e+09
  +9.12999999999999809265e+09
  +9.13999999999999809265e+09
  +9.14999999999999809265e+09
  +9.15999999999999809265e+09
  +9.16999999999999809265e+09
  +9.17999999999999809265e+09
  +9.18999999999999809265e+09
  +9.19999999999999809265e+09
  +9.20999999999999809265e+09
  +9.21999999999999809265e+09
  +9.22999999999999809265e+09
  +9.23999999999999809265e+09
  +9.24999999999999809265e+09
  +9.25999999999999809265e+09
  +9.26999999999999809265e+09
  +9.27999999999999809265e+09
  +9.28999999999999809265e+09
  +9.29999999999999809265e+09
  +9.30999999999999809265e+09
  +9.31999999999999809265e+09
  +9.32999999999999809265e+09
  +9.33999999999999809265e+09
  +9.34999999999999809265e+09
  +9.35999999999999809265e+09
  +9.36999999999999809265e+09
  +9.37999999999999809265e+09
  +9.38999999999999809265e+09
  +9.39999999999999809265e+09
  +9.40999999999999809265e+09
  +9.41999999999999809265e+09
  +9.42999999999999809265e+09
  +9.43999999999999809265e+09
  +9.44999999999999809265e+09
  +9.45999999999999809265e+09
  +9.46999999999999809265e+09
  +9.47999999999999809265e+09
  +9.48999999999999809265e+09
  +9.49999999999999809265e+09
  +9.50999999999999809265e+09
  +9.51999999999999809265e+09
  +9.52999999999999809265e+09
  +9.53999999999999809265e+09
  +9.54999999999999809265e+09
  +9.55999999999999809265e+09
  +9.56999999999999809265e+09
  +9.57999999999999809265e+09
  +9.58999999999999809265e+09
  +9.59999999999999809265e+09
  +9.60999999999999809265e+09
  +9.61999999999999809265e+09
  +9.62999999999999809265e+09
  +9.63999999999999809265e+09
  +9.64999999999999809265e+09
  +9.65999999999999809265e+09
  +9.66999999999999809265e+09
  +9.67999999999999809265e+09
  +9.68999999999999809265e+09
  +9.69999999999999809265e+09
  +9.70999999999999809265e+09
  +9.71999999999999809265e+09
  +9.72999999999999809265e+09
  +9.73999999999999809265e+09
  +9.74999999999999809265e+09
  +9.75999999999999809265e+09
  +9.76999999999999809265e+09
  +9.77999999999999809265e+09
  +9.78999999999999809265e+09
  +9.79999999999999809265e+09
  +9.80999999999999809265e+09
  +9.81999999999999809265e+09
  +9.82999999999999809265e+09
  +9.83999999999999809265e+09
  +9.84999999999999809265e+09
  +9.85999999999999809265e+09
  +9.86999999999999809265e+09
  +9.87999999999999809265e+09
  +9.88999999999999809265e+09
  +9.89999999999999809265e+09
  +9.90999999999999809265e+09
  +9.91999999999999809265e+09
  +9.92999999999999809265e+09
  +9.93999999999999809265e+09
  +9.94999999999999809265e+09
  +9.95999999999999809265e+09
  +9.96999999999999809265e+09
  +9.97999999999999809265e+09
  +9.98999999999999809265e+09
</indep>
<indep time 1000>
  +0.00000000000000000000e+00
  +1.00100100100100113101e-10
  +2.00200200200200226202e-10
  +3.00300300300300352227e-10
  +4.00400400400400452404e-10
  +5.00500500500500552580e-10
  +6.00600600600600704455e-10
  +7.00700700700700752932e-10
  +8.00800800800800904807e-10
  +9.00900900900901056682e-10
  +1.00100100100100110516e-09
  +1.10110110110110125703e-09
  +1.20120120120120140891e-09
  +1.30130130130130156078e-09
  +1.40140140140140150586e-09
  +1.50150150150150165774e-09
  +1.60160160160160180961e-09
  +1.70170170170170196149e-09
  +1.80180180180180211336e-09
  +1.90190190190190205844e-09
  +2.00200200200200221032e-09
  +2.10210210210210236219e-09
  +2.20220220220220251407e-09
  +2.30230230230230266594e-09
  +2.40240240240240281782e-09
  +2.50250250250250296969e-09
  +2.60260260260260312157e-09
  +2.70270270270270285985e-09
  +2.80280280280280301173e-09
  +2.90290290290290316360e-09
  +3.00300300300300331548e-09
  +3.10310310310310346735e-09
  +3.20320320320320361923e-09
  +3.30330330330330377110e-09
  +3.40340340340340392298e-09
  +3.50350350350350407485e-09
  +3.60360360360360422673e-09
  +3.70370370370370437860e-09
  +3.80380380380380411689e-09
  +3.90390390390390426876e-09
  +4.00400400400400442064e-09
  +4.10410410410410457251e-09
  +4.20420420420420472439e-09
  +4.30430430430430487626e-09
  +4.40440440440440502814e-09
  +4.50450450450450518001e-09
  +4.60460460460460533189e-09
  +4.70470470470470548376e-09
  +4.80480480480480563564e-09
  +4.90490490490490578751e-09
  +5.00500500500500593939e-09
  +5.10510510510510609126e-09
  +5.20520520520520624314e-09
  +5.30530530530530639501e-09
  +5.40540540540540571971e-09
  +5.50550550550550587158e-09
  +5.60560560560560602346e-09
  +5.70570570570570617533e-09
  +5.80580580580580632721e-09
  +5.90590590590590647908e-09
  +6.00600600600600663096e-09
  +6.10610610610610678283e-09
  +6.20620620620620693471e-09
  +6.30630630630630708658e-09
  +6.40640640640640723846e-09
  +6.50650650650650739033e-09
  +6.60660660660660754221e-09
  +6.70670670670670769408e-09
  +6.80680680680680784596e-09
  +6.90690690690690799783e-09
  +7.00700700700700814971e-09
  +7.10710710710710830158e-09
  +7.20720720720720845346e-09
  +7.30730730730730860533e-09
  +7.40740740740740875721e-09
  +7.50750750750750808190e-09
  +7.60760760760760823378e-09
  +7.70770770770770838565e-09
  +7.80780780780780853753e-09
  +7.90790790790790868940e-09
  +8.00800800800800884127e-09
  +8.10810810810810899315e-09
  +8.20820820820820914502e-09
  +8.30830830830830929690e-09
  +8.40840840840840944877e-09
  +8.50850850850850960065e-09
  +8.60860860860860975252e-09
  +8.70870870870870990440e-09
  +8.80880880880881005627e-09
  +8.90890890890891020815e-09
  +9.00900900900901036002e-09
  +9.10910910910911051190e-09
  +9.20920920920921066377e-09
  +9.30930930930931081565e-09
  +9.40940940940941096752e-09
  +9.50950950950951111940e-09
  +9.60960960960961127127e-09
  +9.70970970970971142315e-09
  +9.80980980980981157502e-09
  +9.90990990990991172690e-09
  +1.00100100100100118788e-08
  +1.01101101101101120306e-08
  +1.02102102102102121825e-08
  +1.03103103103103123344e-08
  +1.04104104104104124863e-08
  +1.05105105105105126381e-08
  +1.06106106106106127900e-08
  +1.07107107107107112875e-08
  +1.08108108108108114394e-08
  +1.09109109109109115913e-08
  +1.10110110110110117432e-08
  +1.11111111111111118950e-08
  +1.12112112112112120469e-08
  +1.13113113113113121988e-08
  +1.14114114114114123507e-08
  +1.15115115115115125025e-08
  +1.16116116116116126544e-08
  +1.17117117117117128063e-08
  +1.18118118118118129582e-08
  +1.19119119119119131100e-08
  +1.20120120120120132619e-08
  +1.21121121121121134138e-08
  +1.22122122122122135657e-08
  +1.23123123123123137175e-08
  +1.24124124124124138694e-08
  +1.25125125125125140213e-08
  +1.26126126126126141732e-08
  +1.27127127127127143250e-08
  +1.28128128128128144769e-08
  +1.29129129129129146288e-08
  +1.30130130130130147807e-08
  +1.31131131131131149325e-08
  +1.32132132132132150844e-08
  +1.33133133133133152363e-08
  +1.34134134134134153882e-08
  +1.35135135135135155400e-08
  +1.36136136136136156919e-08
  +1.37137137137137158438e-08
  +1.38138138138138159957e-08
  +1.39139139139139161475e-08
  +1.40140140140140162994e-08
  +1.41141141141141164513e-08
  +1.42142142142142166032e-08
  +1.43143143143143167550e-08
  +1.44144144144144169069e-08
  +1.45145145145145170588e-08
  +1.46146146146146172107e-08
  +1.47147147147147173625e-08
  +1.48148148148148175144e-08
  +1.49149149149149160119e-08
  +1.50150150150150161638e-08
  +1.51151151151151163157e-08
  +1.52152152152152164676e-08
  +1.53153153153153166194e-08
  +1.54154154154154167713e-08
  +1.55155155155155169232e-08
  +1.56156156156156170751e-08
  +1.57157157157157172269e-08
  +1.58158158158158173788e-08
  +1.59159159159159175307e-08
  +1.60160160160160176825e-08
  +1.61161161161161178344e-08
  +1.62162162162162179863e-08
  +1.63163163163163181382e-08
  +1.64164164164164182900e-08
  +1.65165165165165184419e-08
  +1.66166166166166185938e-08
  +1.67167167167167187457e-08
  +1.68168168168168188975e-08
  +1.69169169169169190494e-08
  +1.70170170170170192013e-08
  +1.71171171171171193532e-08
  +1.72172172172172195050e-08
  +1.73173173173173196569e-08
  +1.74174174174174198088e-08
  +1.75175175175175199607e-08
  +1.76176176176176201125e-08
  +1.77177177177177202644e-08
  +1.78178178178178204163e-08
  +1.79179179179179205682e-08
  +1.80180180180180207200e-08
  +1.81181181181181208719e-08
  +1.82182182182182210238e-08
  +1.83183183183183211757e-08
  +1.84184184184184213275e-08
  +1.85185185185185214794e-08
  +1.86186186186186216313e-08
  +1.87187187187187217832e-08
  +1.88188188188188219350e-08
  +1.89189189189189220869e-08
  +1.90190190190190222388e-08
  +1.91191191191191223907e-08
  +1.92192192192192225425e-08
  +1.93193193193193226944e-08
  +1.94194194194194228463e-08
  +1.95195195195195229982e-08
  +1.96196196196196231500e-08
  +1.97197197197197233019e-08
  +1.98198198198198234538e-08
  +1.99199199199199236057e-08
  +2.00200200200200237575e-08
  +2.01201201201201239094e-08
  +2.02202202202202240613e-08
  +2.03203203203203242132e-08
  +2.04204204204204243650e-08
  +2.05205205205205245169e-08
  +2.06206206206206246688e-08
  +2.07207207207207248207e-08
  +2.08208208208208249725e-08
  +2.09209209209209251244e-08
  +2.10210210210210252763e-08
  +2.11211211211211254282e-08
  +2.12212212212212255800e-08
  +2.13213213213213257319e-08
  +2.14214214214214225751e-08
  +2.15215215215215227270e-08
  +2.16216216216216228788e-08
  +2.17217217217217230307e-08
  +2.18218218218218231826e-08
  +2.19219219219219233345e-08
  +2.20220220220220234863e-08
  +2.21221221221221236382e-08
  +2.22222222222222237901e-08
  +2.23223223223223239420e-08
  +2.24224224224224240938e-08
  +2.25225225225225242457e-08
  +2.26226226226226243976e-08
  +2.27227227227227245495e-08
  +2.28228228228228247013e-08
  +2.29229229229229248532e-08
  +2.30230230230230250051e-08
  +2.31231231231231251570e-08
  +2.32232232232232253088e-08
  +2.33233233233233254607e-08
  +2.34234234234234256126e-08
  +2.35235235235235257645e-08
  +2.36236236236236259163e-08
  +2.37237237237237260682e-08
  +2.38238238238238262201e-08
  +2.39239239239239263719e-08
  +2.40240240240240265238e-08
  +2.41241241241241266757e-08
  +2.42242242242242268276e-08
  +2.43243243243243269794e-08
  +2.44244244244244271313e-08
  +2.45245245245245272832e-08
  +2.46246246246246274351e-08
  +2.47247247247247275869e-08
  +2.48248248248248277388e-08
  +2.49249249249249278907e-08
  +2.50250250250250280426e-08
  +2.51251251251251281944e-08
  +2.52252252252252283463e-08
  +2.53253253253253284982e-08
  +2.54254254254254286501e-08
  +2.55255255255255288019e-08
  +2.56256256256256289538e-08
  +2.57257257257257291057e-08
  +2.58258258258258292576e-08
  +2.59259259259259294094e-08
  +2.60260260260260295613e-08
  +2.61261261261261297132e-08
  +2.62262262262262298651e-08
  +2.63263263263263300169e-08
  +2.64264264264264301688e-08
  +2.65265265265265303207e-08
  +2.66266266266266304726e-08
  +2.67267267267267306244e-08
  +2.68268268268268307763e-08
  +2.69269269269269309282e-08
  +2.70270270270270310801e-08
  +2.71271271271271312319e-08
  +2.72272272272272313838e-08
  +2.73273273273273315357e-08
  +2.74274274274274316876e-08
  +2.75275275275275318394e-08
  +2.76276276276276319913e-08
  +2.77277277277277321432e-08
  +2.78278278278278322951e-08
  +2.79279279279279324469e-08
  +2.80280280280280325988e-08
  +2.81281281281281327507e-08
  +2.82282282282282329026e-08
  +2.83283283283283330544e-08
  +2.84284284284284332063e-08
  +2.85285285285285333582e-08
  +2.86286286286286335101e-08
  +2.87287287287287336619e-08
  +2.88288288288288338138e-08
  +2.89289289289289339657e-08
  +2.90290290290290341176e-08
  +2.91291291291291342694e-08
  +2.92292292292292344213e-08
  +2.93293293293293345732e-08
  +2.94294294294294347251e-08
  +2.95295295295295348769e-08
  +2.96296296296296350288e-08
  +2.97297297297297351807e-08
  +2.98298298298298320239e-08
  +2.99299299299299354844e-08
  +3.00300300300300323276e-08
  +3.01301301301301357882e-08
  +3.02302302302302326314e-08
  +3.03303303303303360919e-08
  +3.04304304304304329351e-08
  +3.05305305305305363957e-08
  +3.06306306306306332389e-08
  +3.07307307307307366994e-08
  +3.08308308308308335426e-08
  +3.09309309309309370032e-08
  +3.10310310310310338464e-08
  +3.11311311311311373069e-08
  +3.12312312312312341501e-08
  +3.13313313313313376107e-08
  +3.14314314314314344539e-08
  +3.15315315315315379144e-08
  +3.16316316316316347576e-08
  +3.17317317317317382182e-08
  +3.18318318318318350613e-08
  +3.19319319319319385219e-08
  +3.20320320320320353651e-08
  +3.21321321321321388257e-08
  +3.22322322322322356688e-08
  +3.23323323323323391294e-08
  +3.24324324324324359726e-08
  +3.25325325325325394332e-08
  +3.26326326326326362763e-08
  +3.27327327327327397369e-08
  +3.28328328328328365801e-08
  +3.29329329329329400407e-08
  +3.30330330330330368838e-08
  +3.31331331331331403444e-08
  +3.32332332332332371876e-08
  +3.33333333333333406482e-08
  +3.34334334334334374913e-08
  +3.35335335335335409519e-08
  +3.36336336336336377951e-08
  +3.37337337337337412557e-08
  +3.38338338338338380988e-08
  +3.39339339339339415594e-08
  +3.40340340340340384026e-08
  +3.41341341341341418632e-08
  +3.42342342342342387063e-08
  +3.43343343343343355495e-08
  +3.44344344344344390101e-08
  +3.45345345345345358533e-08
  +3.46346346346346393138e-08
  +3.47347347347347361570e-08
  +3.48348348348348396176e-08
  +3.49349349349349364608e-08
  +3.50350350350350399213e-08
  +3.51351351351351367645e-08
  +3.52352352352352402251e-08
  +3.53353353353353370683e-08
  +3.54354354354354405288e-08
  +3.55355355355355373720e-08
  +3.56356356356356408326e-08
  +3.57357357357357376758e-08
  +3.58358358358358411363e-08
  +3.59359359359359379795e-08
  +3.60360360360360414401e-08
  +3.61361361361361382833e-08
  +3.62362362362362417438e-08
  +3.63363363363363385870e-08
  +3.64364364364364420476e-08
  +3.65365365365365388908e-08
  +3.66366366366366423513e-08
  +3.67367367367367391945e-08
  +3.68368368368368426551e-08
  +3.69369369369369394983e-08
  +3.70370370370370429588e-08
  +3.71371371371371398020e-08
  +3.72372372372372432626e-08
  +3.73373373373373401058e-08
  +3.74374374374374435663e-08
  +3.75375375375375404095e-08
  +3.76376376376376438701e-08
  +3.77377377377377407133e-08
  +3.78378378378378441738e-08
  +3.79379379379379410170e-08
  +3.80380380380380444776e-08
  +3.81381381381381413208e-08
  +3.82382382382382447813e-08
  +3.83383383383383416245e-08
  +3.84384384384384450851e-08
  +3.85385385385385419283e-08
  +3.86386386386386453888e-08
  +3.87387387387387422320e-08
  +3.88388388388388456926e-08
  +3.89389389389389425358e-08
  +3.90390390390390459963e-08
  +3.91391391391391428395e-08
  +3.92392392392392463001e-08
  +3.93393393393393431433e-08
  +3.94394394394394466038e-08
  +3.95395395395395434470e-08
  +3.96396396396396469076e-08
  +3.97397397397397437507e-08
  +3.98398398398398472113e-08
  +3.99399399399399440545e-08
  +4.00400400400400475151e-08
  +4.01401401401401443582e-08
  +4.02402402402402478188e-08
  +4.03403403403403446620e-08
  +4.04404404404404481226e-08
  +4.05405405405405449657e-08
  +4.06406406406406484263e-08
  +4.07407407407407452695e-08
  +4.08408408408408487301e-08
  +4.09409409409409455732e-08
  +4.10410410410410490338e-08
  +4.11411411411411458770e-08
  +4.12412412412412493376e-08
  +4.13413413413413461807e-08
  +4.14414414414414496413e-08
  +4.15415415415415464845e-08
  +4.16416416416416499451e-08
  +4.17417417417417467882e-08
  +4.18418418418418502488e-08
  +4.19419419419419470920e-08
  +4.20420420420420505526e-08
  +4.21421421421421473957e-08
  +4.22422422422422508563e-08
  +4.23423423423423476995e-08
  +4.24424424424424511601e-08
  +4.25425425425425480032e-08
  +4.26426426426426514638e-08
  +4.27427427427427483070e-08
  +4.28428428428428451502e-08
  +4.29429429429429486107e-08
  +4.30430430430430454539e-08
  +4.31431431431431489145e-08
  +4.32432432432432457577e-08
  +4.33433433433433492182e-08
  +4.34434434434434460614e-08
  +4.35435435435435495220e-08
  +4.36436436436436463652e-08
  +4.37437437437437498257e-08
  +4.38438438438438466689e-08
  +4.39439439439439501295e-08
  +4.40440440440440469727e-08
  +4.41441441441441504332e-08
  +4.42442442442442472764e-08
  +4.43443443443443507370e-08
  +4.44444444444444475802e-08
  +4.45445445445445510407e-08
  +4.46446446446446478839e-08
  +4.47447447447447513445e-08
  +4.48448448448448481877e-08
  +4.49449449449449516482e-08
  +4.50450450450450484914e-08
  +4.51451451451451519520e-08
  +4.52452452452452487952e-08
  +4.53453453453453522557e-08
  +4.54454454454454490989e-08
  +4.55455455455455525595e-08
  +4.56456456456456494027e-08
  +4.57457457457457528632e-08
  +4.58458458458458497064e-08
  +4.59459459459459531670e-08
  +4.60460460460460500102e-08
  +4.61461461461461534707e-08
  +4.62462462462462503139e-08
  +4.63463463463463537745e-08
  +4.64464464464464506177e-08
  +4.65465465465465540782e-08
  +4.66466466466466509214e-08
  +4.67467467467467543820e-08
  +4.68468468468468512252e-08
  +4.69469469469469546857e-08
  +4.70470470470470515289e-08
  +4.71471471471471549895e-08
  +4.72472472472472518327e-08
  +4.73473473473473552932e-08
  +4.74474474474474521364e-08
  +4.75475475475475555970e-08
  +4.76476476476476524401e-08
  +4.77477477477477559007e-08
  +4.78478478478478527439e-08
  +4.79479479479479562045e-08
  +4.80480480480480530476e-08
  +4.81481481481481565082e-08
  +4.82482482482482533514e-08
  +4.83483483483483568120e-08
  +4.84484484484484536551e-08
  +4.85485485485485571157e-08
  +4.86486486486486539589e-08
  +4.87487487487487574195e-08
  +4.88488488488488542626e-08
  +4.89489489489489577232e-08
  +4.90490490490490545664e-08
  +4.91491491491491580270e-08
  +4.92492492492492548701e-08
  +4.93493493493493583307e-08
  +4.94494494494494551739e-08
  +4.95495495495495586345e-08
  +4.96496496496496554776e-08
  +4.97497497497497589382e-08
  +4.98498498498498557814e-08
  +4.99499499499499592420e-08
  +5.00500500500500560851e-08
  +5.01501501501501595457e-08
  +5.02502502502502563889e-08
  +5.03503503503503598495e-08
  +5.04504504504504566926e-08
  +5.05505505505505601532e-08
  +5.06506506506506569964e-08
  +5.07507507507507604570e-08
  +5.08508508508508573001e-08
  +5.09509509509509607607e-08
  +5.10510510510510576039e-08
  +5.11511511511511610645e-08
  +5.12512512512512579076e-08
  +5.13513513513513547508e-08
  +5.14514514514514582114e-08
  +5.15515515515515550546e-08
  +5.16516516516516585151e-08
  +5.17517517517517553583e-08
  +5.18518518518518588189e-08
  +5.19519519519519556621e-08
  +5.20520520520520591226e-08
  +5.21521521521521559658e-08
  +5.22522522522522594264e-08
  +5.23523523523523562696e-08
  +5.24524524524524597301e-08
  +5.25525525525525565733e-08
  +5.26526526526526600339e-08
  +5.27527527527527568771e-08
  +5.28528528528528603376e-08
  +5.29529529529529571808e-08
  +5.30530530530530606414e-08
  +5.31531531531531574846e-08
  +5.32532532532532609451e-08
  +5.33533533533533577883e-08
  +5.34534534534534612489e-08
  +5.35535535535535580921e-08
  +5.36536536536536615526e-08
  +5.37537537537537583958e-08
  +5.38538538538538618564e-08
  +5.39539539539539586996e-08
  +5.40540540540540621601e-08
  +5.41541541541541590033e-08
  +5.42542542542542624639e-08
  +5.43543543543543593071e-08
  +5.44544544544544627676e-08
  +5.45545545545545596108e-08
  +5.46546546546546630714e-08
  +5.47547547547547599146e-08
  +5.48548548548548633751e-08
  +5.49549549549549602183e-08
  +5.50550550550550636789e-08
  +5.51551551551551605221e-08
  +5.52552552552552639826e-08
  +5.53553553553553608258e-08
  +5.54554554554554642864e-08
  +5.55555555555555611295e-08
  +5.56556556556556645901e-08
  +5.57557557557557614333e-08
  +5.58558558558558648939e-08
  +5.59559559559559617370e-08
  +5.60560560560560651976e-08
  +5.61561561561561620408e-08
  +5.62562562562562655014e-08
  +5.63563563563563623445e-08
  +5.64564564564564658051e-08
  +5.65565565565565626483e-08
  +5.66566566566566661089e-08
  +5.67567567567567629520e-08
  +5.68568568568568664126e-08
  +5.69569569569569632558e-08
  +5.70570570570570667164e-08
  +5.71571571571571635595e-08
  +5.72572572572572670201e-08
  +5.73573573573573638633e-08
  +5.74574574574574673239e-08
  +5.75575575575575641670e-08
  +5.76576576576576676276e-08
  +5.77577577577577644708e-08
  +5.78578578578578679314e-08
  +5.79579579579579647745e-08
  +5.80580580580580682351e-08
  +5.81581581581581650783e-08
  +5.82582582582582685389e-08
  +5.83583583583583653820e-08
  +5.84584584584584688426e-08
  +5.85585585585585656858e-08
  +5.86586586586586691464e-08
  +5.87587587587587659895e-08
  +5.88588588588588694501e-08
  +5.89589589589589662933e-08
  +5.90590590590590697539e-08
  +5.91591591591591665970e-08
  +5.92592592592592700576e-08
  +5.93593593593593669008e-08
  +5.94594594594594703614e-08
  +5.95595595595595672045e-08
  +5.96596596596596640477e-08
  +5.97597597597597675083e-08
  +5.98598598598598709689e-08
  +5.99599599599599611946e-08
  +6.00600600600600646552e-08
  +6.01601601601601681158e-08
  +6.02602602602602715764e-08
  +6.03603603603603618021e-08
  +6.04604604604604652627e-08
  +6.05605605605605687233e-08
  +6.06606606606606721839e-08
  +6.07607607607607624096e-08
  +6.08608608608608658702e-08
  +6.09609609609609693308e-08
  +6.10610610610610727914e-08
  +6.11611611611611630171e-08
  +6.12612612612612664777e-08
  +6.13613613613613699383e-08
  +6.14614614614614733989e-08
  +6.15615615615615636246e-08
  +6.16616616616616670852e-08
  +6.17617617617617705458e-08
  +6.18618618618618740064e-08
  +6.19619619619619642321e-08
  +6.20620620620620676927e-08
  +6.21621621621621711533e-08
  +6.22622622622622746139e-08
  +6.23623623623623648396e-08
  +6.24624624624624683002e-08
  +6.25625625625625717608e-08
  +6.26626626626626752214e-08
  +6.27627627627627654471e-08
  +6.28628628628628689077e-08
  +6.29629629629629723683e-08
  +6.30630630630630758289e-08
  +6.31631631631631660546e-08
  +6.32632632632632695152e-08
  +6.33633633633633729758e-08
  +6.34634634634634764364e-08
  +6.35635635635635666621e-08
  +6.36636636636636701227e-08
  +6.37637637637637735833e-08
  +6.38638638638638770439e-08
  +6.39639639639639672696e-08
  +6.40640640640640707302e-08
  +6.41641641641641741908e-08
  +6.42642642642642776514e-08
  +6.43643643643643678771e-08
  +6.44644644644644713377e-08
  +6.45645645645645747983e-08
  +6.46646646646646782589e-08
  +6.47647647647647684846e-08
  +6.48648648648648719452e-08
  +6.49649649649649754058e-08
  +6.50650650650650788664e-08
  +6.51651651651651690921e-08
  +6.52652652652652725527e-08
  +6.53653653653653760133e-08
  +6.54654654654654794739e-08
  +6.55655655655655696996e-08
  +6.56656656656656731602e-08
  +6.57657657657657766208e-08
  +6.58658658658658800814e-08
  +6.59659659659659703071e-08
  +6.60660660660660737677e-08
  +6.61661661661661772283e-08
  +6.62662662662662806889e-08
  +6.63663663663663709146e-08
  +6.64664664664664743752e-08
  +6.65665665665665778358e-08
  +6.66666666666666812964e-08
  +6.67667667667667715221e-08
  +6.68668668668668749827e-08
  +6.69669669669669784433e-08
  +6.70670670670670819039e-08
  +6.71671671671671721296e-08
  +6.72672672672672755902e-08
  +6.73673673673673790508e-08
  +6.74674674674674825114e-08
  +6.75675675675675727371e-08
  +6.76676676676676761977e-08
  +6.77677677677677796583e-08
  +6.78678678678678831189e-08
  +6.79679679679679733446e-08
  +6.80680680680680768052e-08
  +6.81681681681681802658e-08
  +6.82682682682682837264e-08
  +6.83683683683683739521e-08
  +6.84684684684684774127e-08
  +6.85685685685685808733e-08
  +6.86686686686686710990e-08
  +6.87687687687687745596e-08
  +6.88688688688688780202e-08
  +6.89689689689689814808e-08
  +6.90690690690690717065e-08
  +6.91691691691691751671e-08
  +6.92692692692692786277e-08
  +6.93693693693693820883e-08
  +6.94694694694694723140e-08
  +6.95695695695695757746e-08
  +6.96696696696696792352e-08
  +6.97697697697697826958e-08
  +6.98698698698698729215e-08
  +6.99699699699699763821e-08
  +7.00700700700700798427e-08
  +7.01701701701701833033e-08
  +7.02702702702702735290e-08
  +7.03703703703703769896e-08
  +7.04704704704704804502e-08
  +7.05705705705705839108e-08
  +7.06706706706706741365e-08
  +7.07707707707707775971e-08
  +7.08708708708708810577e-08
  +7.09709709709709845183e-08
  +7.10710710710710747440e-08
  +7.11711711711711782046e-08
  +7.12712712712712816652e-08
  +7.13713713713713851258e-08
  +7.14714714714714753515e-08
  +7.15715715715715788121e-08
  +7.16716716716716822727e-08
  +7.17717717717717857333e-08
  +7.18718718718718759590e-08
  +7.19719719719719794196e-08
  +7.20720720720720828802e-08
  +7.21721721721721863408e-08
  +7.22722722722722765665e-08
  +7.23723723723723800271e-08
  +7.24724724724724834877e-08
  +7.25725725725725869483e-08
  +7.26726726726726771740e-08
  +7.27727727727727806346e-08
  +7.28728728728728840952e-08
  +7.29729729729729875558e-08
  +7.30730730730730777815e-08
  +7.31731731731731812421e-08
  +7.32732732732732847027e-08
  +7.33733733733733881633e-08
  +7.34734734734734783890e-08
  +7.35735735735735818496e-08
  +7.36736736736736853102e-08
  +7.37737737737737887708e-08
  +7.38738738738738789965e-08
  +7.39739739739739824571e-08
  +7.40740740740740859177e-08
  +7.41741741741741893783e-08
  +7.42742742742742796040e-08
  +7.43743743743743830646e-08
  +7.44744744744744865252e-08
  +7.45745745745745899858e-08
  +7.46746746746746802115e-08
  +7.47747747747747836721e-08
  +7.48748748748748871327e-08
  +7.49749749749749905933e-08
  +7.50750750750750808190e-08
  +7.51751751751751842796e-08
  +7.52752752752752877402e-08
  +7.53753753753753912008e-08
  +7.54754754754754814265e-08
  +7.55755755755755848871e-08
  +7.56756756756756883477e-08
  +7.57757757757757918083e-08
  +7.58758758758758820340e-08
  +7.59759759759759854946e-08
  +7.60760760760760889552e-08
  +7.61761761761761924158e-08
  +7.62762762762762826415e-08
  +7.63763763763763861021e-08
  +7.64764764764764895627e-08
  +7.65765765765765930233e-08
  +7.66766766766766832490e-08
  +7.67767767767767867096e-08
  +7.68768768768768901702e-08
  +7.69769769769769803959e-08
  +7.70770770770770838565e-08
  +7.71771771771771873171e-08
  +7.72772772772772907777e-08
  +7.73773773773773810034e-08
  +7.74774774774774844640e-08
  +7.75775775775775879246e-08
  +7.76776776776776913852e-08
  +7.77777777777777816109e-08
  +7.78778778778778850715e-08
  +7.79779779779779885321e-08
  +7.80780780780780919927e-08
  +7.81781781781781822184e-08
  +7.82782782782782856790e-08
  +7.83783783783783891396e-08
  +7.84784784784784926002e-08
  +7.85785785785785828259e-08
  +7.86786786786786862865e-08
  +7.87787787787787897471e-08
  +7.88788788788788932077e-08
  +7.89789789789789834334e-08
  +7.90790790790790868940e-08
  +7.91791791791791903546e-08
  +7.92792792792792938152e-08
  +7.93793793793793840409e-08
  +7.94794794794794875015e-08
  +7.95795795795795909621e-08
  +7.96796796796796944227e-08
  +7.97797797797797846484e-08
  +7.98798798798798881090e-08
  +7.99799799799799915696e-08
  +8.00800800800800950302e-08
  +8.01801801801801852559e-08
  +8.02802802802802887165e-08
  +8.03803803803803921771e-08
  +8.04804804804804956377e-08
  +8.05805805805805858634e-08
  +8.06806806806806893240e-08
  +8.07807807807807927846e-08
  +8.08808808808808962452e-08
  +8.09809809809809864709e-08
  +8.10810810810810899315e-08
  +8.11811811811811933921e-08
  +8.12812812812812968527e-08
  +8.13813813813813870784e-08
  +8.14814814814814905390e-08
  +8.15815815815815939996e-08
  +8.16816816816816974602e-08
  +8.17817817817817876859e-08
  +8.18818818818818911465e-08
  +8.19819819819819946071e-08
  +8.20820820820820980677e-08
  +8.21821821821821882934e-08
  +8.22822822822822917540e-08
  +8.23823823823823952146e-08
  +8.24824824824824986752e-08
  +8.25825825825825889009e-08
  +8.26826826826826923615e-08
  +8.27827827827827958221e-08
  +8.28828828828828992827e-08
  +8.29829829829829895084e-08
  +8.30830830830830929690e-08
  +8.31831831831831964296e-08
  +8.32832832832832998902e-08
  +8.33833833833833901159e-08
  +8.34834834834834935765e-08
  +8.35835835835835970371e-08
  +8.36836836836837004977e-08
  +8.37837837837837907234e-08
  +8.38838838838838941840e-08
  +8.39839839839839976446e-08
  +8.40840840840841011052e-08
  +8.41841841841841913309e-08
  +8.42842842842842947915e-08
  +8.43843843843843982521e-08
  +8.44844844844845017127e-08
  +8.45845845845845919384e-08
  +8.46846846846846953990e-08
  +8.47847847847847988596e-08
  +8.48848848848849023202e-08
  +8.49849849849849925459e-08
  +8.50850850850850960065e-08
  +8.51851851851851994671e-08
  +8.52852852852853029277e-08
  +8.53853853853853931534e-08
  +8.54854854854854966140e-08
  +8.55855855855856000746e-08
  +8.56856856856856903003e-08
  +8.57857857857857937609e-08
  +8.58858858858858972215e-08
  +8.59859859859860006821e-08
  +8.60860860860860909078e-08
  +8.61861861861861943684e-08
  +8.62862862862862978290e-08
  +8.63863863863864012896e-08
  +8.64864864864864915153e-08
  +8.65865865865865949759e-08
  +8.66866866866866984365e-08
  +8.67867867867868018971e-08
  +8.68868868868868921228e-08
  +8.69869869869869955834e-08
  +8.70870870870870990440e-08
  +8.71871871871872025046e-08
  +8.72872872872872927303e-08
  +8.73873873873873961909e-08
  +8.74874874874874996515e-08
  +8.75875875875876031121e-08
  +8.76876876876876933378e-08
  +8.77877877877877967984e-08
  +8.78878878878879002590e-08
  +8.79879879879880037196e-08
  +8.80880880880880939453e-08
  +8.81881881881881974059e-08
  +8.82882882882883008665e-08
  +8.83883883883884043271e-08
  +8.84884884884884945528e-08
  +8.85885885885885980134e-08
  +8.86886886886887014740e-08
  +8.87887887887888049346e-08
  +8.88888888888888951603e-08
  +8.89889889889889986209e-08
  +8.90890890890891020815e-08
  +8.91891891891892055421e-08
  +8.92892892892892957678e-08
  +8.93893893893893992284e-08
  +8.94894894894895026890e-08
  +8.95895895895896061496e-08
  +8.96896896896896963753e-08
  +8.97897897897897998359e-08
  +8.98898898898899032965e-08
  +8.99899899899900067571e-08
  +9.00900900900900969828e-08
  +9.01901901901902004434e-08
  +9.02902902902903039040e-08
  +9.03903903903904073646e-08
  +9.04904904904904975903e-08
  +9.05905905905906010509e-08
  +9.06906906906907045115e-08
  +9.07907907907908079721e-08
  +9.08908908908908981978e-08
  +9.09909909909910016584e-08
  +9.10910910910911051190e-08
  +9.11911911911912085796e-08
  +9.12912912912912988053e-08
  +9.13913913913914022659e-08
  +9.14914914914915057265e-08
  +9.15915915915916091871e-08
  +9.16916916916916994128e-08
  +9.17917917917918028734e-08
  +9.18918918918919063340e-08
  +9.19919919919920097946e-08
  +9.20920920920921000203e-08
  +9.21921921921922034809e-08
  +9.22922922922923069415e-08
  +9.23923923923924104021e-08
  +9.24924924924925006278e-08
  +9.25925925925926040884e-08
  +9.26926926926927075490e-08
  +9.27927927927928110096e-08
  +9.28928928928929012353e-08
  +9.29929929929930046959e-08
  +9.30930930930931081565e-08
  +9.31931931931932116171e-08
  +9.32932932932933018428e-08
  +9.33933933933934053034e-08
  +9.34934934934935087640e-08
  +9.35935935935936122246e-08
  +9.36936936936937024503e-08
  +9.37937937937938059109e-08
  +9.38938938938939093715e-08
  +9.39939939939939995972e-08
  +9.40940940940941030578e-08
  +9.41941941941942065184e-08
  +9.42942942942943099790e-08
  +9.43943943943944002047e-08
  +9.44944944944945036653e-08
  +9.45945945945946071259e-08
  +9.46946946946947105865e-08
  +9.47947947947948008122e-08
  +9.48948948948949042728e-08
  +9.49949949949950077334e-08
  +9.50950950950951111940e-08
  +9.51951951951952014197e-08
  +9.52952952952953048803e-08
  +9.53953953953954083409e-08
  +9.54954954954955118015e-08
  +9.55955955955956020272e-08
  +9.56956956956957054878e-08
  +9.57957957957958089484e-08
  +9.58958958958959124090e-08
  +9.59959959959960026347e-08
  +9.60960960960961060953e-08
  +9.61961961961962095559e-08
  +9.62962962962963130165e-08
  +9.63963963963964032422e-08
  +9.64964964964965067028e-08
  +9.65965965965966101634e-08
  +9.66966966966967136240e-08
  +9.67967967967968038497e-08
  +9.68968968968969073103e-08
  +9.69969969969970107709e-08
  +9.70970970970971142315e-08
  +9.71971971971972044572e-08
  +9.72972972972973079178e-08
  +9.73973973973974113784e-08
  +9.74974974974975148390e-08
  +9.75975975975976050647e-08
  +9.76976976976977085253e-08
  +9.77977977977978119859e-08
  +9.78978978978979154465e-08
  +9.79979979979980056722e-08
  +9.80980980980981091328e-08
  +9.81981981981982125934e-08
  +9.82982982982983160540e-08
  +9.83983983983984062797e-08
  +9.84984984984985097403e-08
  +9.85985985985986132009e-08
  +9.86986986986987166615e-08
  +9.87987987987988068872e-08
  +9.88988988988989103478e-08
  +9.89989989989990138084e-08
  +9.90990990990991172690e-08
  +9.91991991991992074947e-08
  +9.92992992992993109553e-08
  +9.93993993993994144159e-08
  +9.94994994994995178765e-08
  +9.95995995995996081022e-08
  +9.96996996996997115628e-08
  +9.97997997997998150234e-08
  +9.98998998998999184840e-08
  +1.00000000000000008710e-07
</indep>
<dep SMo3 Frequency.0003>
  +2.00200200200242655821e-03
  +2.00227224612559628544e-03+j6.29034447396493443850e-06
  +2.00308443701011475516e-03+j1.25859163281586136976e-05
  +2.00443921860928020440e-03+j1.88919539430981245636e-05
  +2.00633910119036619479e-03+j2.52137279352650110948e-05
  +2.00878755369485835144e-03+j3.15565565719020245275e-05
  +2.01178820069952343785e-03+j3.79258060500738011745e-05
  +2.01534662493114795356e-03+j4.43269329481695670996e-05
  +2.01946917796134084097e-03+j5.07654854715843526815e-05
  +2.02416270512966595119e-03+j5.72471081405151745289e-05
  +2.02943532957597198851e-03+j6.37775745849913038412e-05
  +2.03529679584391141184e-03+j7.03628199209144222521e-05
  +2.04175676158278038633e-03+j7.70089022437088813709e-05
  +2.04882735006680282916e-03+j8.37221060079769690415e-05
  +2.05652165273146258703e-03+j9.05089153838832847577e-05
  +2.06485334941515236845e-03+j9.73760120759311947804e-05
  +2.07383779863982899844e-03+j1.04330339954949226919e-04
  +2.08349203417901480961e-03+j1.11379131852560654160e-04
  +2.09383472838824439763e-03+j1.18529934456722467018e-04
  +2.10488570833823216907e-03+j1.25790605835059067681e-04
  +2.11666611367640998542e-03+j1.33169344229232370106e-04
  +2.12920038103202834134e-03+j1.40674840561547613961e-04
  +2.14251295802302382104e-03+j1.48316103728724890242e-04
  +2.15663226100377882627e-03+j1.56102748057545599085e-04
  +2.17158733927631884125e-03+j1.64044804845221763251e-04
  +2.18741102046031248018e-03+j1.72152980836804856898e-04
  +2.20413704611098016165e-03+j1.80438484465268218380e-04
  +2.22180377321529566939e-03+j1.88913356108160075675e-04
  +2.24045136568284779244e-03+j1.97590294597450801158e-04
  +2.26012409520090972945e-03+j2.06482897299957771607e-04
  +2.28086796833321418451e-03+j2.15605502252947273676e-04
  +2.30273570341395228400e-03+j2.24973703388983101723e-04
  +2.32578175734071343483e-03+j2.34603956930461984365e-04
  +2.35006378569025016489e-03+j2.44513762687259994955e-04
  +2.37565590713463949471e-03+j2.54723138980258989855e-04
  +2.40261956495666428521e-03+j2.65251669421568889422e-04
  +2.43103413988547852054e-03+j2.76121780848588907736e-04
  +2.46098398451425996736e-03+j2.87357517172392117315e-04
  +2.49255959955557585342e-03+j2.98984762456459102990e-04
  +2.52586030912051564060e-03+j3.11031671356036380511e-04
  +2.56099530594924634438e-03+j3.23528945204080325190e-04
  +2.59808278515166095682e-03+j3.36509880991175871351e-04
  +2.63725604202210122534e-03+j3.50011328528400888181e-04
  +2.67889265704946300667e-03+j3.64105086294316728640e-04
  +2.72239861788780342783e-03+j3.78732666599637473291e-04
  +2.76873049601130197250e-03+j3.94048702523981404094e-04
  +2.81780210740185596552e-03+j4.10068390834813925952e-04
  +2.86982632651508950614e-03+j4.26850365062953927484e-04
  +2.92503527630421072264e-03+j4.44458981557897629937e-04
  +2.98368337694942089081e-03+j4.62965110491005637193e-04
  +3.04604591220245012398e-03+j4.82446277007065325079e-04
  +3.11239671383523302389e-03+j5.02983401406281185018e-04
  +3.18283463406823742201e-03+j5.24632184340764144009e-04
  +3.23951835881568488834e-03+j5.44434669936537450445e-04
  +3.34204219303193888688e-03+j5.72466483967869134604e-04
  +3.42858606243721724879e-03+j5.98384058798424769803e-04
  +3.52202781782715414541e-03+j6.26100358151768969853e-04
  +3.62286778895345691967e-03+j6.55774223136390576640e-04
  +3.73201707148466737748e-03+j6.87646856045282385377e-04
  +3.85078031187946739217e-03+j7.22045291496182161869e-04
  +3.98128544067433403492e-03+j7.59470815752221134823e-04
  +4.12830408095745705899e-03+j8.00965626694474146577e-04
  +4.31202156621021334693e-03+j8.50675310305812467856e-04
  +5.59342810317324003189e-03+j1.12173865776272725994e-03
  +4.48670040630630602430e-03+j9.14460611839846876543e-04
  +4.70945693133276513387e-03+j9.75281645141439553631e-04
  +4.92034965304343711173e-03+j1.03508663530846724103e-03
  +5.13672177350747629493e-03+j1.09746736679668588019e-03
  +5.35635090451101053555e-03+j1.16199889017961754262e-03
  +5.56373253429677614573e-03+j1.22530208073587170911e-03
  +5.71165417952807993873e-03+j1.27670597027418255415e-03
  +5.63885293335100387657e-03+j1.27904618747834300865e-03
  +4.48473708571968127795e-03+j1.03208585310263570300e-03
  -3.86191177360027670940e-02-j9.01537608933113479570e-03
  +1.31463568952943296586e-02+j3.11251285847283839375e-03
  +1.24950500922538666054e-02+j2.99979612079142882869e-03
  +1.33335394659821211000e-02+j3.24543610882520143501e-03
  +1.49385909032513346933e-02+j3.68586158199065306446e-03
  +1.74172025588791926087e-02+j4.35551396970222052391e-03
  +2.12766373463328418991e-02+j5.39172011383484434816e-03
  +2.78118407407075621252e-02+j7.14086700371052273545e-03
  +4.09695301802648001455e-02+j1.06564932639237157364e-02
  +8.05362423970121532601e-02+j2.12184543446577410231e-02
  +9.32501491797930959216e-01+j2.48816691103790177397e-01
  -7.77904413325653382172e-02-j2.10186055710192935819e-02
  -3.81736479988055779633e-02-j1.04431283539922238612e-02
  -2.49251709894807924051e-02-j6.90299291291376470453e-03
  -1.82447503514402142866e-02-j5.11462712231352482212e-03
  -1.41588611170251725546e-02-j4.01723220730467855261e-03
  -1.13171307562109652728e-02-j3.24941069175265981328e-03
  -9.08126868492782624021e-03-j2.63835244617381062954e-03
  -6.94935233492257904003e-03-j2.04266998208678428675e-03
  -3.66730708684403355901e-03-j1.09048450762393796427e-03
  +3.86034376143665133863e-02+j1.16109685178964732594e-02
  -1.08656527776897094545e-02-j3.30538110119262505682e-03
  -8.07991200980630666639e-03-j2.48570550153203503191e-03
  -6.84820167885290438659e-03-j2.13035520989563950667e-03
  -6.05340306230822168543e-03-j1.90398547537733815391e-03
  -5.46121875401990412857e-03-j1.73659787316372739990e-03
  -4.98683018081936667992e-03-j1.60301639796733429340e-03
  -4.58862359214148429060e-03-j1.49093418368580611470e-03
  -4.23850055062420082858e-03-j1.39190881432602660966e-03
  -3.89269163405450788901e-03-j1.29190851356195059337e-03
  -2.63930279866981002887e-03-j8.85147707537241985008e-04
  -3.65945217912261528195e-03-j1.24008013327664358590e-03
  -3.40061101741120008421e-03-j1.16428938549612438075e-03
  -3.20152968021621565226e-03-j1.10737765185592242252e-03
  -3.02927309483338015952e-03-j1.05846274342763025170e-03
  -2.87548406404439498701e-03-j1.01487476284458874067e-03
  -2.73623527454860742888e-03-j9.75405920381794151047e-04
  -2.60905864764620883459e-03-j9.39318911879431198315e-04
  -2.49210479284540931122e-03-j9.06066941125033991668e-04
  -2.38348976428016208137e-03-j8.75064719377519843052e-04
  -2.26779311853461413434e-03-j8.40682469185323444881e-04
  -2.19578500568536841980e-03-j8.21844105845604051309e-04
  -2.10856167768277459607e-03-j7.96759063133598574927e-04
  -2.02774758259886486722e-03-j7.73510583510356392392e-04
  -1.95224866100147638817e-03-j7.51744626694607061095e-04
  -1.88147618220799823716e-03-j7.31288058116280202843e-04
  -1.81497359820637473374e-03-j7.12011321979931347849e-04
  -1.75235574567250197188e-03-j6.93806721089100801765e-04
  -1.69328651474298457445e-03-j6.76580756119185468961e-04
  -1.63746339539305924872e-03-j6.60248758176205734725e-04
  -1.58445596435980730864e-03-j6.44669760902991171962e-04
  -1.53465703094494282377e-03-j6.30034612075946586635e-04
  -1.48714428631584768929e-03-j6.15995332597820961611e-04
  -1.44200587478685894605e-03-j6.02612777056643405746e-04
  -1.39906505131530000015e-03-j5.89837539473053317114e-04
  -1.35816596937569184986e-03-j5.77626602610781724953e-04
  -1.31916936573952658235e-03-j5.65941859798567013969e-04
  -1.28194711016971327373e-03-j5.54748051887991714716e-04
  -1.24638376805132457606e-03-j5.44013645222434926059e-04
  -1.21237312127514583818e-03-j5.33709526691218899899e-04
  -1.17981617566439598785e-03-j5.23808282025405697567e-04
  -1.14862984855165360838e-03-j5.14288212254376624587e-04
  -1.11872522454905956937e-03-j5.05123807470932574375e-04
  -1.09002901785085139393e-03-j4.96295400891290112294e-04
  -1.06247168972713472608e-03-j4.87784002239812343547e-04
  -1.03598898003497120156e-03-j4.79572071471805032056e-04
  -1.01052054074698993182e-03-j4.71642975410590874989e-04
  -9.86011392316619040416e-04-j4.63981742092735001490e-04
  -9.62409901283932910088e-04-j4.56574198830268286088e-04
  -9.39667958481853280578e-04-j4.49407116769798828989e-04
  -9.17741374069922302703e-04-j4.42468464571795319119e-04
  -8.96588509119689036110e-04-j4.35746814744406366082e-04
  -8.76170367629731895384e-04-j4.29231434079628602993e-04
  -8.56451171348555613874e-04-j4.22912615015249996123e-04
  -8.37396489976275607177e-04-j4.16780804157124574582e-04
  -8.18974702004417794837e-04-j4.10827358030463568421e-04
  -8.01155879396135348069e-04-j4.05044031072852048301e-04
  -7.83912679801386188573e-04-j3.99423460540437207707e-04
  -7.67217876779310772178e-04-j3.93957946495123280742e-04
  -7.51047747230377854728e-04-j3.88641204234651009217e-04
  -7.35378144041581903803e-04-j3.83466383410455678195e-04
  -7.20187716672449746401e-04-j3.78427749380284362060e-04
  -7.05455540894072167732e-04-j3.73519481840165910782e-04
  -6.91162045284023215594e-04-j3.68736175461017881647e-04
  -6.77289170673984575015e-04-j3.64072950713103301451e-04
  -6.63818790396255328616e-04-j3.59524626843777306198e-04
  -6.50735286229496860330e-04-j3.55087124200418528634e-04
  -6.38022252577721024451e-04-j3.50755701556291642120e-04
  -6.25665447048738814634e-04-j3.46526572475501569263e-04
  -6.13650866256703936448e-04-j3.42395874330616808469e-04
  -6.01965063950764809643e-04-j3.38359850479159852618e-04
  -5.90594959611845339228e-04-j3.34414751849845240297e-04
  -5.79529218415302297372e-04-j3.30557630134377985597e-04
  -5.68756193350213675071e-04-j3.26785190315909146192e-04
  -5.58264791922305340412e-04-j3.23094284439172417869e-04
  -5.48045495672268680523e-04-j3.19482516250775257574e-04
  -5.38087512727324491883e-04-j3.15946601136136040900e-04
  -5.28381920339079545409e-04-j3.12484196595342190571e-04
  -5.18919779883834334129e-04-j3.09092817811249507848e-04
  -5.09692270210754770632e-04-j3.05769916265583377446e-04
  -5.00691810740994244430e-04-j3.02513559745701580365e-04
  -4.91909858327974677111e-04-j2.99321117329726300339e-04
  -4.83340123139703746382e-04-j2.96191208399867685931e-04
  -4.74973625853561040849e-04-j2.93120699999721990702e-04
  -4.66805325629570115782e-04-j2.90108766767296596175e-04
  -4.58828552624870335784e-04-j2.87153491302107185482e-04
  -4.51036114455695825824e-04-j2.84252525237639976953e-04
  -4.43423381360332987972e-04-j2.81405034793996710902e-04
  -4.35983289772807667238e-04-j2.78608563493047971422e-04
  -4.28711329949403650678e-04-j2.75862187051890235187e-04
  -4.21601758778737505107e-04-j2.73164115442830807059e-04
  -4.14649427648869828202e-04-j2.70512857256759869668e-04
  -4.07849687150665365844e-04-j2.67907169652624314090e-04
  -4.01198577112802279472e-04-j2.65346194610600817805e-04
  -3.94690480697960064966e-04-j2.62827911734465847950e-04
  -3.88322035067501609637e-04-j2.60351722038395301962e-04
  -3.82088544521383432530e-04-j2.57916077334570783067e-04
  -3.75986153737928991379e-04-j2.55519926222635539864e-04
  -3.70011158349406996983e-04-j2.53162261031733473032e-04
  -3.64160060962973801228e-04-j2.50842159364390155079e-04
  -3.58429140566042048546e-04-j2.48558489766832898474e-04
  -3.52814690825876552289e-04-j2.46310072397798224177e-04
  -3.47314003843743996595e-04-j2.44096370217682155732e-04
  -3.41923561101144279136e-04-j2.41916231977678202305e-04
  -3.36640578536796840695e-04-j2.39768973168447585998e-04
  -3.31461721500699209048e-04-j2.37653471559271743099e-04
  -3.26384615588326445611e-04-j2.35569244100109815741e-04
  -3.21406191777755180939e-04-j2.33515267089949633784e-04
  -3.16524056544725167564e-04-j2.31490961149319660452e-04
  -3.11735434305895008598e-04-j2.29495428504866705310e-04
  -3.07037941335268056795e-04-j2.27528016881955557878e-04
  -3.02429613049308150356e-04-j2.25588348920896064435e-04
  -2.97907636552170653355e-04-j2.23675380496421102611e-04
  -2.93469693071156758658e-04-j2.21788394069674974591e-04
  -2.89114111376525878203e-04-j2.19927127125493451386e-04
  -2.84838497610056281921e-04-j2.18090738808362816269e-04
  -2.80640978231836758262e-04-j2.16278749508562288806e-04
  -2.76519675573032384496e-04-j2.14490646743255915663e-04
  -2.72472534989449445293e-04-j2.12725749749120406767e-04
  -2.68497877117980380049e-04-j2.10983638689131946208e-04
  -2.64593824231975076767e-04-j2.09263710163169568265e-04
  -2.60758838542938847695e-04-j2.07565600342368938814e-04
  -2.56991151721145066975e-04-j2.05888736323868405328e-04
  -2.53288991582481114347e-04-j2.04232512744961580220e-04
  -2.49651014981175356760e-04-j2.02596642624992779929e-04
  -2.46076062758180725588e-04-j2.00980968133365647376e-04
  -2.42562269839359745610e-04-j1.99384733684370812597e-04
  -2.39107622564590848813e-04-j1.97807028218767612512e-04
  -2.35711953963723953821e-04-j1.96248442081605313590e-04
  -2.32372995402649009560e-04-j1.94707807502126896372e-04
  -2.29090062758902259085e-04-j1.93185250801344740547e-04
  -2.25861633366854620917e-04-j1.91680178180380072096e-04
  -2.22686612636696326011e-04-j1.90192334764046179843e-04
  -2.19563409282969696466e-04-j1.88721021094972568307e-04
  -2.16491339278399535064e-04-j1.87266293727744715086e-04
  -2.13469302963943495651e-04-j1.85827838300200775873e-04
  -2.10495869237049495646e-04-j1.84405031677878914528e-04
  -2.07570318162150210329e-04-j1.82997851713727848312e-04
  -2.04691399402482938474e-04-j1.81605795295382684224e-04
  -2.01858137684010017230e-04-j1.80228582457365944835e-04
  -1.99069857489850109275e-04-j1.78866186086622529390e-04
  -1.96324699497970423879e-04-j1.77517498825595197590e-04
  -1.93622804724467303342e-04-j1.76183196414333884073e-04
  -1.90963143492628987423e-04-j1.74862891123300117410e-04
  -1.88344360553945787623e-04-j1.73555876775913551060e-04
  -1.85765921818684814903e-04-j1.72262182393088979573e-04
  -1.83226748854017218318e-04-j1.70981321683681084531e-04
  -1.80726669322037847938e-04-j1.69713638956210606567e-04
  -1.78264028689917872553e-04-j1.68458078835600501798e-04
  -1.75838919388843938811e-04-j1.67215212844736401060e-04
  -1.73449887722750396932e-04-j1.65984140043666132192e-04
  -1.71096646436959764180e-04-j1.64765052656303158255e-04
  -1.68778416920471198946e-04-j1.63557664567535841630e-04
  -1.66494028850102342544e-04-j1.62361293451313216029e-04
  -1.64243542603015964167e-04-j1.61176440702769595802e-04
  -1.62026076439350681917e-04-j1.60002683439377510000e-04
  -1.59840862616701689285e-04-j1.58839694825159595407e-04
  -1.57687321321349217503e-04-j1.57687321321895899343e-04
  -1.55564770777695185596e-04-j1.56545296698493044234e-04
  -1.53473214871887507450e-04-j1.55414036249932783432e-04
  -1.51411277782064770080e-04-j1.54292553828434548645e-04
  -1.49378589999286085941e-04-j1.53180864382945747509e-04
  -1.47374697129824626775e-04-j1.52078889987547380110e-04
  -1.45399687585504749400e-04-j1.50987108843074523470e-04
  -1.43452010401930179920e-04-j1.49904292612043529538e-04
  -1.41531739528328763056e-04-j1.48830885146550507192e-04
  -1.39638219639139673752e-04-j1.47766564619210998867e-04
  -1.37770913156268107018e-04-j1.46711121254044618133e-04
  -1.35929476697782449911e-04-j1.45664543024457180482e-04
  -1.34113553203005371993e-04-j1.44626797899668476733e-04
  -1.32322454600610178287e-04-j1.43597488958405747686e-04
  -1.30555775570611367611e-04-j1.42576513197587126554e-04
  -1.28813151556845146032e-04-j1.41563805159438104450e-04
  -1.27094311285110657048e-04-j1.40559396318295625611e-04
  -1.25398488843065075010e-04-j1.39562763930354280864e-04
  -1.23725823503749714650e-04-j1.38574381352742927696e-04
  -1.22075359338592978782e-04-j1.37593495266724586117e-04
  -1.20446890237958076884e-04-j1.36620179386023996200e-04
  -1.18840125509738826250e-04-j1.35654408625901046030e-04
  -1.17254802572187174473e-04-j1.34696185476546704618e-04
  -1.15690374634178143277e-04-j1.33745179911803446608e-04
  -1.14146370604930818909e-04-j1.32801137579616987958e-04
  -1.12622775159761161169e-04-j1.31864327431195909202e-04
  -1.11119086968145376962e-04-j1.30934448827901606148e-04
  -1.09635042573287549853e-04-j1.30011471785234982920e-04
  -1.08170077555675209408e-04-j1.29095002695053486701e-04
  -1.06724210870931369793e-04-j1.28185334941797611421e-04
  -1.05297015764976352003e-04-j1.27282227178479470740e-04
  -1.03888123796298806269e-04-j1.26385499288951698828e-04
  -1.02497365180931221287e-04-j1.25495206341736493475e-04
  -1.01124299354183371717e-04-j1.24611067812898881511e-04
  -9.97688250242079248354e-05-j1.23733213391345801780e-04
  -9.84305240937345340578e-05-j1.22861377475445013785e-04
  -9.71090674860486993128e-05-j1.21995396191341371546e-04
  -9.58044471315716019647e-05-j1.21135504215832631465e-04
  -9.45159387238927387997e-05-j1.20281027755144708804e-04
  -9.32438242656535360613e-05-j1.19432561408427508954e-04
  -9.19876564665919545282e-05-j1.18589772137413834090e-04
  -9.07471381806777057386e-05-j1.17752510071632792267e-04
  -8.95219321614166852743e-05-j1.16920566180736651527e-04
  -8.83119812084339769016e-05-j1.16094091278310827461e-04
  -8.71171847398455318065e-05-j1.15273179978615526427e-04
  -8.59369812786846498610e-05-j1.14457312772391352445e-04
  -8.47713324234402611744e-05-j1.13646655004251415154e-04
  -8.36200213150142227132e-05-j1.12841132932391507017e-04
  -8.24826998011946000647e-05-j1.12040489924428938507e-04
  -8.13594113063943437858e-05-j1.11244995384201624997e-04
  -8.02496385891760015885e-05-j1.10454151681125270967e-04
  -7.91535331385271332186e-05-j1.09668371963302926312e-04
  -7.80705816012716762248e-05-j1.08887150717854378195e-04
  -7.70008969795712408437e-05-j1.08110845887780644367e-04
  -7.59439382904600866504e-05-j1.07338898312991926076e-04
  -7.48999610250578073175e-05-j1.06571864744843257150e-04
  -7.38680426266717963472e-05-j1.05808627181759977985e-04
  -7.28488814149597140382e-05-j1.05050372575751004641e-04
  -7.18419255042628327173e-05-j1.04296502778472805015e-04
  -7.08469367411187475386e-05-j1.03546859718424367949e-04
  -6.98638781116702693025e-05-j1.02801574830700069010e-04
  -6.88924415416536394842e-05-j1.02060379443353672251e-04
  -6.79326360178134070183e-05-j1.01323468341912634031e-04
  -6.69841332780287714022e-05-j1.00590533127969285871e-04
  -6.60468598602073121446e-05-j9.98616401409975268030e-05
  -6.51206410947125001552e-05-j9.91367014623563072443e-05
  -6.42054349678261609318e-05-j9.84158281100406764517e-05
  -6.33009005539031442775e-05-j9.76986708590756871510e-05
  -6.24072227968959232069e-05-j9.69856861133293666035e-05
  -6.15239037660887411749e-05-j9.62762724415151599153e-05
  -6.06507198768475554651e-05-j9.55702420484190223911e-05
  -5.97879770818138226601e-05-j9.48682403148848270346e-05
  -5.89352564602184630493e-05-j9.41697706598740909983e-05
  -5.80925358464515732707e-05-j9.34749591160763886695e-05
  -5.72595847197227019896e-05-j9.27835958705971498850e-05
  -5.64363809272602209377e-05-j9.20958034351582248379e-05
  -5.56227795875824404005e-05-j9.14115043784722252187e-05
  -5.48186499421785569620e-05-j9.07306407212935602403e-05
  -5.40235740648474781775e-05-j9.00526724390255886186e-05
  -5.32379631312250882133e-05-j8.93784342998620343849e-05
  -5.24613979647301512327e-05-j8.87073794512904735717e-05
  -5.16938214277411491287e-05-j8.80395601503523059055e-05
  -5.09352193105335729253e-05-j8.73751022193449636971e-05
  -5.01852907687657694342e-05-j8.67136382776971835007e-05
  -4.94439653682688924716e-05-j8.60551896502153066499e-05
  -4.87112350420386698807e-05-j8.53998861349631910615e-05
  -4.79871014639938770624e-05-j8.47478769910399220905e-05
  -4.72712089942782791741e-05-j8.40986786853046316796e-05
  -4.65633264539706552185e-05-j8.34520149201529765244e-05
  -4.58638202256969035168e-05-j8.28086786526853696564e-05
  -4.51723551926903578923e-05-j8.21682090612634350541e-05
  -4.44888314583393717767e-05-j8.15305610924503884737e-05
  -4.38131204859120142875e-05-j8.08956340414732587556e-05
  -4.31452217482961586912e-05-j8.02635609106474516138e-05
  -4.24850208811666796294e-05-j7.96342639574190225889e-05
  -4.18323995714700022164e-05-j7.90076542244737598615e-05
  -4.11871033025095219086e-05-j7.83833794769046637504e-05
  -4.05493664814795569526e-05-j7.77620129311633610835e-05
  -3.99190558762925202640e-05-j7.71434337409784262650e-05
  -3.92958600382657923921e-05-j7.65271688880346821543e-05
  -3.86799825256174385855e-05-j7.59137400520797333810e-05
  -3.80710503878558566412e-05-j7.53025436983083582910e-05
  -3.74691563315494613777e-05-j7.46938842821924850858e-05
  -3.68741742903728713233e-05-j7.40876350676593597696e-05
  -3.62861702787915530724e-05-j7.34840530536276021660e-05
  -3.57048479490669216289e-05-j7.28826625201390893190e-05
  -3.51300381327250836778e-05-j7.22832329272513654213e-05
  -3.45620594997555512424e-05-j7.16865370446249076551e-05
  -3.40006384359470260025e-05-j7.10921329759459585344e-05
  -3.34456804967218069538e-05-j7.04999409598110491964e-05
  -3.28971427182918086133e-05-j6.99099868616561662561e-05
  -3.23549537211027522614e-05-j6.93222353229043763674e-05
  -3.18191270550511874594e-05-j6.87368321612054095776e-05
  -3.12894495157249881542e-05-j6.81534329637796250194e-05
  -3.07658462588902283878e-05-j6.75719846044642248519e-05
  -3.02484272946759154093e-05-j6.69928404090800399227e-05
  -2.97370863289938566027e-05-j6.64158815099584730899e-05
  -2.92316579400568862042e-05-j6.58408506757588449579e-05
  -2.87320081939099758743e-05-j6.52675523148558078216e-05
  -2.82383389331932751305e-05-j6.46965523597582388773e-05
  -2.77505063291640923927e-05-j6.41276364526068893722e-05
  -2.72683340614683347649e-05-j6.35605059553483452443e-05
  -2.67918603826156080303e-05-j6.29953552357154255344e-05
  -2.63209855185464483237e-05-j6.24320571190202218501e-05
  -2.58556624177457294877e-05-j6.18706050147663834957e-05
  -2.53958591863543428841e-05-j6.13110276772739211208e-05
  -2.49415555324481450546e-05-j6.07533821677515048867e-05
  -2.44926043709421389710e-05-j6.01974149090793699750e-05
  -2.40490810659974576190e-05-j5.96434138651495939962e-05
  -2.36107848397391064603e-05-j5.90909853772796347308e-05
  -2.31777793450664837936e-05-j5.85403882248611859371e-05
  -2.27499500815331322267e-05-j5.79914356448607559713e-05
  -2.23273466002491540415e-05-j5.74443550163938876623e-05
  -2.19097872631353041129e-05-j5.68987809512959709086e-05
  -2.14973044431412403210e-05-j5.63548942320668563399e-05
  -2.10898396042964447609e-05-j5.58126410319279586702e-05
  -2.06872869259866460192e-05-j5.52718382010828354969e-05
  -2.02897304581315374964e-05-j5.47328067326844364539e-05
  -1.98969926454120050183e-05-j5.41951666658297971342e-05
  -1.95091511073679503801e-05-j5.36592240316320339007e-05
  -1.91260583282115703696e-05-j5.31246706959012098969e-05
  -1.87477653078351727198e-05-j5.25917422516499732921e-05
  -1.83742845660930242415e-05-j5.20605737686359284133e-05
  -1.80053551425998218576e-05-j5.15305221998327829080e-05
  -1.76410817775627380179e-05-j5.10019746315266704183e-05
  -1.72814074370493117388e-05-j5.04748606829736877239e-05
  -1.69263925811935499221e-05-j4.99494529052668643251e-05
  -1.65757800343206976518e-05-j4.94250872046282386510e-05
  -1.62296111138782177166e-05-j4.89019700227826231275e-05
  -1.58879640518188050503e-05-j4.83804281503983350148e-05
  -1.55507826966216893157e-05-j4.78603878987822196596e-05
  -1.52179047673028926849e-05-j4.73414413523436350103e-05
  -1.48893795277840196984e-05-j4.68238271771366233428e-05
  -1.45651587729265234494e-05-j4.63074838784101073261e-05
  -1.42451817790398830481e-05-j4.57923060535536666162e-05
  -1.39294943481182979290e-05-j4.52785290191446416325e-05
  -1.36180884825385372392e-05-j4.47662210243113795993e-05
  -1.33107610676002067107e-05-j4.42548038641497044313e-05
  -1.30075575201953349500e-05-j4.37445076351694616974e-05
  -1.27085208836419383260e-05-j4.32355642574855388960e-05
  -1.24135724406284611907e-05-j4.27277965831829331135e-05
  -1.21226617324980973908e-05-j4.22211166658368298944e-05
  -1.18357133616358020992e-05-j4.17153435616042243318e-05
  -1.15528446844128663531e-05-j4.12109743465103345208e-05
  -1.12739200958877908089e-05-j4.07076161972772532509e-05
  -1.09989478783223401724e-05-j4.02053819972485426389e-05
  -1.07278714379610569900e-05-j3.97041492965333181865e-05
  -1.04607019985771812818e-05-j3.92040428454619731442e-05
  -1.01974041812438182263e-05-j3.87050160068097586679e-05
  -9.93792286225825303254e-06-j3.82069429913987050227e-05
  -9.68225795167354542361e-06-j3.77099049713400811049e-05
  -9.43036931812657492496e-06-j3.72138285766018250540e-05
  -9.18221994576029569004e-06-j3.67186481004791977147e-05
  -8.93782100169593291320e-06-j3.62244887820549753580e-05
  -8.69705500166095744040e-06-j3.57309533324030626248e-05
  -8.46008047393120801596e-06-j3.52387712513576567531e-05
  -8.22675896495161987343e-06-j3.47474578813502512839e-05
  -7.99706511185238558151e-06-j3.42569845316044205665e-05
  -7.77097566803597353767e-06-j3.37673292011994057222e-05
  -7.54850936818907121775e-06-j3.32786529660600286147e-05
  -7.32963315258872185319e-06-j3.27908937499093972685e-05
  -7.11427110081830370493e-06-j3.23037903961829168551e-05
  -6.90239442941886730963e-06-j3.18172822324926972480e-05
  -6.69412327259943899799e-06-j3.13320011197627544043e-05
  -6.48937662500981317913e-06-j3.08476613760390024153e-05
  -6.28805003332932841722e-06-j3.03638451086709613470e-05
  -6.09023049432755316602e-06-j2.98810460290397384158e-05
  -5.89579002480267189563e-06-j2.93987172405839607310e-05
  -5.70479095581344333499e-06-j2.89172394277120699626e-05
  -5.51717350429203907535e-06-j2.84363886959913008030e-05
  -5.33292300013665755091e-06-j2.79561613914656160421e-05
  -5.15208269540123928556e-06-j2.74768616960399099196e-05
  -4.97460712982555865928e-06-j2.69983328996685770175e-05
  -4.80043773072136299815e-06-j2.65203337126990185005e-05
  -4.62960611541562970132e-06-j2.60431116367406684925e-05
  -4.46204855508769402425e-06-j2.55663854352623493135e-05
  -4.29777177852774776306e-06-j2.50902629623785960338e-05
  -4.13678401888861737391e-06-j2.46148684302689419021e-05
  -3.97904514608971054306e-06-j2.41400414981958192826e-05
  -3.82456040272183292006e-06-j2.36658888389441590661e-05
  -3.67331093782841115898e-06-j2.31923724972685760867e-05
  -3.52525505268697077297e-06-j2.27193035872194068264e-05
  -3.38039468417883369656e-06-j2.22467631747004240415e-05
  -3.23874224519493642045e-06-j2.17749087779639519309e-05
  -3.10027357450826111568e-06-j2.13036596309995608612e-05
  -2.96495170150823375761e-06-j2.08328365039888150397e-05
  -2.83279855618623338650e-06-j2.03626662107374581335e-05
  -2.70376069299715935396e-06-j1.98928412184511413461e-05
  -2.57786883562949333706e-06-j1.94236575028480250890e-05
  -2.45505905241349958525e-06-j1.89547083940413417004e-05
  -2.33534945808933100958e-06-j1.84861944872393174513e-05
  -2.21874821001799543070e-06-j1.80182552293807201769e-05
  -2.10521625465109905046e-06-j1.75506502136647532313e-05
  -1.99477952068027860813e-06-j1.70836681101376743584e-05
  -1.88740354157834748577e-06-j1.66170972074401465202e-05
  -1.78307724530846193821e-06-j1.61509116501973861389e-05
  -1.68180279084473314127e-06-j1.56852053649608730703e-05
  -1.58354448352815433167e-06-j1.52197181069105286341e-05
  -1.48831600863186249140e-06-j1.47546455075292509148e-05
  -1.39609958879205463469e-06-j1.42898850906717505849e-05
  -1.30688735382933345746e-06-j1.38254240901181108529e-05
  -1.22069095904953082590e-06-j1.33614603762195477009e-05
  -1.13748863836526939207e-06-j1.28978398701953262106e-05
  -1.05725957863045396480e-06-j1.24343951825381941512e-05
  -9.80007618621936311016e-07-j1.19712327525579033903e-05
  -9.05734003332270233389e-07-j1.15084417091477761235e-05
  -8.34421913678218309141e-07-j1.10458850887178440086e-05
  -7.66073244336196156688e-07-j1.05836591172899222490e-05
  -7.00675796576621908853e-07-j1.01216721430258940810e-05
  -6.38223693114614525594e-07-j9.65990876860733964837e-06
  -5.78710365322088168396e-07-j9.19833787114360208531e-06
  -5.22142380838142006285e-07-j8.73713922487434694860e-06
  -4.68506466849039088093e-07-j8.27618032853236132841e-06
  -4.17789256022205165899e-07-j7.81529336748487694550e-06
  -3.69997956294332303842e-07-j7.35467510162313192523e-06
  -3.25115164598432928909e-07-j6.89405042465601720854e-06
  -2.83146730183592155464e-07-j6.43359143678642897841e-06
  -2.44091464527418379675e-07-j5.97334795441287196179e-06
  -2.07938637639681902400e-07-j5.51313015335044823606e-06
  -1.74703328967185098310e-07-j5.05342343488415740815e-06
  -1.44367390589650309940e-07-j4.59384484018132687193e-06
  -1.16919873049958764195e-07-j4.13409256412078400582e-06
  -9.23701224695427932283e-08-j3.67451655552666915292e-06
  -7.07115784548406612301e-08-j3.21493800314096006944e-06
  -5.19447816145213172472e-08-j2.75542985331701785029e-06
  -3.60700050214823864077e-08-j2.29609906956312892829e-06
  -2.30831378571494385705e-08-j1.83680101587788137025e-06
  -1.29829625783450807623e-08-j1.37749417901340821441e-06
  -5.76903319182697750825e-09-j9.18158574210372516896e-07
  -1.44231777077230569007e-09-j4.59102275297202866199e-07
  -1.36779476633819284005e-16-j1.21738023359300507403e-15
  -1.44231638810055083183e-09+j4.59102274014426895300e-07
  -5.76903559856845063477e-09+j9.18158574540275226830e-07
  -1.29829614794463307766e-08+j1.37749417845090676315e-06
  -2.30831375698237198504e-08+j1.83680101697539233616e-06
  -3.60700086021736891875e-08+j2.29609906683127233757e-06
  -5.19447797309169313917e-08+j2.75542985395868511838e-06
  -7.07115872979890914687e-08+j3.21493800493292942013e-06
  -9.23701250394870508423e-08+j3.67451655473365064968e-06
  -1.16919874054710609422e-07+j4.13409256673420675578e-06
  -1.44367391745614516615e-07+j4.59384483851832421669e-06
  -1.74703328896796951560e-07+j5.05342343653861180688e-06
  -2.07938633323134769952e-07+j5.51313015453319676273e-06
  -2.44091465208873273461e-07+j5.97334795553364224067e-06
  -2.83146735168493546619e-07+j6.43359143464652983321e-06
  -3.25115164545364250121e-07+j6.89405042496821237707e-06
  -3.69997956740641957623e-07+j7.35467509881584959166e-06
  -4.17789254573808207549e-07+j7.81529336903943820766e-06
  -4.68506465149287643745e-07+j8.27618032579713269953e-06
  -5.22142380489976101338e-07+j8.73713922401547756294e-06
  -5.78710366770041016783e-07+j9.19833787096618934044e-06
  -6.38223690706762860280e-07+j9.65990877339784120772e-06
  -7.00675798336325445236e-07+j1.01216721437512033115e-05
  -7.66073243124942853763e-07+j1.05836591183497976353e-05
  -8.34421917967009865974e-07+j1.10458851127241959957e-05
  -9.05734006526825983080e-07+j1.15084417083174957939e-05
  -9.80007617554568071324e-07+j1.19712327534038368888e-05
  -1.05725958137403709139e-06+j1.24343951863025152949e-05
  -1.13748864046159250378e-06+j1.28978398687550347752e-05
  -1.22069095476273752567e-06+j1.33614603794700027546e-05
  -1.30688735342143754193e-06+j1.38254240880452687650e-05
  -1.39609958782771482402e-06+j1.42898850870155633613e-05
  -1.48831600790710891448e-06+j1.47546455086897114635e-05
  -1.58354448335651369283e-06+j1.52197181060670921887e-05
  -1.68180279410790046551e-06+j1.56852053640219607652e-05
  -1.78307724770898613325e-06+j1.61509116494211719223e-05
  -1.88740355515903954613e-06+j1.66170972086082117307e-05
  -1.99477952068183291359e-06+j1.70836681088357711660e-05
  -2.10521625568538260675e-06+j1.75506502137105506087e-05
  -2.21874821066814234563e-06+j1.80182552313150046153e-05
  -2.33534946177393915322e-06+j1.84861944877058869156e-05
  -2.45505905435683414713e-06+j1.89547083952436033250e-05
  -2.57786883860311473026e-06+j1.94236575029254066309e-05
  -2.70376069195998868587e-06+j1.98928412181231803533e-05
  -2.83279855517770683159e-06+j2.03626662099868344763e-05
  -2.96495170170762997207e-06+j2.08328365031158493318e-05
  -3.10027357911324424837e-06+j2.13036596262476958627e-05
  -3.23874224634379558242e-06+j2.17749087771063039667e-05
  -3.38039468372408627114e-06+j2.22467631752629725031e-05
  -3.52525505152923004703e-06+j2.27193035863791908003e-05
  -3.67331093772049746744e-06+j2.31923724965954491679e-05
  -3.82456041701262382856e-06+j2.36658888523282316977e-05
  -3.97904514603864038557e-06+j2.41400414938025541527e-05
  -4.13678401549222277849e-06+j2.46148684255778057777e-05
  -4.29777177543977395737e-06+j2.50902629609054397201e-05
  -4.46204855521292784550e-06+j2.55663854367658158542e-05
  -4.62960611478302483873e-06+j2.60431116362402888611e-05
  -4.80043773349891871044e-06+j2.65203337104175081520e-05
  -4.97460713223141259739e-06+j2.69983328975604848065e-05
  -5.15208269448796920886e-06+j2.74768616923775088623e-05
  -5.33292300104926101268e-06+j2.79561613896657218511e-05
  -5.51717350545222179727e-06+j2.84363886947015542274e-05
  -5.70479095372666840217e-06+j2.89172394241873354761e-05
  -5.89579002595752593328e-06+j2.93987172408092240611e-05
  -6.09023049330192925107e-06+j2.98810460281788717264e-05
  -6.28805004648214072548e-06+j3.03638451101073665952e-05
  -6.48937662446247319411e-06+j3.08476613759618411019e-05
  -6.69412327290919132350e-06+j3.13320011217659263381e-05
  -6.90239442239337614533e-06+j3.18172822315136965676e-05
  -7.11427110182527595438e-06+j3.23037903952444450072e-05
  -7.32963314818002547701e-06+j3.27908937528670330324e-05
  -7.54850937002204966858e-06+j3.32786529631977619843e-05
  -7.77097566682427596597e-06+j3.37673292015836537484e-05
  -7.99706511369602224791e-06+j3.42569845293194644880e-05
  -8.22675896477420543450e-06+j3.47474578817841286645e-05
  -8.46008047420565516120e-06+j3.52387712530811722891e-05
  -8.69705500246098514128e-06+j3.57309533311528352184e-05
  -8.93782100174500491996e-06+j3.62244887810678770426e-05
  -9.18221994590062702655e-06+j3.67186481007578647781e-05
  -9.43036931929297486872e-06+j3.72138285762927393434e-05
  -9.68225795004329329728e-06+j3.77099049674916038497e-05
  -9.93792286662476039168e-06+j3.82069429919505978098e-05
  -1.01974041813537309156e-05+j3.87050160074947643767e-05
  -1.04607019977918106390e-05+j3.92040428452108380398e-05
  -1.07278714360914401290e-05+j3.97041492963274824041e-05
  -1.09989478781504771874e-05+j4.02053819962973043103e-05
  -1.12739200978146942022e-05+j4.07076161952037979112e-05
  -1.15528446842454452089e-05+j4.12109743461817060661e-05
  -1.18357133590130120119e-05+j4.17153435597841267110e-05
  -1.21226617305523204094e-05+j4.22211166660029228910e-05
  -1.24135724366529747332e-05+j4.27277965854586666973e-05
  -1.27085208814887721038e-05+j4.32355642571398139282e-05
  -1.30075575133383745431e-05+j4.37445076222597851144e-05
  -1.33107610668397049553e-05+j4.42548038641867841456e-05
  -1.36180884654661934699e-05+j4.47662210306807285495e-05
  -1.39294943474479458902e-05+j4.52785290168125092070e-05
  -1.42451817778872507779e-05+j4.57923060545730741563e-05
  -1.45651587723159007859e-05+j4.63074838809982537659e-05
  -1.48893795245312878200e-05+j4.68238271783709671873e-05
  -1.52179047685507822803e-05+j4.73414413509880570340e-05
  -1.55507826997185468029e-05+j4.78603879016938920277e-05
  -1.58879640443894146955e-05+j4.83804281547990370940e-05
  -1.62296111137838480819e-05+j4.89019700218007425351e-05
  -1.65757800364252357126e-05+j4.94250871949479802115e-05
  -1.69263925814289166612e-05+j4.99494529064514771713e-05
  -1.72814074422353861548e-05+j5.04748606845968332438e-05
  -1.76410817767405095834e-05+j5.10019746290415435137e-05
  -1.80053551410894740212e-05+j5.15305221972379686249e-05
  -1.83742845679932816723e-05+j5.20605737700881020268e-05
  -1.87477653071881344158e-05+j5.25917422527713026128e-05
  -1.91260583245420610118e-05+j5.31246706947010590783e-05
  -1.95091511092229118770e-05+j5.36592240310507253534e-05
  -1.98969926467069693169e-05+j5.41951666639339815442e-05
  -2.02897304603584243841e-05+j5.47328067326016101841e-05
  -2.06872869252803221851e-05+j5.52718381964807360879e-05
  -2.10898396051741877347e-05+j5.58126410308150657977e-05
  -2.14973044451154403399e-05+j5.63548942346283585113e-05
  -2.19097872610785048290e-05+j5.68987809515406617864e-05
  -2.23273465965403423549e-05+j5.74443550188747929547e-05
  -2.27499500804930740233e-05+j5.79914356456237022638e-05
  -2.31777793467624605944e-05+j5.85403882255035621718e-05
  -2.36107848358435578901e-05+j5.90909853764205468107e-05
  -2.40490810657418840619e-05+j5.96434138655417295932e-05
  -2.44926043751332308889e-05+j6.01974149116910639307e-05
  -2.49415555351450979587e-05+j6.07533821637529198407e-05
  -2.53958591886047637353e-05+j6.13110276801165365868e-05
  -2.58556624188925883814e-05+j6.18706050134649749705e-05
  -2.63209855179731289912e-05+j6.24320571185557089819e-05
  -2.67918603813301914871e-05+j6.29953552357998035685e-05
  -2.72683340614072738538e-05+j6.35605059558415081550e-05
  -2.77505063289407162520e-05+j6.41276364521887803569e-05
  -2.82383389337683698441e-05+j6.46965523603333403672e-05
  -2.87320081942947795541e-05+j6.52675523158234853656e-05
  -2.92316579403575354666e-05+j6.58408506746861488810e-05
  -2.97370863293706642915e-05+j6.64158815093067727165e-05
  -3.02484272938170477177e-05+j6.69928404052475614259e-05
  -3.07658462615782976103e-05+j6.75719845909335037120e-05
  -3.12894495161288873448e-05+j6.81534329645654412015e-05
  -3.18191270602401519519e-05+j6.87368321621239998682e-05
  -3.23549537221075027434e-05+j6.93222353240834326775e-05
  -3.28971427170705632862e-05+j6.99099868622699060008e-05
  -3.34456804929845756178e-05+j7.04999409603488405790e-05
  -3.40006384370652450181e-05+j7.10921329805378528904e-05
  -3.45620595011981703243e-05+j7.16865370441195339174e-05
  -3.51300381362276123486e-05+j7.22832329245886055433e-05
  -3.57048479497457135041e-05+j7.28826625198015771827e-05
  -3.62861702746191094318e-05+j7.34840530536606838848e-05
  -3.68741743163802929086e-05+j7.40876350857242414998e-05
  -3.74691563305042972597e-05+j7.46938842816555746175e-05
  -3.80710503894017256513e-05+j7.53025437020875482511e-05
  -3.86799825319636940294e-05+j7.59137400448430769030e-05
  -3.92958600347836941561e-05+j7.65271688816395698500e-05
  -3.99190558780155885666e-05+j7.71434337383860582130e-05
  -4.05493664825338215926e-05+j7.77620129306164624026e-05
  -4.11871033050927894386e-05+j7.83833794748904871645e-05
  -4.18323995709346502887e-05+j7.90076542245454798352e-05
  -4.24850208832277005254e-05+j7.96342639574876254814e-05
  -4.31452217485868129649e-05+j8.02635609179074319911e-05
  -4.38131204838774208194e-05+j8.08956340439075365784e-05
  -4.44888314564642034618e-05+j8.15305610922112405795e-05
  -4.51723551925831167449e-05+j8.21682090592854572682e-05
  -4.58638202269214827656e-05+j8.28086786555146629881e-05
  -4.65633264519511592657e-05+j8.34520149214403852891e-05
  -4.72712089944384835976e-05+j8.40986786833044548542e-05
  -4.79871014645218970729e-05+j8.47478769898191104442e-05
  -4.87112350427627543016e-05+j8.53998861336777745183e-05
  -4.94439653748467402758e-05+j8.60551896549981425611e-05
  -5.01852907692048577615e-05+j8.67136382749542604246e-05
  -5.09352193116963119926e-05+j8.73751022201030243036e-05
  -5.16938214252133927500e-05+j8.80395601489529803715e-05
  -5.24613979631528539122e-05+j8.87073794483503883304e-05
  -5.32379631341853870488e-05+j8.93784342950612007176e-05
  -5.40235740649214207657e-05+j9.00526724386225771186e-05
  -5.48186499443769056157e-05+j9.07306407291144119539e-05
  -5.56227795892519897734e-05+j9.14115043767556079190e-05
  -5.64363809258591200228e-05+j9.20958034354186773048e-05
  -5.72595847250566581939e-05+j9.27835958703866520332e-05
  -5.80925358456224635406e-05+j9.34749591216188437277e-05
  -5.89352564578703454179e-05+j9.41697706572564068256e-05
  -5.97879770800042756817e-05+j9.48682403153249318014e-05
  -6.06507198769360466911e-05+j9.55702420453663427542e-05
  -6.15239037645600703218e-05+j9.62762724306447320935e-05
  -6.24072227958848369184e-05+j9.69856861152118532830e-05
  -6.33009005516840263759e-05+j9.76986708588878355721e-05
  -6.42054349679027598153e-05+j9.84158281081013504733e-05
  -6.51206410918112564568e-05+j9.91367014610933201335e-05
  -6.60468598617618412195e-05+j9.98616401410163919208e-05
  -6.69841332721259275417e-05+j1.00590533123438459202e-04
  -6.79326360174203837308e-05+j1.01323468340199567494e-04
  -6.88924415407142731694e-05+j1.02060379440698013897e-04
  -6.98638781132179272461e-05+j1.02801574828039531746e-04
  -7.08469367396529197539e-05+j1.03546859717345898495e-04
  -7.18419255039037856153e-05+j1.04296502778747243690e-04
  -7.28488814114995912249e-05+j1.05050372571766859812e-04
  -7.38680426274715987373e-05+j1.05808627180150832225e-04
  -7.48999610215746994182e-05+j1.06571864739752670452e-04
  -7.59439382906846926829e-05+j1.07338898312009381410e-04
  -7.70008969809359261182e-05+j1.08110845887126043752e-04
  -7.80705815965653307769e-05+j1.08887150720275997957e-04
  -7.91535331383179635144e-05+j1.09668371963704596112e-04
  -8.02496386008437787929e-05+j1.10454151654251205928e-04
  -8.13594113018830734137e-05+j1.11244995379420347627e-04
  -8.24826998049722450368e-05+j1.12040489924611680783e-04
  -8.36200213148695630384e-05+j1.12841132933426459306e-04
  -8.47713324231429458337e-05+j1.13646654998754035801e-04
  -8.59369812773347368411e-05+j1.14457312767331177619e-04
  -8.71171847391041272559e-05+j1.15273179979648256101e-04
  -8.83119812027221017013e-05+j1.16094091279483446321e-04
  -8.95219321681002224616e-05+j1.16920566177722623697e-04
  -9.07471381777136325243e-05+j1.17752510072872238638e-04
  -9.19876564627385373768e-05+j1.18589772133529395204e-04
  -9.32438242626984481725e-05+j1.19432561407172951515e-04
  -9.45159387250847919833e-05+j1.20281027750963171417e-04
  -9.58044471328620193904e-05+j1.21135504217750205637e-04
  -9.71090674845644400912e-05+j1.21995396190310850934e-04
  -9.84305240985831674883e-05+j1.22861377473167511596e-04
  -9.97688250244802628686e-05+j1.23733213392005701433e-04
  -1.01124299352796094380e-04+j1.24611067810567196319e-04
  -1.02497365182733165298e-04+j1.25495206341672335812e-04
  -1.03888123798360213412e-04+j1.26385499290938336679e-04
  -1.05297015764287964939e-04+j1.27282227176924047198e-04
  -1.06724210870014053439e-04+j1.28185334940965404938e-04
  -1.08170077555336423335e-04+j1.29095002694810327259e-04
  -1.09635042573288322347e-04+j1.30011471785036682343e-04
  -1.11119086967671146932e-04+j1.30934448829747026666e-04
  -1.12622775158915280186e-04+j1.31864327431582264646e-04
  -1.14146370602471346938e-04+j1.32801137582123202595e-04
  -1.15690374634870365707e-04+j1.33745179912518667676e-04
  -1.17254802570921463304e-04+j1.34696185477014564961e-04
  -1.18840125510866640455e-04+j1.35654408622041259191e-04
  -1.20446890234344688542e-04+j1.36620179389191899423e-04
  -1.22075359336658843422e-04+j1.37593495265659221958e-04
  -1.23725823505947500874e-04+j1.38574381353337097592e-04
  -1.25398488840446537028e-04+j1.39562763927605801252e-04
  -1.27094311285681570807e-04+j1.40559396318211464417e-04
  -1.28813151557635122840e-04+j1.41563805161677659563e-04
  -1.30555775570478607055e-04+j1.42576513201731814619e-04
  -1.32322454600620695048e-04+j1.43597488956279220650e-04
  -1.34113553201414955826e-04+j1.44626797898450348487e-04
  -1.35929476696492005381e-04+j1.45664543019424774783e-04
  -1.37770913154646791089e-04+j1.46711121257941267846e-04
  -1.39638219642652000900e-04+j1.47766564617742636760e-04
  -1.41531739527957532232e-04+j1.48830885146585825077e-04
  -1.43452010400627998901e-04+j1.49904292613785246118e-04
  -1.45399687589843184393e-04+j1.50987108843847695145e-04
  -1.47374697129545471821e-04+j1.52078889985155738538e-04
  -1.49378590000577912830e-04+j1.53180864381990294344e-04
  -1.51411277782496933066e-04+j1.54292553826730562301e-04
  -1.53473214870682443840e-04+j1.55414036251917632350e-04
  -1.55564770778626027372e-04+j1.56545296699386101563e-04
  -1.57687321322186330000e-04+j1.57687321320777680328e-04
  -1.59840862610461590786e-04+j1.58839694810789064817e-04
  -1.62026076439750860939e-04+j1.60002683439943056958e-04
  -1.64243542602508747286e-04+j1.61176440702251564004e-04
  -1.66494028849647248683e-04+j1.62361293441305677612e-04
  -1.68778416922646731920e-04+j1.63557664565508139622e-04
  -1.71096646436500604560e-04+j1.64765052657466886657e-04
  -1.73449887715951717474e-04+j1.65984140042831242309e-04
  -1.75838919386032331528e-04+j1.67215212843245135182e-04
  -1.78264028692539771561e-04+j1.68458078830164827101e-04
  -1.80726669315855862676e-04+j1.69713638955506064890e-04
  -1.83226748870406695984e-04+j1.70981321693793871875e-04
  -1.85765921822752009618e-04+j1.72262182398604126289e-04
  -1.88344360555227233276e-04+j1.73555876774383660479e-04
  -1.90963143492639829445e-04+j1.74862891123118025655e-04
  -1.93622804723210306449e-04+j1.76183196416827440650e-04
  -1.96324699498063909211e-04+j1.77517498826843520866e-04
  -1.99069857486060172161e-04+j1.78866186084165158061e-04
  -2.01858137685866198454e-04+j1.80228582455528981094e-04
  -2.04691399400607187400e-04+j1.81605795299949912981e-04
  -2.07570318161576396329e-04+j1.82997851713557764097e-04
  -2.10495869237135581299e-04+j1.84405031669816028232e-04
  -2.13469302963452839958e-04+j1.85827838293597171490e-04
  -2.16491339278750518412e-04+j1.87266293725858447251e-04
  -2.19563409281460893618e-04+j1.88721021092063572563e-04
  -2.22686612636735682550e-04+j1.90192334763421570971e-04
  -2.25861633366276226163e-04+j1.91680178175218212657e-04
  -2.29090062756184597919e-04+j1.93185250799972059281e-04
  -2.32372995403253289641e-04+j1.94707807506351083561e-04
  -2.35711953967985898351e-04+j1.96248442080537699710e-04
  -2.39107622567708282425e-04+j1.97807028222304794995e-04
  -2.42562269839813050539e-04+j1.99384733686930559716e-04
  -2.46076062757483583592e-04+j2.00980968133689363040e-04
  -2.49651014983059808556e-04+j2.02596642626390099689e-04
  -2.53288991582539064953e-04+j2.04232512743893966341e-04
  -2.56991151717910458214e-04+j2.05888736323594834015e-04
  -2.60758838542440277326e-04+j2.07565600344695284311e-04
  -2.64593824230360428681e-04+j2.09263710164354194664e-04
  -2.68497877116856875548e-04+j2.10983638687271211334e-04
  -2.72472534988208955377e-04+j2.12725749751113902197e-04
  -2.76519675572071076640e-04+j2.14490646739403664029e-04
  -2.80640978236201701999e-04+j2.16278749495949060202e-04
  -2.84838497611733434262e-04+j2.18090738806769879332e-04
  -2.89114111375546518380e-04+j2.19927127126902101058e-04
  -2.93469693065475105594e-04+j2.21788394065324233903e-04
  -2.97907636552573000781e-04+j2.23675380497140741803e-04
  -3.02429613041390384521e-04+j2.25588348917617355751e-04
  -3.07037941336702347849e-04+j2.27528016875706352081e-04
  -3.11735434295910970263e-04+j2.29495428503561976416e-04
  -3.16524056544895549935e-04+j2.31490961149894531549e-04
  -3.21406191773259807681e-04+j2.33515267090259607185e-04
  -3.26384615595091379277e-04+j2.35569244105740646829e-04
  -3.31461721498896939777e-04+j2.37653471558057816137e-04
  -3.36640578537970597967e-04+j2.39768973167044926543e-04
  -3.41923561097433163520e-04+j2.41916231976242447578e-04
  -3.47314003842900324674e-04+j2.44096370216757575225e-04
  -3.52814690822860301846e-04+j2.46310072397222241773e-04
  -3.58429140565668432478e-04+j2.48558489765174231781e-04
  -3.64160060966347242078e-04+j2.50842159365730391594e-04
  -3.70011158351520215437e-04+j2.53162261027394929619e-04
  -3.75986153738652316859e-04+j2.55519926224378123806e-04
  -3.82088544519183857372e-04+j2.57916077335421881772e-04
  -3.88322035067873328352e-04+j2.60351722035441664194e-04
  -3.94690480694783732071e-04+j2.62827911734600831121e-04
  -4.01198577118285198279e-04+j2.65346194610521779467e-04
  -4.07849687125052119512e-04+j2.67907169661880635927e-04
  -4.14649427648343664888e-04+j2.70512857255148040508e-04
  -4.21601758782433983994e-04+j2.73164115437352279271e-04
  -4.28711329952844095222e-04+j2.75862187051412644130e-04
  -4.35983289770686317267e-04+j2.78608563491719227450e-04
  -4.43423381377447986627e-04+j2.81405034800443105969e-04
  -4.51036114455093822568e-04+j2.84252525234384172039e-04
  -4.58828552625408804793e-04+j2.87153491301873160443e-04
  -4.66805325628317537012e-04+j2.90108766767061866405e-04
  -4.74973625853430177646e-04+j2.93120699997956746935e-04
  -4.83340123140516464331e-04+j2.96191208403612032344e-04
  -4.91909858329841673252e-04+j2.99321117329820896979e-04
  -5.00691810739698731254e-04+j3.02513559746899081664e-04
  -5.09692270207794031339e-04+j3.05769916264430491066e-04
  -5.18919779880975726681e-04+j3.09092817809743822081e-04
  -5.28381920336736584515e-04+j3.12484196594519769014e-04
  -5.38087512726630494073e-04+j3.15946601138959357567e-04
  -5.48045495664972108323e-04+j3.19482516253121850546e-04
  -5.58264791923283399191e-04+j3.23094284439897423862e-04
  -5.68756193358704387544e-04+j3.26785190312450812312e-04
  -5.79529218415720148889e-04+j3.30557630129249221430e-04
  -5.90594959614720426549e-04+j3.34414751847683449585e-04
  -6.01965063949341252190e-04+j3.38359850477148115487e-04
  -6.13650866255579510375e-04+j3.42395874330546172697e-04
  -6.25665447049218682515e-04+j3.46526572474584984747e-04
  -6.38022252578575484183e-04+j3.50755701554504876940e-04
  -6.50735286226923289633e-04+j3.55087124200479623427e-04
  -6.63818790390927125460e-04+j3.59524626844108150490e-04
  -6.77289170681255993725e-04+j3.64072950709781089154e-04
  -6.91162045289129590986e-04+j3.68736175470254525215e-04
  -7.05455540896583722064e-04+j3.73519481840377763886e-04
  -7.20187716670045202823e-04+j3.78427749379177879533e-04
  -7.35378144040884870226e-04+j3.83466383410415508504e-04
  -7.51047747225591427397e-04+j3.88641204241810158792e-04
  -7.67217876772678056968e-04+j3.93957946490980598451e-04
  -7.83912679796177789757e-04+j3.99423460540797596510e-04
  -8.01155879397039030580e-04+j4.05044031074179437021e-04
  -8.18974702001401110713e-04+j4.10827358033658332753e-04
  -8.37396489977598116987e-04+j4.16780804157318429930e-04
  -8.56451171351239014251e-04+j4.22912615013609327185e-04
  -8.76170367626289119806e-04+j4.29231434084575546456e-04
  -8.96588509118763127455e-04+j4.35746814745974014003e-04
  -9.17741374067099907608e-04+j4.42468464570237483228e-04
  -9.39667958483276079089e-04+j4.49407116768906639021e-04
  -9.62409901284572806210e-04+j4.56574198826852561354e-04
  -9.86011392316302453381e-04+j4.63981742095556962905e-04
  -1.01052054074382384463e-03+j4.71642975407301730858e-04
  -1.03598898003575247764e-03+j4.79572071471177766890e-04
  -1.06247168972908151950e-03+j4.87784002235817329592e-04
  -1.09002901785073148117e-03+j4.96295400886306034907e-04
  -1.11872522454565192195e-03+j5.05123807473661077562e-04
  -1.14862984855201074458e-03+j5.14288212250471545202e-04
  -1.17981617565874469244e-03+j5.23808282018417364044e-04
  -1.21237312127615718196e-03+j5.33709526689882403881e-04
  -1.24638376805338087390e-03+j5.44013645227084960757e-04
  -1.28194711016769557349e-03+j5.54748051887602919817e-04
  -1.31916936573970027154e-03+j5.65941859798352341938e-04
  -1.35816596937298242863e-03+j5.77626602609965645978e-04
  -1.39906505131387969530e-03+j5.89837539474856020066e-04
  -1.44200587478811401848e-03+j6.02612777055926639690e-04
  -1.48714428631238626544e-03+j6.15995332597563572015e-04
  -1.53465703094846821555e-03+j6.30034612079571941859e-04
  -1.58445596435829094348e-03+j6.44669760903661534165e-04
  -1.63746339538119699275e-03+j6.60248758164327215724e-04
  -1.69328651473309209699e-03+j6.76580756120136205846e-04
  -1.75235574567415060970e-03+j6.93806721089207595679e-04
  -1.81497359820988798246e-03+j7.12011321978543352228e-04
  -1.88147618220773282446e-03+j7.31288058115667303355e-04
  -1.95224866099734492737e-03+j7.51744626697528985949e-04
  -2.02774758259468158156e-03+j7.73510583506672707091e-04
  -2.10856167766256940438e-03+j7.96759063107889973013e-04
  -2.19578500569035791820e-03+j8.21844105854027976929e-04
  -2.26779311853672442545e-03+j8.40682469186940315581e-04
  -2.38348976427753701107e-03+j8.75064719379641301443e-04
  -2.49210479284300455080e-03+j9.06066941123386112786e-04
  -2.60905864764333743355e-03+j9.39318911875612421424e-04
  -2.73623527454656652672e-03+j9.75405920381387358392e-04
  -2.87548406400834483110e-03+j1.01487476283213277559e-03
  -3.02927309483268843854e-03+j1.05846274342725013042e-03
  -3.20152968021490940548e-03+j1.10737765185055367020e-03
  -3.40061101740973554391e-03+j1.16428938550024781845e-03
  -3.65945217911970571700e-03+j1.24008013327366463201e-03
  -2.63930279865994205438e-03+j8.85147707536238122217e-04
  -3.89269163405985083731e-03+j1.29190851356289493346e-03
  -4.23850055062742828160e-03+j1.39190881432891188849e-03
  -4.58862359214659218387e-03+j1.49093418369463130355e-03
  -4.98683018080989769183e-03+j1.60301639796615554880e-03
  -5.46121875402231799629e-03+j1.73659787315777903310e-03
  -6.05340306230258817094e-03+j1.90398547537089799300e-03
  -6.84820167884636014227e-03+j2.13035520990380615111e-03
  -8.07991200979891674439e-03+j2.48570550152890125395e-03
  -1.08656527776939248325e-02+j3.30538110119248064109e-03
  +3.86034376143780319501e-02-j1.16109685178862470645e-02
  -3.66730708683692899902e-03+j1.09048450762239145830e-03
  -6.94935233491755961766e-03+j2.04266998208886118443e-03
  -9.08126868494134320553e-03+j2.63835244617262104291e-03
  -1.13171307562168511895e-02+j3.24941069174624003538e-03
  -1.41588611170100093367e-02+j4.01723220729678816288e-03
  -1.82447503514403010227e-02+j5.11462712231373819310e-03
  -2.49251709894646976406e-02+j6.90299291290411096839e-03
  -3.81736479987439675243e-02+j1.04431283539595087112e-02
  -7.77904413325258559109e-02+j2.10186055709991118090e-02
  +9.32501491797881221224e-01-j2.48816691103929704676e-01
  +8.05362423969840923732e-02-j2.12184543446386694732e-02
  +4.09695301802296685256e-02-j1.06564932638977937635e-02
  +2.78118407407051543290e-02-j7.14086700370711053437e-03
  +2.12766373463185477777e-02-j5.39172011382556184284e-03
  +1.74172025588792515893e-02-j4.35551396970438025463e-03
  +1.49385909032428865900e-02-j3.68586158198793388541e-03
  +1.33335394659876080303e-02-j3.24543610882765433401e-03
  +1.24950500922482530403e-02-j2.99979612079039189773e-03
  +1.31463568952804362583e-02-j3.11251285846514185937e-03
  -3.86191177360277679287e-02+j9.01537608931659954770e-03
  +4.48473708572272224820e-03-j1.03208585310595769846e-03
  +5.63885293335479771681e-03-j1.27904618747797329571e-03
  +5.71165417952448038752e-03-j1.27670597027236825023e-03
  +5.56373253429715691754e-03-j1.22530208073848463635e-03
  +5.35635090451001046746e-03-j1.16199889018021905798e-03
  +5.13672177350511967309e-03-j1.09746736679664012686e-03
  +4.92034965304556821952e-03-j1.03508663531384293224e-03
  +4.70945693133532211627e-03-j9.75281645143738279077e-04
  +4.48670040630324510472e-03-j9.14460611838736219838e-04
  +5.59342810317230588329e-03-j1.12173865776024725589e-03
  +4.31202156620572995410e-03-j8.50675310307393234624e-04
  +4.12830408095473267577e-03-j8.00965626694162980553e-04
  +3.98128544067567584352e-03-j7.59470815761236926408e-04
  +3.85078031188654636499e-03-j7.22045291494330778240e-04
  +3.73201707148429614666e-03-j6.87646856047153501486e-04
  +3.62286778895118269719e-03-j6.55774223134927662648e-04
  +3.52202781782458718834e-03-j6.26100358149354993716e-04
  +3.42858606243550420936e-03-j5.98384058794560131159e-04
  +3.34204219303344896366e-03-j5.72466483968545459919e-04
  +3.23951835881479280679e-03-j5.44434669936521295833e-04
  +3.18283463406915509072e-03-j5.24632184340314416948e-04
  +3.11239671383696427792e-03-j5.02983401403290413326e-04
  +3.04604591220544252197e-03-j4.82446277004620937071e-04
  +2.98368337694990617970e-03-j4.62965110488096072243e-04
  +2.92503527630179902333e-03-j4.44458981556596153650e-04
  +2.86982632652097108608e-03-j4.26850365064022950826e-04
  +2.81780210740292759095e-03-j4.10068390835278994474e-04
  +2.76873049600978148738e-03-j3.94048702523749818510e-04
  +2.72239861788558341546e-03-j3.78732666598709287811e-04
  +2.67889265704450429961e-03-j3.64105086297835669421e-04
  +2.63725604202131322720e-03-j3.50011328527947908514e-04
  +2.59808278515493307897e-03-j3.36509880991913128828e-04
  +2.56099530595087871918e-03-j3.23528945203580399568e-04
  +2.52586030912229199744e-03-j3.11031671355354905235e-04
  +2.49255959955390965152e-03-j2.98984762456765498524e-04
  +2.46098398451267616482e-03-j2.87357517170687209399e-04
  +2.43103413990858937405e-03-j2.76121780862127340263e-04
  +2.40261956495940211254e-03-j2.65251669419377499991e-04
  +2.37565590713213628873e-03-j2.54723138980755012348e-04
  +2.35006378568822357419e-03-j2.44513762685706387452e-04
  +2.32578175734039684780e-03-j2.34603956930649605551e-04
  +2.30273570341192786171e-03-j2.24973703387051866603e-04
  +2.28086796833329615020e-03-j2.15605502255553912539e-04
  +2.26012409519836922692e-03-j2.06482897296978817718e-04
  +2.24045136568407424194e-03-j1.97590294599874995900e-04
  +2.22180377321920660347e-03-j1.88913356108598825189e-04
  +2.20413704610926278540e-03-j1.80438484470547225863e-04
  +2.18741102045856778205e-03-j1.72152980837292856296e-04
  +2.17158733928619158624e-03-j1.64044804800153376295e-04
  +2.15663226100311442718e-03-j1.56102748058372547187e-04
  +2.14251295801858249526e-03-j1.48316103729410404171e-04
  +2.12920038103312685498e-03-j1.40674840559487304573e-04
  +2.11666611369321642014e-03-j1.33169344203915138072e-04
  +2.10488570833902320298e-03-j1.25790605833544870927e-04
  +2.09383472838805140964e-03-j1.18529934458355112859e-04
  +2.08349203417780917680e-03-j1.11379131854488528253e-04
  +2.07383779863849629713e-03-j1.04330339954155170801e-04
  +2.06485334942062498734e-03-j9.73760120745620913821e-05
  +2.05652165273066851736e-03-j9.05089153818996962255e-05
  +2.04882735006601569838e-03-j8.37221060085442642757e-05
  +2.04175676159251825656e-03-j7.70089022323018954465e-05
  +2.03529679584096628506e-03-j7.03628199213637020798e-05
  +2.02943532957879481729e-03-j6.37775745873779580835e-05
  +2.02416270512972059498e-03-j5.72471081375218075271e-05
  +2.01946917796091193059e-03-j5.07654854727526279562e-05
  +2.01534662493368108352e-03-j4.43269329456423121644e-05
  +2.01178820070560624572e-03-j3.79258060497660842692e-05
  +2.00878755369744308942e-03-j3.15565565737754716714e-05
  +2.00633910118915015364e-03-j2.52137279343103202600e-05
  +2.00443921860771374910e-03-j1.88919539431988537216e-05
  +2.00308443701012733190e-03-j1.25859163264911836012e-05
  +2.00227224612515523200e-03-j6.29034447106557030621e-06
</dep>
<dep SMo2 Frequency.0002>
  -4.67539026700064846544e-16
  +7.39107879398095785120e-08-j2.35264572139289838981e-05
  +2.95771756220724158074e-07-j4.70729175797309393431e-05
  +6.65969272995191377710e-07-j7.06594422757380891944e-05
  +1.18514915610397234496e-06-j9.43062088858114135710e-05
  +1.85421949559033925282e-06-j1.18033570490694818202e-04
  +2.67435463092251599957e-06-j1.41862115836681370457e-04
  +3.64700033048395916898e-06-j1.65812730955541880401e-04
  +4.77388019966419495979e-06-j1.89906662629622254674e-04
  +6.05700338332803455603e-06-j2.14165584115408080866e-04
  +7.49867361932562826832e-06-j2.38611663555584647836e-04
  +9.10149972714530297753e-06-j2.63267635551737457216e-04
  +1.08684076099985510065e-05-j2.88156876392594153528e-04
  +1.28026538962009448966e-05-j3.13303483486860375601e-04
  +1.49078413203518047393e-05-j3.38732359576027870166e-04
  +1.71879359867705349633e-05-j3.64469302389701897693e-04
  +1.96472866881194451036e-05-j3.90541100441167861324e-04
  +2.22906464491175723209e-05-j4.16975635747992700187e-04
  +2.51231964918158701301e-05-j4.43801994355424295462e-04
  +2.81505728837093666778e-05-j4.71050585620127353938e-04
  +3.13788961071568992195e-05-j4.98753271340655998829e-04
  +3.48148038799037877044e-05-j5.26943505954990238337e-04
  +3.84654875350792481914e-05-j5.55656489152530838616e-04
  +4.23387324149484804855e-05-j5.84929332449743715101e-04
  +4.64429626456006299905e-05-j6.14801241467413444805e-04
  +5.07872908768935150113e-05-j6.45313715885554944028e-04
  +5.53815735517435310379e-05-j6.76510769302268982067e-04
  +6.02364723261554997949e-05-j7.08439171569073778897e-04
  +6.53635224950330293980e-05-j7.41148716527485849209e-04
  +7.07752092342470742704e-05-j7.74692518486496035403e-04
  +7.64850527210849003273e-05-j8.09127341294957553100e-04
  +8.25077032785440312107e-05-j8.44513964452245574979e-04
  +8.88590479384200495998e-05-j8.80917591382602985575e-04
  +9.55563299625217607179e-05-j9.18408305820092997311e-04
  +1.02618283203857987482e-04-j9.57061583208971503739e-04
  +1.10065283406670768652e-04-j9.96958865183731127169e-04
  +1.17919518999960148942e-04-j1.03818820654282060849e-03
  +1.26205184293498297267e-04-j1.08084500577372804968e-03
  +1.34948698574190758918e-04-j1.12503283215781573097e-03
  +1.44178955184145362505e-04-j1.17086436478441532384e-03
  +1.53927605454482494072e-04-j1.21846246175813825371e-03
  +1.64229383276525510221e-04-j1.26796138123502657828e-03
  +1.75122477227846400733e-04-j1.31950818021962725142e-03
  +1.86648958562614164037e-04-j1.37326432219713736801e-03
  +1.98855275022743002320e-04-j1.42940753102236946595e-03
  +2.11792822615280290632e-04-j1.48813393637456186334e-03
  +2.25518610020382723061e-04-j1.54966056583555312175e-03
  +2.40096033621536273121e-04-j1.61422825087155952413e-03
  +2.55595785205688238399e-04-j1.68210502931309202959e-03
  +2.72096919577901935530e-04-j1.75359014635199060572e-03
  +2.89688115925471718296e-04-j1.82901878071212815532e-03
  +3.08469175200914991208e-04-j1.90876765422036583086e-03
  +3.28552806645778568834e-04-j1.99326172378139687344e-03
  +3.50066770762061439757e-04-j2.08298220762231922620e-03
  +3.73156464495870779114e-04-j2.17847626695511203260e-03
  +3.97988058861985217161e-04-j2.28036875576006874133e-03
  +4.24752331786530190703e-04-j2.38937657319839968223e-03
  +4.53669382740889840303e-04-j2.50632631717125162890e-03
  +4.84994475245973364914e-04-j2.63217616030980315275e-03
  +5.19025335074902610145e-04-j2.76804317569974292837e-03
  +5.56111345566978436394e-04-j2.91523776500498101386e-03
  +5.96665241453580240914e-04-j3.07530744037550016895e-03
  +6.41178130677664062653e-04-j3.25009306578677870797e-03
  +6.90239004246246627000e-04-j3.44180190059269327726e-03
  +7.44560380361301713328e-04-j3.65310360865655180118e-03
  +8.05012457414500831078e-04-j3.88725812309368215502e-03
  +8.72669262470862606117e-04-j4.14828841987712002709e-03
  +9.48872016139067748185e-04-j4.44121774645244663665e-03
  +1.03531770387664621286e-03-j4.77240121869354060741e-03
  +1.13418538260775972164e-03-j5.14999869203472057655e-03
  +1.24832041259993471553e-03-j5.58466449442730945851e-03
  +1.38151017203528149284e-03-j6.09057965404072657045e-03
  +1.53890903404244722662e-03-j6.68704293907954310655e-03
  +1.72771622909803266276e-03-j7.40100865507833764745e-03
  +1.95830148213430900450e-03-j8.27130083097829364724e-03
  +2.24616620019139597367e-03-j9.35595555724145870602e-03
  +2.61556596017602314280e-03-j1.07457829353179695059e-02
  +3.10670600843049793047e-03-j1.25913057460895257827e-02
  +3.79143022732121061369e-03-j1.51614961440751077476e-02
  +4.81196469035761499600e-03-j1.89888246196937490740e-02
  +6.49506020120114123395e-03-j2.52965893109637039726e-02
  +9.79490483733504516128e-03-j3.76571015818565821287e-02
  +1.91896573695357203215e-02-j7.28357905964721191738e-02
  +2.54756550767356981790e-01-j9.54762570718204361953e-01
  -2.35020986324287056712e-02+j8.69819179336315945195e-02
  -1.14425942060754105845e-02+j4.18270798375102864641e-02
  -7.65226621984407395088e-03+j2.76306301328834089115e-02
  -5.79767542453272968078e-03+j2.06813005542001646098e-02
  -4.69774899017594803341e-03+j1.65573638968617084521e-02
  -3.96985218904693636793e-03+j1.38263028494044742239e-02
  -3.45262510509852143040e-03+j1.18840135605088707826e-02
  -3.06623453671822296385e-03+j1.04316136840647659401e-02
  -2.76665936333479528172e-03+j9.30429494330788087186e-03
  -2.52763448803774689114e-03+j8.40372447143384986024e-03
  -2.33251849271753474574e-03+j7.66759876198973202438e-03
  -2.17025581446630587076e-03+j7.05452677674131209407e-03
  -2.03321451985516822927e-03+j6.53593495754169282602e-03
  -1.91595627956110486044e-03+j6.09146223011161353639e-03
  -1.81450109354554960962e-03+j5.70620726559312001214e-03
  -1.72586918354971285625e-03+j5.36901340721333830697e-03
  -1.64778536469360162471e-03+j5.07136188971354234800e-03
  -1.57848241685179828050e-03+j4.80663569632987230928e-03
  -1.51656682202266023494e-03+j4.56961690289683138827e-03
  -1.46092494851143860947e-03+j4.35613544769864260986e-03
  -1.41065614613150114645e-03+j4.16281865133288561664e-03
  -1.36502415735021429347e-03+j3.98690930823900058222e-03
  -1.32342124975438424697e-03+j3.82613140459931713386e-03
  -1.28534134655857931739e-03+j3.67858952332728722512e-03
  -1.25035962732109387496e-03+j3.54269247232837569336e-03
  -1.21811685126669124249e-03+j3.41709459344846601045e-03
  -1.18830717509970317479e-03+j3.30065015410787622463e-03
  -1.16066858905208760561e-03+j3.19237754120837427182e-03
  -1.13497533738166804865e-03+j3.09143088442997765117e-03
  -1.11103185898107892880e-03+j2.99707737061695412770e-03
  -1.08866790393981620506e-03+j2.90867896069285994387e-03
  -1.06773456813699738760e-03+j2.82567754354238727735e-03
  -1.04810105064375661682e-03+j2.74758279598132223662e-03
  -1.02965198476365291796e-03+j2.67396219031139185940e-03
  -1.01228522769239480741e-03+j2.60443271890751625736e-03
  -9.95910019432174426976e-04+j2.53865400122013857090e-03
  -9.80445440943833023545e-04+j2.47632251105691248566e-03
  -9.65819116271491597513e-04+j2.41716671731119102026e-03
  -9.51966114788783566644e-04+j2.36094297386871699446e-03
  -9.38828018438515746538e-04+j2.30743202727671375962e-03
  -9.26352125769713190089e-04+j2.25643603652062084766e-03
  -9.14490769904435134643e-04+j2.20777601936802524846e-03
  -9.03200731862096911802e-04+j2.16128965571962252876e-03
  -8.92442734042912626247e-04+j2.11682939104765235200e-03
  -8.82181001368185515286e-04+j2.07426079317148733677e-03
  -8.72382879777715627978e-04+j2.03346112374235259840e-03
  -8.63018503514831618502e-04+j1.99431809240008164202e-03
  -8.54060504076104877458e-04+j1.95672876691790507617e-03
  -8.45483754853454329455e-04+j1.92059861702758563270e-03
  -8.37265146512150191214e-04+j1.88584067315118101942e-03
  -8.29383388760221874209e-04+j1.85237478426273217795e-03
  -8.21818835144748805095e-04+j1.82012696152497772950e-03
  -8.14553327593599903363e-04+j1.78902879631858357200e-03
  -8.07570058352491534567e-04+j1.75901694301262368283e-03
  -8.00853446949164010475e-04+j1.73003265831919912122e-03
  -7.94389030404149629888e-04+j1.70202138994821603780e-03
  -7.88163364984005186328e-04+j1.67493240871308905066e-03
  -7.82163938160837317846e-04+j1.64871847870680615471e-03
  -7.76379089505472913188e-04+j1.62333556105747375646e-03
  -7.70797939549896691212e-04+j1.59874254735287136230e-03
  -7.65410325612935491316e-04+j1.57490101931539875149e-03
  -7.60206743869540975574e-04+j1.55177503175815776487e-03
  -7.55178296958362534931e-04+j1.52933091622693955597e-03
  -7.50316646465703021573e-04+j1.50753710308694456252e-03
  -7.45613969852043406879e-04+j1.48636396003361519885e-03
  -7.41062921259773668171e-04+j1.46578364528979752414e-03
  -7.36656595874231063387e-04+j1.44576997401180801749e-03
  -7.32388497391498589049e-04+j1.42629829641875011115e-03
  -7.28252508360544394475e-04+j1.40734538658722572319e-03
  -7.24242863039676883045e-04+j1.38888934075864756666e-03
  -7.20354122572348736474e-04+j1.37090948425680155855e-03
  -7.16581152225224927120e-04+j1.35338628616000697380e-03
  -7.12919100494739600878e-04+j1.33630128099896305569e-03
  -7.09363379921614748552e-04+j1.31963699680341965334e-03
  -7.05909649443250920495e-04+j1.30337688890909669109e-03
  -7.02553798123479815961e-04+j1.28750527899069554943e-03
  -6.99291930172844778367e-04+j1.27200729886098513367e-03
  -6.96120351119179246388e-04+j1.25686883857289250985e-03
  -6.93035555017030430180e-04+j1.24207649847796869867e-03
  -6.90034212632954714779e-04+j1.22761754489464358642e-03
  -6.87113160502670445792e-04+j1.21347986902889176317e-03
  -6.84269390783750889630e-04+j1.19965194893090773900e-03
  -6.81500041856931363521e-04+j1.18612281419704307731e-03
  -6.78802389583980903508e-04+j1.17288201316978740046e-03
  -6.76173839195804283857e-04+j1.15991958249374435205e-03
  -6.73611917750748076701e-04+j1.14722601875585851657e-03
  -6.71114267083949898700e-04+j1.13479225210713933689e-03
  -6.68678637283106301614e-04+j1.12260962169371506132e-03
  -6.66302880584365860538e-04+j1.11066985268421175928e-03
  -6.63984945656889225321e-04+j1.09896503490273362257e-03
  -6.61722872292239746445e-04+j1.08748760283480252163e-03
  -6.59514786432722046119e-04+j1.07623031692713759695e-03
  -6.57358895517327424321e-04+j1.06518624611585477693e-03
  -6.55253484126464241614e-04+j1.05434875145691674819e-03
  -6.53196909906636675493e-04+j1.04371147079380054666e-03
  -6.51187599743298329777e-04+j1.03326830438457218167e-03
  -6.49224046178424802657e-04+j1.02301340140751413285e-03
  -6.47304804048662524654e-04+j1.01294114731109849079e-03
  -6.45428487309683681858e-04+j1.00304615191219121881e-03
  -6.43593766075996396962e-04+j9.93323238211963992217e-04
  -6.41799363827960244085e-04+j9.83767431891465708033e-04
  -6.40044054776222931698e-04+j9.74373951399175102991e-04
  -6.38326661383640712143e-04+j9.65138198630374234688e-04
  -6.36646052041526622038e-04+j9.56055750148905049944e-04
  -6.35001138869940016420e-04+j9.47122348893056050304e-04
  -6.33390875623679851583e-04+j9.38333896365663730835e-04
  -6.31814255763844421707e-04+j9.29686445255900389614e-04
  -6.30270310590902329943e-04+j9.21176192467361388758e-04
  -6.28758107496319123934e-04+j9.12799472531363484222e-04
  -6.27276748326428888573e-04+j9.04552751390979691698e-04
  -6.25825367804442927663e-04+j8.96432620490721261686e-04
  -6.24403132064476696153e-04+j8.88435791226919947990e-04
  -6.23009237246563863516e-04+j8.80559089634486732816e-04
  -6.21642908170864949037e-04+j8.72799451418287573420e-04
  -6.20303397090361786047e-04+j8.65153917186898603099e-04
  -6.18989982489983811553e-04+j8.57619627970638708121e-04
  -6.17701967952900029939e-04+j8.50193820928321153732e-04
  -6.16438681113450981722e-04+j8.42873825344377645453e-04
  -6.15199472616855783276e-04+j8.35657058736142426859e-04
  -6.13983715159481459496e-04+j8.28541023209466705006e-04
  -6.12790802566602252864e-04+j8.21523302010209485573e-04
  -6.11620148927774520166e-04+j8.14601556191143680828e-04
  -6.10471187760495536540e-04+j8.07773521480419955110e-04
  -6.09343371225666780369e-04+j8.01037005290522572017e-04
  -6.08236169365223189494e-04+j7.94389883867771453424e-04
  -6.07149069394366525110e-04+j7.87830099591874132882e-04
  -6.06081575033015629295e-04+j7.81355658360719310118e-04
  -6.05033205816216546752e-04+j7.74964627168538838786e-04
  -6.04003496519221012503e-04+j7.68655131717647455494e-04
  -6.02991996536537630015e-04+j7.62425354204029881965e-04
  -6.01998269335845257767e-04+j7.56273531157035470290e-04
  -6.01021891909524403654e-04+j7.50197951420586493614e-04
  -6.00062454264416937459e-04+j7.44196954167617992330e-04
  -5.99119558933450258031e-04+j7.38268927083107805512e-04
  -5.98192820507477602578e-04+j7.32412304544304264969e-04
  -5.97281865182453419912e-04+j7.26625565929319740255e-04
  -5.96386330335702658477e-04+j7.20907233999590335571e-04
  -5.95505864116527977581e-04+j7.15255873332062302485e-04
  -5.94640125055794074513e-04+j7.09670088814657478750e-04
  -5.93788781677693318015e-04+j7.04148524260717230405e-04
  -5.92951512165362727876e-04+j6.98689860997447984708e-04
  -5.92128004007666519648e-04+j6.93292816575553569325e-04
  -5.91317953651752676453e-04+j6.87956143523204698316e-04
  -5.90521066215269480049e-04+j6.82678628127806534469e-04
  -5.89737055167647910778e-04+j6.77459089288543186286e-04
  -5.88965642050158586646e-04+j6.72296377416040980869e-04
  -5.88206556184610600442e-04+j6.67189373362969228957e-04
  -5.87459534425916526240e-04+j6.62136987415371815711e-04
  -5.86724320890433422016e-04+j6.57138158303632174961e-04
  -5.86000666720147013987e-04+j6.52191852273448745281e-04
  -5.85288329840851894587e-04+j6.47297062180622107853e-04
  -5.84587074739966404933e-04+j6.42452806628903598865e-04
  -5.83896672251378785236e-04+j6.37658129131194492505e-04
  -5.83216899343094903607e-04+j6.32912097317834035880e-04
  -5.82547538907793598269e-04+j6.28213802151555002033e-04
  -5.81888379595919390946e-04+j6.23562357214699366191e-04
  -5.81239215603064477735e-04+j6.18956897966090090549e-04
  -5.80599846509885627807e-04+j6.14396581103764192339e-04
  -5.79970077098020098637e-04+j6.09880583829959565037e-04
  -5.79349717190114641210e-04+j6.05408103285371237447e-04
  -5.78738581496366115073e-04+j6.00978355914167121019e-04
  -5.78136489457380911734e-04+j5.96590576874515853868e-04
  -5.77543265085464128071e-04+j5.92244019468708238034e-04
  -5.76958736853446451341e-04+j5.87937954600814159309e-04
  -5.76382737520380120100e-04+j5.83671670248774466377e-04
  -5.75815104026843158254e-04+j5.79444470959735650865e-04
  -5.75255677355478991716e-04+j5.75255677355201761221e-04
  -5.74704302418647082484e-04+j5.71104625665245645323e-04
  -5.74160827927853219949e-04+j5.66990667264061676441e-04
  -5.73625106290718113702e-04+j5.62913168239031385179e-04
  -5.73096993492698851200e-04+j5.58871508960499027013e-04
  -5.72576349004302984254e-04+j5.54865083677039453401e-04
  -5.72063035662750355576e-04+j5.50893300111287165938e-04
  -5.71556919582281931953e-04+j5.46955579089764541180e-04
  -5.71057870062169478306e-04+j5.43051354164267698413e-04
  -5.70565759485068893508e-04+j5.39180071260032920018e-04
  -5.70080463238437670608e-04+j5.35341188326129697843e-04
  -5.69601859622078147104e-04+j5.31534175010032572221e-04
  -5.69129829768343152401e-04+j5.27758512335318400593e-04
  -5.68664257559072894126e-04+j5.24013692369353621149e-04
  -5.68205029553821316414e-04+j5.20299217958855933497e-04
  -5.67752034908194317536e-04+j5.16614602412897002195e-04
  -5.67305165310056269852e-04+j5.12959369219772708809e-04
  -5.66864314898959378505e-04+j5.09333051789034266937e-04
  -5.66429380206351883176e-04+j5.05735193176820889069e-04
  -5.66000260089824123663e-04+j5.02165345836474096529e-04
  -5.65576855666018759976e-04+j4.98623071364307922544e-04
  -5.65159070251329683984e-04+j4.95107940266554125835e-04
  -5.64746809305214291994e-04+j4.91619531720457591389e-04
  -5.64339980367680881142e-04+j4.88157433357288498676e-04
  -5.63938493006852295530e-04+j4.84721241040158559374e-04
  -5.63542258764087732222e-04+j4.81310558652006475165e-04
  -5.63151191105947922927e-04+j4.77924997892093569429e-04
  -5.62765205364540704175e-04+j4.74564178082684630985e-04
  -5.62384218699888468324e-04+j4.71227725961031367399e-04
  -5.62008150042608888367e-04+j4.67915275514638618476e-04
  -5.61636920052632077072e-04+j4.64626467782355107809e-04
  -5.61270451081377652093e-04+j4.61360950687104032653e-04
  -5.60908667110743752379e-04+j4.58118378875593367915e-04
  -5.60551493728106853959e-04+j4.54898413520296801896e-04
  -5.60198858079149326038e-04+j4.51700722199049398749e-04
  -5.59850688829107226430e-04+j4.48524978708437431062e-04
  -5.59506916125558097751e-04+j4.45370862936976487020e-04
  -5.59167471553689713129e-04+j4.42238060699332621428e-04
  -5.58832288120333030811e-04+j4.39126263606592090547e-04
  -5.58501300191628809177e-04+j4.36035168912434151559e-04
  -5.58174443481441930753e-04+j4.32964479398950858637e-04
  -5.57851655006212513235e-04+j4.29913903232695209476e-04
  -5.57532873062812164323e-04+j4.26883153842262902215e-04
  -5.57218037185109324808e-04+j4.23871949789812860112e-04
  -5.56907088126759727484e-04+j4.20880014658829917917e-04
  -5.56599967819955106577e-04+j4.17907076932099331035e-04
  -5.56296619361120727940e-04+j4.14952869879190008786e-04
  -5.55996986963069438764e-04+j4.12017131453150321947e-04
  -5.55701015952262972891e-04+j4.09099604167437278391e-04
  -5.55408652729335824451e-04+j4.06200035014232406147e-04
  -5.55119844734419860301e-04+j4.03318175339556516702e-04
  -5.54834540447217069992e-04+j4.00453780758742376288e-04
  -5.54552689339620364511e-04+j3.97606611065582683795e-04
  -5.54274241867955350799e-04+j3.94776430115541926945e-04
  -5.53999149439122324200e-04+j3.91963005766184622875e-04
  -5.53727364401494065969e-04+j3.89166109758509661410e-04
  -5.53458840007233204145e-04+j3.86385517656322641147e-04
  -5.53193530410389872412e-04+j3.83621008744028943807e-04
  -5.52931390624664771336e-04+j3.80872365954435952631e-04
  -5.52672376526670665331e-04+j3.78139375787596020324e-04
  -5.52416444820005500538e-04+j3.75421828226777331249e-04
  -5.52163553023049709367e-04+j3.72719516677925087871e-04
  -5.51913659449736258671e-04+j3.70032237880470215360e-04
  -5.51666723193882844144e-04+j3.67359791842970199050e-04
  -5.51422704107531048805e-04+j3.64701981770956297230e-04
  -5.51181562793812726379e-04+j3.62058614006352172659e-04
  -5.50943260574334923128e-04+j3.59429497947688322054e-04
  -5.50707759488017179438e-04+j3.56814445996011500757e-04
  -5.50475022271427571856e-04+j3.54213273486071711892e-04
  -5.50245012341691783729e-04+j3.51625798634071901581e-04
  -5.50017693781197506211e-04+j3.49051842464141541793e-04
  -5.49793031324704683897e-04+j3.46491228757494649972e-04
  -5.49570990349412162937e-04+j3.43943784000422670809e-04
  -5.49351536854978447083e-04+j3.41409337316401953043e-04
  -5.49134637451708881341e-04+j3.38887720415815500014e-04
  -5.48920259351444667431e-04+j3.36378767553444329823e-04
  -5.48708370349139883636e-04+j3.33882315469056069421e-04
  -5.48498938821185958760e-04+j3.31398203328090259524e-04
  -5.48291933698314966177e-04+j3.28926272681922128149e-04
  -5.48087324463883440208e-04+j3.26466367427523981425e-04
  -5.47885081143403862049e-04+j3.24018333743555984969e-04
  -5.47685174287015062201e-04+j3.21582020056791675205e-04
  -5.47487574966337058394e-04+j3.19157276990981292851e-04
  -5.47292254752580688455e-04+j3.16743957322612702202e-04
  -5.47099185720875420130e-04+j3.14341915952420509605e-04
  -5.46908340434821096422e-04+j3.11951009835409269998e-04
  -5.46719691915129014058e-04+j3.09571097966659654170e-04
  -5.46533213678952549917e-04+j3.07202041341563653574e-04
  -5.46348879683391337389e-04+j3.04843702889723267534e-04
  -5.46166664338565226687e-04+j3.02495947454576176016e-04
  -5.45986542493251967093e-04+j3.00158641770916596522e-04
  -5.45808489426579941488e-04+j2.97831654403355426675e-04
  -5.45632480841591258058e-04+j2.95514855723993431508e-04
  -5.45458492861214047642e-04+j2.93208117868764758795e-04
  -5.45286502001554877934e-04+j2.90911314721966187194e-04
  -5.45116485193883446199e-04+j2.88624321860983523713e-04
  -5.44948419751003013123e-04+j2.86347016535870764215e-04
  -5.44782283367915127169e-04+j2.84079277637435084584e-04
  -5.44618054120331557093e-04+j2.81820985659873065460e-04
  -5.44455710451981862372e-04+j2.79572022672170143655e-04
  -5.44295231164077116491e-04+j2.77332272315390757252e-04
  -5.44136595414848253660e-04+j2.75101619712449577126e-04
  -5.43979782727043435255e-04+j2.72879951495697296512e-04
  -5.43824772935724040472e-04+j2.70667155758626579946e-04
  -5.43671546238752708899e-04+j2.68463122031613202288e-04
  -5.43520083136931394380e-04+j2.66267741248376850829e-04
  -5.43370364481344570763e-04+j2.64080905728805194477e-04
  -5.43222371433153545899e-04+j2.61902509137087416858e-04
  -5.43076085441231972903e-04+j2.59732446489172009389e-04
  -5.42931488305852644714e-04+j2.57570614102755886081e-04
  -5.42788562076132593756e-04+j2.55416909563692872895e-04
  -5.42647289134787127324e-04+j2.53271231732997816402e-04
  -5.42507652141619041951e-04+j2.51133480699451065287e-04
  -5.42369634036255041272e-04+j2.49003557778957652653e-04
  -5.42233218048618153227e-04+j2.46881365459196444080e-04
  -5.42098387651824024577e-04+j2.44766807423879269659e-04
  -5.41965126643462907254e-04+j2.42659788473760832609e-04
  -5.41833419039935157771e-04+j2.40560214568149910224e-04
  -5.41703249141251832674e-04+j2.38467992757358598303e-04
  -5.41574601488958753785e-04+j2.36383031188408927964e-04
  -5.41447460885386192518e-04+j2.34305239071195403741e-04
  -5.41321812374969259067e-04+j2.32234526668583120658e-04
  -5.41197641250110075134e-04+j2.30170805266519183478e-04
  -5.41074933036500712279e-04+j2.28113987175498168563e-04
  -5.40953673496737921962e-04+j2.26063985692362076369e-04
  -5.40833848631934693656e-04+j2.24020715094847282407e-04
  -5.40715444634871770548e-04+j2.21984090608453514364e-04
  -5.40598447979466663338e-04+j2.19954028411943657353e-04
  -5.40482845311339270278e-04+j2.17930445610427350788e-04
  -5.40368623511677673502e-04+j2.15913260217996948480e-04
  -5.40255769667620663020e-04+j2.13902391125973161470e-04
  -5.40144271080126767669e-04+j2.11897758121447761211e-04
  -5.40034115252582759721e-04+j2.09899281841157011284e-04
  -5.39925289876808447986e-04+j2.07906883785054523352e-04
  -5.39817782877918253201e-04+j2.05920486257637000297e-04
  -5.39711582340904349499e-04+j2.03940012407066966881e-04
  -5.39606676545225641059e-04+j2.01965386161224574055e-04
  -5.39503054001874574400e-04+j1.99996532254747248769e-04
  -5.39400703356311553641e-04+j1.98033376183043367249e-04
  -5.39299613453052598643e-04+j1.96075844208857722568e-04
  -5.39199773334487889899e-04+j1.94123863344949768635e-04
  -5.39101172196375919878e-04+j1.92177361330966964444e-04
  -5.39003799430064927702e-04+j1.90236266636992825676e-04
  -5.38907644586749572449e-04+j1.88300508433072657935e-04
  -5.38812697385509208059e-04+j1.86370016592200777672e-04
  -5.38718947721405247257e-04+j1.84444721663746445889e-04
  -5.38626385648336781023e-04+j1.82524554879105786959e-04
  -5.38535001378602669331e-04+j1.80609448124335278960e-04
  -5.38444785294674458861e-04+j1.78699333930869085725e-04
  -5.38355727923421970016e-04+j1.76794145474261192585e-04
  -5.38267819959964118406e-04+j1.74893816553888518288e-04
  -5.38181052238248763646e-04+j1.72998281580034462147e-04
  -5.38095415745955176628e-04+j1.71107475576377608814e-04
  -5.38010901636032552731e-04+j1.69221334140799337629e-04
  -5.37927501173987728487e-04+j1.67339793482470801074e-04
  -5.37845205800149069215e-04+j1.65462790365381007783e-04
  -5.37764007082642560807e-04+j1.63590262111127694462e-04
  -5.37683896732117118378e-04+j1.61722146609659926273e-04
  -5.37604866607740332698e-04+j1.59858382290353588651e-04
  -5.37526908654415900256e-04+j1.57998908094123837170e-04
  -5.37450015032670935095e-04+j1.56143663515632762865e-04
  -5.37374177971294136880e-04+j1.54292588552929610781e-04
  -5.37299389854957866290e-04+j1.52445623701166120762e-04
  -5.37225643200145387343e-04+j1.50602709963325873468e-04
  -5.37152930629313245421e-04+j1.48763788814412604728e-04
  -5.37081244914425562365e-04+j1.46928802229167129343e-04
  -5.37010578935641380051e-04+j1.45097692631195734903e-04
  -5.36940925699730701656e-04+j1.43270402916683472225e-04
  -5.36872278334748456903e-04+j1.41446876433563460337e-04
  -5.36804630085382407378e-04+j1.39627056968990394042e-04
  -5.36737974317384389233e-04+j1.37810888759995513663e-04
  -5.36672304503618691207e-04+j1.35998316443018755746e-04
  -5.36607614239520175521e-04+j1.34189285114091487504e-04
  -5.36543897237107421903e-04+j1.32383740253944455706e-04
  -5.36481147309039968323e-04+j1.30581627754971786289e-04
  -5.36419358383672674993e-04+j1.28782893907412881876e-04
  -5.36358524494376441398e-04+j1.26987485394905403940e-04
  -5.36298639789471232910e-04+j1.25195349279297036930e-04
  -5.36239698515461496280e-04+j1.23406433001301999797e-04
  -5.36181695031975489793e-04+j1.21620684370564129790e-04
  -5.36124623787896464021e-04+j1.19838051552303496137e-04
  -5.36068479360044067988e-04+j1.18058483063455515452e-04
  -5.36013256397143106162e-04+j1.16281927782422577779e-04
  -5.35958949669420692090e-04+j1.14508334915092440005e-04
  -5.35905554035102774969e-04+j1.12737654004953113842e-04
  -5.35853064454472989217e-04+j1.10969834924747368684e-04
  -5.35801475987334645604e-04+j1.09204827866557092875e-04
  -5.35750783781820463791e-04+j1.07442583333523445006e-04
  -5.35700983081000350894e-04+j1.05683052137326232941e-04
  -5.35652069243932921379e-04+j1.03926185407309372454e-04
  -5.35604037688118973098e-04+j1.02171934538016764230e-04
  -5.35556883941098343417e-04+j1.00420251235407753166e-04
  -5.35510603625100967476e-04+j9.86710874873345336090e-05
  -5.35465192442621459867e-04+j9.69243955479552659000e-05
  -5.35420646190617067345e-04+j9.51801279473032040912e-05
  -5.35376960751199901592e-04+j9.34382374919683880623e-05
  -5.35334132104019829075e-04+j9.16986772305952539674e-05
  -5.35292156299005026342e-04+j8.99614004771133327423e-05
  -5.35251029471571384936e-04+j8.82263607906873568261e-05
  -5.35210747858081282817e-04+j8.64935119676368640001e-05
  -5.35171307795307554800e-04+j8.47628080616748773692e-05
  -5.35132705649881313011e-04+j8.30342033314268010468e-05
  -5.35094937905112580032e-04+j8.13076522746865467360e-05
  -5.35058001125680534650e-04+j7.95831096127778254111e-05
  -5.35021891953362188979e-04+j7.78605302787790340977e-05
  -5.34986607116664982658e-04+j7.61398694123024158366e-05
  -5.34952143409984297133e-04+j7.44210823675603612166e-05
  -5.34918497718186980970e-04+j7.27041246915882048533e-05
  -5.34885667002110145804e-04+j7.09889521275583197223e-05
  -5.34853648302449982688e-04+j6.92755206099901526184e-05
  -5.34822438733567172980e-04+j6.75637862636313817240e-05
  -5.34792035486513113451e-04+j6.58537053765552150798e-05
  -5.34762435836778492367e-04+j6.41452344318964247415e-05
  -5.34733637122486731193e-04+j6.24383300650656119721e-05
  -5.34705636766878819773e-04+j6.07329491022876410251e-05
  -5.34678432270419673987e-04+j5.90290484734652456662e-05
  -5.34652021194145440908e-04+j5.73265853381195537300e-05
  -5.34626401184671922948e-04+j5.56255169661271163094e-05
  -5.34601569959666702431e-04+j5.39258007749321793237e-05
  -5.34577525304687608057e-04+j5.22273943266333780700e-05
  -5.34554265084303051325e-04+j5.05302553266691353135e-05
  -5.34531787233540381897e-04+j4.88343416029239944451e-05
  -5.34510089755486656610e-04+j4.71396111151035327076e-05
  -5.34489170726374848708e-04+j4.54460219497835823683e-05
  -5.34469028294441207173e-04+j4.37535323102373989034e-05
  -5.34449660678719081809e-04+j4.20621005057827851187e-05
  -5.34431066165904820019e-04+j4.03716849722477556317e-05
  -5.34413243111673012462e-04+j3.86822442366202876680e-05
  -5.34396189943275650922e-04+j3.69937369298681850466e-05
  -5.34379905159578015399e-04+j3.53061217862420039459e-05
  -5.34364387326852837042e-04+j3.36193576213098690541e-05
  -5.34349635076826782673e-04+j3.19334033478744898100e-05
  -5.34335647107280560693e-04+j3.02482179562331456577e-05
  -5.34322422194410885828e-04+j2.85637605226711734010e-05
  -5.34309959175011833267e-04+j2.68799901893104096421e-05
  -5.34298256950218588765e-04+j2.51968661774062799069e-05
  -5.34287314496572490752e-04+j2.35143477711111426628e-05
  -5.34277130851891273941e-04+j2.18323943146804222936e-05
  -5.34267705131129646071e-04+j2.01509652052398625249e-05
  -5.34259036490976617524e-04+j1.84700199252014027774e-05
  -5.34251124191798031429e-04+j1.67895179630941900420e-05
  -5.34243967529198036243e-04+j1.51094188732360035828e-05
  -5.34237565878226345131e-04+j1.34296822577021088350e-05
  -5.34231918680833474736e-04+j1.17502677433972461219e-05
  -5.34227025440475755159e-04+j1.00711349966972727750e-05
  -5.34222885730976080644e-04+j8.39224371294866848135e-06
  -5.34219499187543896655e-04+j6.71355360747601762229e-06
  -5.34216865516501469152e-04+j5.03502442196917217375e-06
  -5.34214984489804652068e-04+j3.35661591642140768398e-06
  -5.34213855939545873876e-04+j1.67828784567269381356e-06
  -5.34213479764167266557e-04-j7.08556285851539353946e-16
  -5.34213855941256744904e-04-j1.67828784861741296029e-06
  -5.34214984486842936993e-04-j3.35661591410212771286e-06
  -5.34216865517279817892e-04-j5.03502442314541209925e-06
  -5.34219499187463557274e-04-j6.71355360759256342661e-06
  -5.34222885735098434144e-04-j8.39224370821868742608e-06
  -5.34227025439679300244e-04-j1.00711349973691935189e-05
  -5.34231918678579201579e-04-j1.17502677320555969309e-05
  -5.34237565879938408782e-04-j1.34296822567207262979e-05
  -5.34243967531590436756e-04-j1.51094188750518423220e-05
  -5.34251124193242188723e-04-j1.67895179609239832109e-05
  -5.34259036494270098464e-04-j1.84700199268713180685e-05
  -5.34267705125603901278e-04-j2.01509652129860838596e-05
  -5.34277130854488154985e-04-j2.18323943131240297462e-05
  -5.34287314492589782491e-04-j2.35143477712938002357e-05
  -5.34298256949341252367e-04-j2.51968661754099587755e-05
  -5.34309959175170126784e-04-j2.68799901900080734113e-05
  -5.34322422195794436220e-04-j2.85637605205308295635e-05
  -5.34335647107673150299e-04-j3.02482179556018994360e-05
  -5.34349635076760537920e-04-j3.19334033487746893213e-05
  -5.34364387326845898148e-04-j3.36193576219600989783e-05
  -5.34379905162211217215e-04-j3.53061217838202757633e-05
  -5.34396189944848828274e-04-j3.69937369305068953227e-05
  -5.34413243111862747842e-04-j3.86822442359657615927e-05
  -5.34431066192762350975e-04-j4.03716849765753486032e-05
  -5.34449660681651089744e-04-j4.20621005062325867187e-05
  -5.34469028296683662527e-04-j4.37535323077355617328e-05
  -5.34489170731663153224e-04-j4.54460219529977878000e-05
  -5.34510089755761393440e-04-j4.71396111143267696137e-05
  -5.34531787229497934097e-04-j4.88343416072039570599e-05
  -5.34554265083107067909e-04-j5.05302553250018017788e-05
  -5.34577525302186678906e-04-j5.22273943269645543998e-05
  -5.34601569957734328899e-04-j5.39258007754844041477e-05
  -5.34626401184788691522e-04-j5.56255169670163518263e-05
  -5.34652021193026761106e-04-j5.73265853410166774601e-05
  -5.34678432269657263019e-04-j5.90290484745500983600e-05
  -5.34705636763165102071e-04-j6.07329490878088325192e-05
  -5.34733637123980653366e-04-j6.24383300670615739615e-05
  -5.34762435836345462019e-04-j6.41452344307319780557e-05
  -5.34792035489526761810e-04-j6.58537053790379025295e-05
  -5.34822438730511782838e-04-j6.75637862626690438757e-05
  -5.34853648304028255790e-04-j6.92755206137670115438e-05
  -5.34885667002900529188e-04-j7.09889521298350494169e-05
  -5.34918497718036276868e-04-j7.27041246916372650017e-05
  -5.34952143410362792111e-04-j7.44210823658940237926e-05
  -5.34986607121634098055e-04-j7.61398694104587706998e-05
  -5.35021891957922234896e-04-j7.78605302775954241385e-05
  -5.35058001127276588668e-04-j7.95831096130418421926e-05
  -5.35094937902669438856e-04-j8.13076522756229043897e-05
  -5.35132705643883615013e-04-j8.30342033317435507115e-05
  -5.35171307796884093179e-04-j8.47628080625941452862e-05
  -5.35210747867920634373e-04-j8.64935119741788585937e-05
  -5.35251029466338266311e-04-j8.82263607904080256888e-05
  -5.35292156291365954675e-04-j8.99614004724120965972e-05
  -5.35334132103484233202e-04-j9.16986772339605633007e-05
  -5.35376960751997115449e-04-j9.34382374934496521754e-05
  -5.35420646188167746217e-04-j9.51801279482663144336e-05
  -5.35465192441743798209e-04-j9.69243955447506082236e-05
  -5.35510603626726186532e-04-j9.86710874847498227349e-05
  -5.35556883941506653955e-04-j1.00420251235296839284e-04
  -5.35604037686430978736e-04-j1.02171934539150744835e-04
  -5.35652069245688678377e-04-j1.03926185405152989201e-04
  -5.35700983086664981984e-04-j1.05683052140557318045e-04
  -5.35750783782178358929e-04-j1.07442583332832659144e-04
  -5.35801475983999422881e-04-j1.09204827865716538036e-04
  -5.35853064458265962097e-04-j1.10969834910748895622e-04
  -5.35905554035931322270e-04-j1.12737654004646582783e-04
  -5.35958949667695292753e-04-j1.14508334913319525508e-04
  -5.36013256397464463686e-04-j1.16281927777189432048e-04
  -5.36068479359159901117e-04-j1.18058483064021279250e-04
  -5.36124623789888577093e-04-j1.19838051548130388423e-04
  -5.36181695029570187273e-04-j1.21620684370440002194e-04
  -5.36239698515114117904e-04-j1.23406433005776312428e-04
  -5.36298639787081109220e-04-j1.25195349280856119654e-04
  -5.36358524493980382344e-04-j1.26987485394305758823e-04
  -5.36419358383053920813e-04-j1.28782893905959481759e-04
  -5.36481147308434766670e-04-j1.30581627756277843331e-04
  -5.36543897236467200521e-04-j1.32383740252944468938e-04
  -5.36607614239012877325e-04-j1.34189285113855321166e-04
  -5.36672304503294840018e-04-j1.35998316443925365603e-04
  -5.36737974311479607362e-04-j1.37810888756903531698e-04
  -5.36804630085849698515e-04-j1.39627056972763471812e-04
  -5.36872278335713830517e-04-j1.41446876433355293520e-04
  -5.36940925700321917101e-04-j1.43270402916671139425e-04
  -5.37010578938869266759e-04-j1.45097692631364057290e-04
  -5.37081244913696219563e-04-j1.46928802228628443494e-04
  -5.37152930631160725923e-04-j1.48763788813683289032e-04
  -5.37225643200995185006e-04-j1.50602709962559911739e-04
  -5.37299389853350861830e-04-j1.52445623697740746628e-04
  -5.37374177971981954738e-04-j1.54292588551882867793e-04
  -5.37450015031495009418e-04-j1.56143663512537907764e-04
  -5.37526908654875818817e-04-j1.57998908094869795369e-04
  -5.37604866595277537146e-04-j1.59858382283233389038e-04
  -5.37683896730475527868e-04-j1.61722146608743531492e-04
  -5.37764007075462540340e-04-j1.63590262129361671073e-04
  -5.37845205800271800901e-04-j1.65462790363579443243e-04
  -5.37927501173341760833e-04-j1.67339793482504113186e-04
  -5.38010901632473225419e-04-j1.69221334142171016008e-04
  -5.38095415748037495321e-04-j1.71107475570700482293e-04
  -5.38181052238202359793e-04-j1.72998281578984629183e-04
  -5.38267819959396755410e-04-j1.74893816554656919473e-04
  -5.38355727915256735035e-04-j1.76794145482185084163e-04
  -5.38444785294978143890e-04-j1.78699333930175765540e-04
  -5.38535001389287264900e-04-j1.80609448121428370305e-04
  -5.38626385647425942778e-04-j1.82524554878604641610e-04
  -5.38718947719078549395e-04-j1.84444721660219373592e-04
  -5.38812697385836420275e-04-j1.86370016588706583806e-04
  -5.38907644585626338998e-04-j1.88300508432625478749e-04
  -5.39003799430077179186e-04-j1.90236266635435748726e-04
  -5.39101172197732798896e-04-j1.92177361331052453785e-04
  -5.39199773333103363725e-04-j1.94123863343725189387e-04
  -5.39299613453822707446e-04-j1.96075844207283542329e-04
  -5.39400703355961790020e-04-j1.98033376180238617544e-04
  -5.39503054001013284194e-04-j1.99996532257671016768e-04
  -5.39606676551973281700e-04-j2.01965386159062214137e-04
  -5.39711582337559260536e-04-j2.03940012405139065683e-04
  -5.39817782879936278705e-04-j2.05920486258764435031e-04
  -5.39925289879385596550e-04-j2.07906883781566888909e-04
  -5.40034115249426647197e-04-j2.09899281845967480798e-04
  -5.40144271082325529675e-04-j2.11897758119891226362e-04
  -5.40255769667911446043e-04-j2.13902391126393398232e-04
  -5.40368623509434892888e-04-j2.15913260216695878767e-04
  -5.40482845311305660010e-04-j2.17930445612196145317e-04
  -5.40598447974534736075e-04-j2.19954028407874483970e-04
  -5.40715444636273535536e-04-j2.21984090605646650464e-04
  -5.40833848628520432594e-04-j2.24020715093048834949e-04
  -5.40953673496612479771e-04-j2.26063985692548938614e-04
  -5.41074933039009122425e-04-j2.28113987174564562073e-04
  -5.41197641251369809638e-04-j2.30170805268052164035e-04
  -5.41321812376964624745e-04-j2.32234526666717506875e-04
  -5.41447460883909183899e-04-j2.34305239072234801258e-04
  -5.41574601490008153068e-04-j2.36383031190354908234e-04
  -5.41703249141706980746e-04-j2.38467992760241979770e-04
  -5.41833419041633777315e-04-j2.40560214566829623029e-04
  -5.41965126642942056530e-04-j2.42659788475019266071e-04
  -5.42098387653510609477e-04-j2.44766807421402951897e-04
  -5.42233218037604285458e-04-j2.46881365463836720958e-04
  -5.42369634034494188524e-04-j2.49003557781627392082e-04
  -5.42507652138512477466e-04-j2.51133480703044002866e-04
  -5.42647289136622031080e-04-j2.53271231734438558459e-04
  -5.42788562076728904951e-04-j2.55416909564053044857e-04
  -5.42931488304340724785e-04-j2.57570614102282252362e-04
  -5.43076085447708020899e-04-j2.59732446491707524589e-04
  -5.43222371432540863251e-04-j2.61902509137503045761e-04
  -5.43370364479287622402e-04-j2.64080905736413041121e-04
  -5.43520083138529291542e-04-j2.66267741245457419640e-04
  -5.43671546235978452380e-04-j2.68463122029526221526e-04
  -5.43824772920050597026e-04-j2.70667155734267105005e-04
  -5.43979782727456299442e-04-j2.72879951495437792722e-04
  -5.44136595420632905931e-04-j2.75101619710976092164e-04
  -5.44295231169894403248e-04-j2.77332272308954770525e-04
  -5.44455710458506374205e-04-j2.79572022684322206865e-04
  -5.44618054125751158492e-04-j2.81820985650250662759e-04
  -5.44782283368519569880e-04-j2.84079277636062050953e-04
  -5.44948419752647422558e-04-j2.86347016538691478797e-04
  -5.45116485195514303107e-04-j2.88624321860642813180e-04
  -5.45286502001787439300e-04-j2.90911314722042352397e-04
  -5.45458492867437801793e-04-j2.93208117871677305302e-04
  -5.45632480841996099150e-04-j2.95514855722717921863e-04
  -5.45808489426370907309e-04-j2.97831654401288395233e-04
  -5.45986542492958690405e-04-j3.00158641771740048072e-04
  -5.46166664337557894449e-04-j3.02495947453602616675e-04
  -5.46348879685725841507e-04-j3.04843702888093711668e-04
  -5.46533213677057906621e-04-j3.07202041343691183498e-04
  -5.46719691913880555256e-04-j3.09571097965922017222e-04
  -5.46908340434507436734e-04-j3.11951009836328402389e-04
  -5.47099185720230319838e-04-j3.14341915956938759528e-04
  -5.47292254748990569801e-04-j3.16743957322411745330e-04
  -5.47487574962648385762e-04-j3.19157276990719512236e-04
  -5.47685174284842212628e-04-j3.21582020057598321622e-04
  -5.47885081141431047776e-04-j3.24018333740014818044e-04
  -5.48087324468387216032e-04-j3.26466367426592163868e-04
  -5.48291933699207806666e-04-j3.28926272682612819143e-04
  -5.48498938828938871655e-04-j3.31398203325196632346e-04
  -5.48708370349722208623e-04-j3.33882315468220691648e-04
  -5.48920259347941393371e-04-j3.36378767552374168068e-04
  -5.49134637452375990938e-04-j3.38887720412972776127e-04
  -5.49351536858811969125e-04-j3.41409337310693791236e-04
  -5.49570990350127627951e-04-j3.43943783998744813737e-04
  -5.49793031325328533827e-04-j3.46491228758246435759e-04
  -5.50017693779981248214e-04-j3.49051842462829006643e-04
  -5.50245012356060606701e-04-j3.51625798637038983457e-04
  -5.50475022271241739603e-04-j3.54213273487281573096e-04
  -5.50707759491334404404e-04-j3.56814445996946083030e-04
  -5.50943260571985023340e-04-j3.59429497947711198719e-04
  -5.51181562789192940922e-04-j3.62058614004739367717e-04
  -5.51422704108590205907e-04-j3.64701981773393150033e-04
  -5.51666723198325145705e-04-j3.67359791849057072677e-04
  -5.51913659447559614389e-04-j3.70032237880756444733e-04
  -5.52163553022026222517e-04-j3.72719516678343535700e-04
  -5.52416444817268432153e-04-j3.75421828229148752450e-04
  -5.52672376526708178726e-04-j3.78139375783938735346e-04
  -5.52931390624880852828e-04-j3.80872365952237407465e-04
  -5.53193530408426165437e-04-j3.83621008744295820172e-04
  -5.53458840007482136963e-04-j3.86385517652809771898e-04
  -5.53727364400291468920e-04-j3.89166109761007012694e-04
  -5.53999149437149293086e-04-j3.91963005765598882651e-04
  -5.54274241868194200537e-04-j3.94776430113589061992e-04
  -5.54552689339875477283e-04-j3.97606611064823850694e-04
  -5.54834540445974357462e-04-j4.00453780761908842943e-04
  -5.55119844760046388110e-04-j4.03318175327088354349e-04
  -5.55408652730564117092e-04-j4.06200035011778151899e-04
  -5.55701015955635709009e-04-j4.09099604171164765460e-04
  -5.55996986964565529342e-04-j4.12017131450800747419e-04
  -5.56296619363086278058e-04-j4.14952869877196486251e-04
  -5.56599967813134390709e-04-j4.17907076931608295872e-04
  -5.56907088127847507524e-04-j4.20880014656762019114e-04
  -5.57218037189645626697e-04-j4.23871949782511680052e-04
  -5.57532873065490143689e-04-j4.26883153835895328646e-04
  -5.57851655008395337469e-04-j4.29913903231730323753e-04
  -5.58174443483957821895e-04-j4.32964479403428179928e-04
  -5.58501300188354843877e-04-j4.36035168911484553086e-04
  -5.58832288117549450153e-04-j4.39126263610109025554e-04
  -5.59167471553027590862e-04-j4.42238060699251631525e-04
  -5.59506916121321794602e-04-j4.45370862938332715518e-04
  -5.59850688832657880124e-04-j4.48524978704724201252e-04
  -5.60198858077199930532e-04-j4.51700722197089432272e-04
  -5.60551493726600571881e-04-j4.54898413519492920195e-04
  -5.60908667108797067379e-04-j4.58118378877579843136e-04
  -5.61270451080702519400e-04-j4.61360950691320603322e-04
  -5.61636920054467089249e-04-j4.64626467782427207253e-04
  -5.62008150042867579005e-04-j4.67915275514525644610e-04
  -5.62384218700834651559e-04-j4.71227725962848056560e-04
  -5.62765205365774200987e-04-j4.74564178082676011577e-04
  -5.63151191106476363066e-04-j4.77924997893136300868e-04
  -5.63542258765703193459e-04-j4.81310558650354747365e-04
  -5.63938493005665310992e-04-j4.84721241040526374961e-04
  -5.64339980367384135007e-04-j4.88157433357274512468e-04
  -5.64746809305908072964e-04-j4.91619531716809684760e-04
  -5.65159070249876961493e-04-j4.95107940264792080465e-04
  -5.65576855668244301775e-04-j4.98623071366701840941e-04
  -5.66000260085820165040e-04-j5.02165345835569871917e-04
  -5.66429380206058389648e-04-j5.05735193178873609042e-04
  -5.66864314898587063479e-04-j5.09333051788284866396e-04
  -5.67305165307729138309e-04-j5.12959369219886550037e-04
  -5.67752034912874818315e-04-j5.16614602413881783029e-04
  -5.68205029555319250135e-04-j5.20299217960203488377e-04
  -5.68664257557837337330e-04-j5.24013692366888145409e-04
  -5.69129829768510011115e-04-j5.27758512330877725335e-04
  -5.69601859611578624845e-04-j5.31534175007271217708e-04
  -5.70080463236542702050e-04-j5.35341188327321236030e-04
  -5.70565759483303812372e-04-j5.39180071262316358213e-04
  -5.71057870061789031764e-04-j5.43051354165594545031e-04
  -5.71556919578264746064e-04-j5.46955579091150368397e-04
  -5.72063035666851025032e-04-j5.50893300108929893574e-04
  -5.72576349004413789716e-04-j5.54865083677733234371e-04
  -5.73096993491716997712e-04-j5.58871508962069060179e-04
  -5.73625106290630618587e-04-j5.62913168237662146255e-04
  -5.74160827926966559412e-04-j5.66990667263871290539e-04
  -5.74704302420074976746e-04-j5.71104625665459883672e-04
  -5.75255677356009274999e-04-j5.75255677356439811682e-04
  -5.75815104015438652442e-04-j5.79444470962936866200e-04
  -5.76382737522453982015e-04-j5.83671670246169887498e-04
  -5.76958736854334412920e-04-j5.87937954600549613979e-04
  -5.77543265087435532881e-04-j5.92244019468052620980e-04
  -5.78136489454977343938e-04-j5.96590576874335008946e-04
  -5.78738581497603623433e-04-j6.00978355916374665062e-04
  -5.79349717188909875756e-04-j6.05408103280528756863e-04
  -5.79970077093341224161e-04-j6.09880583825890771124e-04
  -5.80599846515520009657e-04-j6.14396581101688378859e-04
  -5.81239215604626704645e-04-j6.18956897975333998271e-04
  -5.81888379588088523915e-04-j6.23562357196960842867e-04
  -5.82547538915413913238e-04-j6.28213802156393037388e-04
  -5.83216899342481895699e-04-j6.32912097313716994970e-04
  -5.83896672251972928026e-04-j6.37658129131901934422e-04
  -5.84587074741886418561e-04-j6.42452806628982745624e-04
  -5.85288329839226241849e-04-j6.47297062181043320397e-04
  -5.86000666717795921576e-04-j6.52191852269968347887e-04
  -5.86724320892607247371e-04-j6.57138158301374866038e-04
  -5.87459534424244794910e-04-j6.62136987416832344458e-04
  -5.88206556186769572228e-04-j6.67189373362770711540e-04
  -5.88965642043249508301e-04-j6.72296377418733054863e-04
  -5.89737055162896720018e-04-j6.77459089288262052662e-04
  -5.90521066217814210968e-04-j6.82678628129070063681e-04
  -5.91317953653327913789e-04-j6.87956143522616735478e-04
  -5.92128004008556541211e-04-j6.93292816577614203974e-04
  -5.92951512174278339180e-04-j6.98689860995742534691e-04
  -5.93788781675631490743e-04-j7.04148524259533715314e-04
  -5.94640125053920573159e-04-j7.09670088813692647237e-04
  -5.95505864116025341454e-04-j7.15255873326346605472e-04
  -5.96386330334897638364e-04-j7.20907233995978749715e-04
  -5.97281865182474995535e-04-j7.26625565930780377422e-04
  -5.98192820508348867443e-04-j7.32412304542419054232e-04
  -5.99119558934575334626e-04-j7.38268927083543112684e-04
  -6.00062454264500963128e-04-j7.44196954169723946630e-04
  -6.01021891909609730364e-04-j7.50197951415336136173e-04
  -6.01998269337479475702e-04-j7.56273531157127410635e-04
  -6.02991996536915582892e-04-j7.62425354202034733127e-04
  -6.04003496518152856523e-04-j7.68655131716915619028e-04
  -6.05033205815301154858e-04-j7.74964627167731325008e-04
  -6.06081575028179111823e-04-j7.81355658361299575121e-04
  -6.07149069381586817262e-04-j7.87830099595778128065e-04
  -6.08236169365455100339e-04-j7.94389883867598631598e-04
  -6.09343371224189663329e-04-j8.01037005290149714890e-04
  -6.10471187766266853124e-04-j8.07773521476236561027e-04
  -6.11620148927619045574e-04-j8.14601556190374114126e-04
  -6.12790802569137117543e-04-j8.21523302019108942265e-04
  -6.13983715156114035968e-04-j8.28541023211985848754e-04
  -6.15199472617161094608e-04-j8.35657058730371327115e-04
  -6.16438681112405377147e-04-j8.42873825345921549347e-04
  -6.17701967949089492983e-04-j8.50193820928353788217e-04
  -6.18989982486572044157e-04-j8.57619627964654562650e-04
  -6.20303397087030574872e-04-j8.65153917184669266592e-04
  -6.21642908167074469822e-04-j8.72799451417244570930e-04
  -6.23009237249008847835e-04-j8.80559089637018561729e-04
  -6.24403132065722661290e-04-j8.88435791227553555739e-04
  -6.25825367805703963210e-04-j8.96432620488082096757e-04
  -6.27276748326306482148e-04-j9.04552751390760899700e-04
  -6.28758107496540409598e-04-j9.12799472535643480718e-04
  -6.30270310589872229459e-04-j9.21176192466326517784e-04
  -6.31814255764609326339e-04-j9.29686445254904333078e-04
  -6.33390875626625303625e-04-j9.38333896364203310508e-04
  -6.35001138869022456121e-04-j9.47122348893689658053e-04
  -6.36646052044294373344e-04-j9.56055750149501252719e-04
  -6.38326661380809209749e-04-j9.65138198629037955510e-04
  -6.40044054784973635852e-04-j9.74373951375345098182e-04
  -6.41799363827062849946e-04-j9.83767431890100697497e-04
  -6.43593766081451343353e-04-j9.93323238206753316576e-04
  -6.45428487306985644752e-04-j1.00304615190959303672e-03
  -6.47304804047423281571e-04-j1.01294114731226314076e-03
  -6.49224046186703770446e-04-j1.02301340142570617794e-03
  -6.51187599743282066744e-04-j1.03326830438465544840e-03
  -6.53196909904280921012e-04-j1.04371147079226575007e-03
  -6.55253484123455146905e-04-j1.05434875146018214830e-03
  -6.57358895516712139588e-04-j1.06518624611568238879e-03
  -6.59514786435578268323e-04-j1.07623031692850846218e-03
  -6.61722872290059849557e-04-j1.08748760283310921468e-03
  -6.63984945657719398925e-04-j1.09896503490233810561e-03
  -6.66302880584496398479e-04-j1.11066985268357273052e-03
  -6.68678637280265691922e-04-j1.12260962169049346299e-03
  -6.71114267082385937066e-04-j1.13479225210883437856e-03
  -6.73611917751743699556e-04-j1.14722601875345288878e-03
  -6.76173839194622178228e-04-j1.15991958249120384952e-03
  -6.78802389584116754040e-04-j1.17288201316906835758e-03
  -6.81500041855014819341e-04-j1.18612281420249054270e-03
  -6.84269390784043190536e-04-j1.19965194892868187194e-03
  -6.87113160506561538969e-04-j1.21347986902829935510e-03
  -6.90034212631560105525e-04-j1.22761754489341605272e-03
  -6.93035555017622187726e-04-j1.24207649847948636487e-03
  -6.96120351115535676567e-04-j1.25686883857034658631e-03
  -6.99291930175047335080e-04-j1.27200729886162286139e-03
  -7.02553798123488923259e-04-j1.28750527898925312686e-03
  -7.05909649444873645886e-04-j1.30337688890616414106e-03
  -7.09363379918196909624e-04-j1.31963699681228799343e-03
  -7.12919100503870968415e-04-j1.33630128100474835848e-03
  -7.16581152226276169546e-04-j1.35338628615955095837e-03
  -7.20354122569915569958e-04-j1.37090948425877242126e-03
  -7.24242863039504820161e-04-j1.38888934075831146399e-03
  -7.28252508363017568051e-04-j1.40734538658576226709e-03
  -7.32388497384604797956e-04-j1.42629829641186022318e-03
  -7.36656595875342695874e-04-j1.44576997400523775232e-03
  -7.41062921259393546890e-04-j1.46578364529130022835e-03
  -7.45613969854171262062e-04-j1.48636396002263244769e-03
  -7.50316646462755943228e-04-j1.50753710308391725321e-03
  -7.55178296957518049859e-04-j1.52933091622739383668e-03
  -7.60206743870181305377e-04-j1.55177503175441553265e-03
  -7.65410325612413339549e-04-j1.57490101931437157835e-03
  -7.70797939550198533097e-04-j1.59874254734713289704e-03
  -7.76379089504677650894e-04-j1.62333556105750194572e-03
  -7.82163938155744820242e-04-j1.64871847870843289165e-03
  -7.88163364988877699312e-04-j1.67493240871238930657e-03
  -7.94389030402414147471e-04-j1.70202138994543419187e-03
  -8.00853446948591226467e-04-j1.73003265832061487242e-03
  -8.07570058356220214259e-04-j1.75901694301532291256e-03
  -8.14553327594445038956e-04-j1.78902879630866464000e-03
  -8.21818835144340277717e-04-j1.82012696152496797168e-03
  -8.29383388759389640621e-04-j1.85237478426323459724e-03
  -8.37265146506624012741e-04-j1.88584067314743119778e-03
  -8.45483754851718196516e-04-j1.92059861702667880601e-03
  -8.54060504072072404318e-04-j1.95672876691885917408e-03
  -8.63018503513943114822e-04-j1.99431809239794663111e-03
  -8.72382879777697413382e-04-j2.03346112374321822541e-03
  -8.82181001363206533650e-04-j2.07426079316853787318e-03
  -8.92442734042139915358e-04-j2.11682939104649268935e-03
  -9.03200731862506957064e-04-j2.16128965571674028570e-03
  -9.14490769901358385718e-04-j2.20777601936930677543e-03
  -9.26352125771981015773e-04-j2.25643603652228358011e-03
  -9.38828018437268046678e-04-j2.30743202727771903188e-03
  -9.51966114775029269464e-04-j2.36094297385328229233e-03
  -9.65819116266239613769e-04-j2.41716671731401731849e-03
  -9.80445440945095685395e-04-j2.47632251105598354124e-03
  -9.95910019434192994581e-04-j2.53865400121928682167e-03
  -1.01228522769332787180e-03-j2.60443271890786103365e-03
  -1.02965198476104584542e-03-j2.67396219030919743420e-03
  -1.04810105064558826797e-03-j2.74758279597872015140e-03
  -1.06773456810384530409e-03-j2.82567754352399660642e-03
  -1.08866790392789149905e-03-j2.90867896068513999072e-03
  -1.11103185898367255724e-03-j2.99707737061924352900e-03
  -1.13497533737945801094e-03-j3.09143088443075090416e-03
  -1.16066858905241460098e-03-j3.19237754120634594640e-03
  -1.18830717509917234941e-03-j3.30065015410388809536e-03
  -1.21811685126388207466e-03-j3.41709459344681108425e-03
  -1.25035962730869623996e-03-j3.54269247229728597923e-03
  -1.28534134655867147458e-03-j3.67858952332716969760e-03
  -1.32342124975287373650e-03-j3.82613140459368578777e-03
  -1.36502415734593754958e-03-j3.98690930823478954098e-03
  -1.41065614613000581481e-03-j4.16281865132918892092e-03
  -1.46092494850586169033e-03-j4.35613544769585837868e-03
  -1.51656682202587858067e-03-j4.56961690290016118998e-03
  -1.57848241685151508690e-03-j4.80663569633836464806e-03
  -1.64778536469988457630e-03-j5.07136188971805002695e-03
  -1.72586918354746812407e-03-j5.36901340720864327788e-03
  -1.81450109354778631870e-03-j5.70620726558978066945e-03
  -1.91595627955793313540e-03-j6.09146223010679273985e-03
  -2.03321451984686454167e-03-j6.53593495754589779573e-03
  -2.17025581446205319616e-03-j7.05452677673611399517e-03
  -2.33251849271518246071e-03-j7.66759876199471675229e-03
  -2.52763448803558108888e-03-j8.40372447142385264884e-03
  -2.76665936332782039231e-03-j9.30429494329698507371e-03
  -3.06623453671202262846e-03-j1.04316136840587291024e-02
  -3.45262510509755605678e-03-j1.18840135605236471572e-02
  -3.96985218905139894408e-03-j1.38263028494003750724e-02
  -4.69774899016715818956e-03-j1.65573638968468488109e-02
  -5.79767542453135144298e-03-j2.06813005541984645808e-02
  -7.65226621983493976442e-03-j2.76306301328626269243e-02
  -1.14425942060419720547e-02-j4.18270798374543312237e-02
  -2.35020986324075802087e-02-j8.69819179335883513327e-02
  +2.54756550767501199761e-01+j9.54762570718151626359e-01
  +1.91896573695203437326e-02+j7.28357905964440166535e-02
  +9.79490483731051617133e-03+j3.76571015818176618728e-02
  +6.49506020120160093567e-03+j2.52965893109625243607e-02
  +4.81196469035156167843e-03+j1.89888246196810855926e-02
  +3.79143022732101155417e-03+j1.51614961440741640580e-02
  +3.10670600842472867387e-03+j1.25913057460818704480e-02
  +2.61556596017594681497e-03+j1.07457829353194925931e-02
  +2.24616620018819714358e-03+j9.35595555723762149769e-03
  +1.95830148212831249913e-03+j8.27130083096881338345e-03
  +1.72771622909202943533e-03+j7.40100865506801170596e-03
  +1.53890903404725002540e-03+j6.68704293908608735086e-03
  +1.38151017203430354248e-03+j6.09057965404588477071e-03
  +1.24832041259566534422e-03+j5.58466449442229437294e-03
  +1.13418538260313278045e-03+j5.14999869203766960646e-03
  +1.03531770387577126170e-03+j4.77240121868877532202e-03
  +9.48872016137517339078e-04+j4.44121774644466640186e-03
  +8.72669262468165653213e-04+j4.14828841987217086101e-03
  +8.05012457416406099556e-04+j3.88725812309807751063e-03
  +7.44560380363228015328e-04+j3.65310360865460023727e-03
  +6.90239004242320947774e-04+j3.44180190059045418294e-03
  +6.41178130670740239160e-04+j3.25009306577828073134e-03
  +5.96665241451658600984e-04+j3.07530744037155974457e-03
  +5.56111345559494188798e-04+j2.91523776500532969327e-03
  +5.19025335076098918823e-04+j2.76804317569130653442e-03
  +4.84994475246508960787e-04+j2.63217616030859925466e-03
  +4.53669382737201492932e-04+j2.50632631716826616980e-03
  +4.24752331783621113644e-04+j2.38937657319494931724e-03
  +3.97988058862771046896e-04+j2.28036875575435239380e-03
  +3.73156464498464028080e-04+j2.17847626695608434511e-03
  +3.50066770761393950689e-04+j2.08298220762435882733e-03
  +3.28552806645080451055e-04+j1.99326172377626946453e-03
  +3.08469175201476336883e-04+j1.90876765422175035704e-03
  +2.89688115924047727163e-04+j1.82901878071415344498e-03
  +2.72096919575722472322e-04+j1.75359014634807728640e-03
  +2.55595785210005368819e-04+j1.68210502931121419143e-03
  +2.40096033624740388696e-04+j1.61422825087741313166e-03
  +2.25518610021794381395e-04+j1.54966056583406906581e-03
  +2.11792822617785393962e-04+j1.48813393637564801708e-03
  +1.98855275021831947235e-04+j1.42940753101983807072e-03
  +1.86648958563996711542e-04+j1.37326432219444941399e-03
  +1.75122477228144068440e-04+j1.31950818022496022507e-03
  +1.64229383274915795255e-04+j1.26796138123621898383e-03
  +1.53927605454639378126e-04+j1.21846246175507082893e-03
  +1.44178955185007791123e-04+j1.17086436478504199270e-03
  +1.34948698572898579664e-04+j1.12503283215399782144e-03
  +1.26205184289594085243e-04+j1.08084500576836016472e-03
  +1.17919519013401613138e-04+j1.03818820656940394472e-03
  +1.10065283403307234700e-04+j9.96958865184938494708e-04
  +1.02618283198976340096e-04+j9.57061583207918743429e-04
  +9.55563299634747879800e-05+j9.18408305817143425301e-04
  +8.88590479381884504632e-05+j8.80917591381239709764e-04
  +8.25077032755457649704e-05+j8.44513964451195308335e-04
  +7.64850527195280266652e-05+j8.09127341294025030811e-04
  +7.07752092358706670237e-05+j7.74692518486372870036e-04
  +6.53635224950987591547e-05+j7.41148716529104996734e-04
  +6.02364723278025113152e-05+j7.08439171566453153826e-04
  +5.53815735467991490030e-05+j6.76510769296786171681e-04
  +5.07872908773238348535e-05+j6.45313715885131779920e-04
  +4.64429626915631991362e-05+j6.14801241460488428689e-04
  +4.23387324154644048655e-05+j5.84929332449406745066e-04
  +3.84654875352676554239e-05+j5.55656489145891835033e-04
  +3.48148038790844425701e-05+j5.26943505955370901719e-04
  +3.13788960825874414231e-05+j4.98753271359626826342e-04
  +2.81505728819654308715e-05+j4.71050585619545516842e-04
  +2.51231964903433812784e-05+j4.43801994357160645242e-04
  +2.22906464476960443593e-05+j4.16975635748661761348e-04
  +1.96472866867484307989e-05+j3.90541100441789705480e-04
  +1.71879359883051960334e-05+j3.64469302385370889485e-04
  +1.49078413192950938682e-05+j3.38732359576655460594e-04
  +1.28026538991484772515e-05+j3.13303483488126290057e-04
  +1.08684075926037993924e-05+j2.88156876396940123727e-04
  +9.10149972627189003617e-06+j2.63267635549429516052e-04
  +7.49867362003961266835e-06+j2.38611663553665664201e-04
  +6.05700338339609111225e-06+j2.14165584115432638046e-04
  +4.77388019469339396728e-06+j1.89906662625670663016e-04
  +3.64700032962120486671e-06+j1.65812730956725639438e-04
  +2.67435462894354337348e-06+j1.41862115828088770084e-04
  +1.85421949548919780144e-06+j1.18033570487841970578e-04
  +1.18514915654650724935e-06+j9.43062088839447697957e-05
  +6.65969269963394385262e-07+j7.06594422733254141000e-05
  +2.95771754580924752820e-07+j4.70729175778537178203e-05
  +7.39107878040292970946e-08+j2.35264572126499505952e-05
</dep>
<dep SMo Frequency.0001>
  +2.00200200200243913495e-03
  +2.00224678348575116371e-03+j6.29026448035079069956e-06
  +2.00298125805827269968e-03+j1.25852680271535371907e-05
  +2.00420720504160742789e-03+j1.88897672020590113033e-05
  +2.00592503107743184293e-03+j2.52085243028456120352e-05
  +2.00813881072550107915e-03+j3.15463653029346294612e-05
  +2.01085144666989954973e-03+j3.79081465610874276452e-05
  +2.01406687209007518799e-03+j4.42987851756774817587e-05
  +2.01779101180932837062e-03+j5.07232996733604355648e-05
  +2.02202868645718790083e-03+j5.71867541001276497308e-05
  +2.02678707002302508494e-03+j6.36943496755121009402e-05
  +2.03207346565685348025e-03+j7.02513852633334040867e-05
  +2.03789644735642141646e-03+j7.68633028430290820817e-05
  +2.04425409598647063111e-03+j8.35352271756409348307e-05
  +2.05119093716686672416e-03+j9.02743069695040930168e-05
  +2.05868366529379613616e-03+j9.70850571585723186828e-05
  +2.06675665229582661633e-03+j1.03974102641742698039e-04
  +2.07542309155386416747e-03+j1.10947783035456265868e-04
  +2.08469803060909193021e-03+j1.18012714938826030592e-04
  +2.09459728894985028336e-03+j1.25175757008395496664e-04
  +2.10513797329951778473e-03+j1.32444055113323309707e-04
  +2.11633905879675659339e-03+j1.39825101630935760486e-04
  +2.12822347778877972793e-03+j1.47326910163048151528e-04
  +2.14113213168048597754e-03+j1.54980807694263912145e-04
  +2.15409658654959869709e-03+j1.62723528437961229443e-04
  +2.16815713903601272119e-03+j1.70637667505821869667e-04
  +2.18299139240362176026e-03+j1.78707426174265672373e-04
  +2.19862989874144857186e-03+j1.86942950596342310262e-04
  +2.21510489287818530812e-03+j1.95354933854865033069e-04
  +2.23244711100104541168e-03+j2.03954353005250497858e-04
  +2.25068838170161544809e-03+j2.12752691382755109144e-04
  +2.26985615803316923347e-03+j2.21761422848343315011e-04
  +2.28992558723048380415e-03+j2.30987108805436221204e-04
  +2.30346102097163905886e-03+j2.39664950743346248131e-04
  +2.33401844128631975536e-03+j2.50258676779233947551e-04
  +2.35735541342202469320e-03+j2.60254460569162742508e-04
  +2.38198466971551153087e-03+j2.70550642693506042998e-04
  +2.40791260265802537985e-03+j2.81160621695112733325e-04
  +2.43521027907106892355e-03+j2.92105659960809440397e-04
  +2.46398793807394008923e-03+j3.03412775367070111296e-04
  +2.49442624746106780473e-03+j3.15119317421577130756e-04
  +2.52693653076214736625e-03+j3.27294848377692316858e-04
  +2.56329822271680451279e-03+j3.40195795194398018131e-04
  +2.74887066065465776252e-03+j3.73616235228672595274e-04
  +2.62051431102640342008e-03+j3.64558799860452680680e-04
  +2.66198246750433062391e-03+j3.78856208277531078706e-04
  +2.70293532852427251592e-03+j3.93352087354518120590e-04
  +2.74500998926516118562e-03+j4.08285513723861341173e-04
  +2.78829534054535893572e-03+j4.23681354334657939847e-04
  +2.83221865480225111142e-03+j4.39462991477251429650e-04
  +2.87492514758740536768e-03+j4.55343410475768861027e-04
  +2.91016236673616096250e-03+j4.70301025366958271642e-04
  +2.90507434954928589477e-03+j4.78848472164662437162e-04
  +6.11881141826016851197e-04+j1.02832974099314360724e-04
  +3.31096362157743502250e-03+j5.67142960355868802104e-04
  +3.32369728978382109399e-03+j5.80078037494122862767e-04
  +3.39019327123616428382e-03+j6.02664524845926961351e-04
  +3.48055461882791931580e-03+j6.30014158453465655980e-04
  +3.59440872672613922698e-03+j6.62291681128609750588e-04
  +3.74230999432867243726e-03+j7.01706431392370467981e-04
  +3.95362968708014555358e-03+j7.54195198604131877146e-04
  +4.32033891991107522196e-03+j8.38223857220368935052e-04
  +5.30977065080871953040e-03+j1.04751117930961695247e-03
  +3.28909835525299232284e-02+j6.59614945649763043112e-03
  +1.61918086210813077196e-03+j3.30014707414199269520e-04
  +2.56332675986682603092e-03+j5.30839452584442109129e-04
  +2.84087845940779980258e-03+j5.97631374438807485942e-04
  +2.89292592657019358507e-03+j6.18077431280242717976e-04
  +2.75876707916069370194e-03+j5.98482874143125296099e-04
  +2.35578877069234906769e-03+j5.18815896471633633547e-04
  +1.42318767655157259709e-03+j3.18120135841427594328e-04
  -8.72709349918537663146e-04-j1.97954367665495022804e-04
  -8.78132704250314533034e-03-j2.02087284913684585297e-03
  -2.20679445568317922355e-01-j5.15161483124408695056e-02
  +2.70459807007271957335e-02+j6.40336812483453896722e-03
  +1.96127979213772396516e-02+j4.70861618705281734926e-03
  +1.81770159309690981786e-02+j4.42435738864096605311e-03
  +1.86160274449559230703e-02+j4.59321102057298324278e-03
  +2.03435132290234396701e-02+j5.08729549204565457965e-03
  +2.36092218716657392674e-02+j5.98282117448362300849e-03
  +2.95356660025825300264e-02+j7.58347010385926247750e-03
  +4.17901471897653767340e-02+j1.08699421269087374842e-02
  +7.89653818494956694085e-02+j2.08045880924307875770e-02
  +8.80526105722372443019e-01+j2.34948248322826791501e-01
  -6.98999114126779980127e-02-j1.88866220870411959110e-02
  -3.24813783980384476746e-02-j8.88589960634430901798e-03
  -1.97858690351711760669e-02-j5.47967008062904496063e-03
  -1.31540542937327187972e-02-j3.68753101923335706303e-03
  -8.78851861820279488258e-03-j2.49352824042399761478e-03
  -5.29777542490840643030e-03-j1.52111418335904393685e-03
  -1.79629141133414165117e-03-j5.21870897512543901672e-04
  +3.04570885769445912766e-03+j8.95245737723964840962e-04
  +1.46986126267274596485e-02+j4.37067553205683963918e-03
  +2.16365897338788581994e-01+j6.50775624555236104074e-02
  -2.64062251468241970809e-02-j8.03289405063364533865e-03
  -1.51921316612995630640e-02-j4.67370996177582029296e-03
  -1.11472179118575313861e-02-j3.46770362030871318049e-03
  -8.92447946991795602878e-03-j2.80702922160098317095e-03
  -7.43549495550290765605e-03-j2.36439251149609102470e-03
  -6.29442178188460536858e-03-j2.02334167521765273881e-03
  -5.29255788090322171202e-03-j1.71965629895820017181e-03
  -4.20094495390039776583e-03-j1.37957568720176301444e-03
  -2.23772282977160140438e-03-j7.42656610526742943547e-04
  +2.27436077452851798109e-02+j7.62756447157767608624e-03
  -7.34851493458114814888e-03-j2.49019441528735554700e-03
  -5.57086481799925082453e-03-j1.90733334169040577577e-03
  -4.80986172682625664349e-03-j1.66368390014231615562e-03
  -4.32307544639796807739e-03-j1.51053211572233685514e-03
  -3.95727636682755706810e-03-j1.39668307138690215782e-03
  -3.65746696603813778101e-03-j1.30380415948080745359e-03
  -3.39497503459715776683e-03-j1.22226622166269022034e-03
  -3.14339252233328822830e-03-j1.14285886197184141135e-03
  -2.82821790422488903230e-03-j1.03834039641717448647e-03
  -6.78634042283764930652e-04-j2.51573098832247776975e-04
  -3.05263246267750958801e-03-j1.14254719395023049237e-03
  -2.78713567563735947416e-03-j1.05317080987092615528e-03
  -2.62184157847218093570e-03-j1.00013543433091788883e-03
  -2.48854878221574891961e-03-j9.58255581201702412962e-04
  -2.37259475181778468206e-03-j9.22174952391414210970e-04
  -2.26836356933156563578e-03-j8.89875503052199004657e-04
  -2.17278525206391574104e-03-j8.60266538394543187930e-04
  -2.08328282099733011826e-03-j8.32410258965700128493e-04
  -1.99423754079866262859e-03-j8.04105217573086012393e-04
  -1.79969364441117806071e-03-j7.32243809571348804044e-04
  -1.88582408943539499117e-03-j7.74201938721984553836e-04
  -1.81162431443044821822e-03-j7.50399360962179101664e-04
  -1.74731134567557093960e-03-j7.30199620411320143507e-04
  -1.68803912967683709609e-03-j7.11667299420157858751e-04
  -1.63258869803681533686e-03-j6.94338309434316242573e-04
  -1.58037658340040858447e-03-j6.78003360311766581532e-04
  -1.53101486222628714248e-03-j6.62529292740456033847e-04
  -1.48417604185663407242e-03-j6.47803701700393284174e-04
  -1.43939574562489819298e-03-j6.33649170076429303286e-04
  -1.39149950748877976672e-03-j6.17790280799799867636e-04
  -1.35907108907546390897e-03-j6.08511298577602043405e-04
  -1.32035731968795392796e-03-j5.96164189300012452993e-04
  -1.28369728099008784464e-03-j5.84473483052031059400e-04
  -1.24873521176428812877e-03-j5.73298154879450490642e-04
  -1.21531594863346563244e-03-j5.62584736141703346292e-04
  -1.18332707051758447003e-03-j5.52297432776249503511e-04
  -1.15267248900685430855e-03-j5.42406501263027881685e-04
  -1.12326582407937030847e-03-j5.32885408824720582278e-04
  -1.09502088712682896232e-03-j5.23706459547152152617e-04
  -1.06767225742647226157e-03-j5.14754284547867661283e-04
  -1.04191165293608775828e-03-j5.06374640533576998551e-04
  -1.01679973590675727831e-03-j4.98125050720113851134e-04
  -9.92632124548670875461e-04-j4.90158296917381393343e-04
  -9.69347879190600057384e-04-j4.82454361145654667554e-04
  -9.46899587428704490356e-04-j4.74999111536868157905e-04
  -9.25242143179979322637e-04-j4.67778889264876653400e-04
  -9.04336017931793145069e-04-j4.60782216030831482442e-04
  -8.84143020601901147813e-04-j4.53997722610913092937e-04
  -8.64627856197075885317e-04-j4.47414977924175593857e-04
  -8.45751451941386712952e-04-j4.41021062657194853375e-04
  -8.27508649327872089496e-04-j4.34820295470686804529e-04
  -8.09840540939079159277e-04-j4.28788494369351379405e-04
  -7.92732606527665425479e-04-j4.22924249803255695394e-04
  -7.76159162710499594615e-04-j4.17219953936944767600e-04
  -7.60095162718456025114e-04-j4.11667963751457545961e-04
  -7.44519810302146471670e-04-j4.06262583180649016184e-04
  -7.29411135332243688693e-04-j4.00997165008446518689e-04
  -7.14749437001066935220e-04-j3.95865991563291617309e-04
  -7.00516150058047462439e-04-j3.90863686293038377958e-04
  -6.86693067326784602721e-04-j3.85984797956232959706e-04
  -6.73263861911555373634e-04-j3.81224667847884573450e-04
  -6.60212338665961784127e-04-j3.76578469420021163128e-04
  -6.47523444426400195638e-04-j3.72041789601149856370e-04
  -6.35183251625729685882e-04-j3.67610641296394662428e-04
  -6.23177596355553630250e-04-j3.63280691342210209586e-04
  -6.11494455172858900928e-04-j3.59048649441273920284e-04
  -6.00120833784853003126e-04-j3.54910471738537828916e-04
  -5.89045766074471500301e-04-j3.50863125118119130886e-04
  -5.78258060545267806550e-04-j3.46903276911585643771e-04
  -5.67747291834884665156e-04-j3.43027887823437415121e-04
  -5.57502886559195390097e-04-j3.39233670751351037119e-04
  -5.47516038767889025828e-04-j3.35518260076367975334e-04
  -5.37777505636885143001e-04-j3.31878888251399865265e-04
  -5.28278320483554055323e-04-j3.28312818322754377230e-04
  -5.19010849867070035366e-04-j3.24818010366173949132e-04
  -5.09966396923556349215e-04-j3.21391639086643604410e-04
  -5.01138198020581525187e-04-j3.18031971201410558047e-04
  -4.92518341174644257510e-04-j3.14736437720396959941e-04
  -4.84100502088571135045e-04-j3.11503368186677247979e-04
  -4.75877500990554798063e-04-j3.08330441964634429427e-04
  -4.67843901280844511655e-04-j3.05216363623335841353e-04
  -4.59992770915170347094e-04-j3.02158773683260703079e-04
  -4.52318667323384866405e-04-j2.99156188412461163280e-04
  -4.44816047373458567891e-04-j2.96206973703621234337e-04
  -4.37479479874639974255e-04-j2.93309484540640961342e-04
  -4.30303860602040521427e-04-j2.90462211912808872857e-04
  -4.23284658201700237073e-04-j2.87663956663088279334e-04
  -4.16416721491392094641e-04-j2.84913025905647826572e-04
  -4.09695411403763662915e-04-j2.82207997787083943956e-04
  -4.03116917078359833764e-04-j2.79547951793807070674e-04
  -3.96676309031850343051e-04-j2.76931128257320354619e-04
  -3.90370405204165649409e-04-j2.74356915921356351272e-04
  -3.84194497291520220116e-04-j2.71823576100053163149e-04
  -3.78145560106527760073e-04-j2.69330492030240631948e-04
  -3.72219621759939075286e-04-j2.66876322530476648310e-04
  -3.66413351234213592079e-04-j2.64460124821727117755e-04
  -3.60723431151446219042e-04-j2.62080913578589770260e-04
  -3.55146644155588167829e-04-j2.59737723893677758744e-04
  -3.49679626329875696978e-04-j2.57429431668658057972e-04
  -3.44319769222307915050e-04-j2.55155418003606628170e-04
  -3.39064018107245281671e-04-j2.52914690635319466469e-04
  -3.33909524911076753626e-04-j2.50706362886367068593e-04
  -3.28853993573542603863e-04-j2.48529919239015573140e-04
  -3.23894398724655749496e-04-j2.46384253831405158810e-04
  -3.19028195831483471143e-04-j2.44268578557420355628e-04
  -3.14253260014594180440e-04-j2.42182387381608473387e-04
  -3.09567201495577234809e-04-j2.40124935491713425040e-04
  -3.04967710599064897002e-04-j2.38095501584486771022e-04
  -3.00452422213058232756e-04-j2.36093283015727624851e-04
  -2.96019509921986050983e-04-j2.34117863887678401540e-04
  -2.91666834414998951252e-04-j2.32168550541125942891e-04
  -2.87392497557310757240e-04-j2.30244807087286678217e-04
  -2.83194115390891299529e-04-j2.28345675110165792629e-04
  -2.79070494494811224221e-04-j2.26471121077506345369e-04
  -2.75019397461094463470e-04-j2.24620241959729407058e-04
  -2.71039346270891779930e-04-j2.22792720030781773912e-04
  -2.67128412728989217493e-04-j2.20987841825414976565e-04
  -2.63285111061968687615e-04-j2.19205229095280167140e-04
  -2.59507918454652251362e-04-j2.17444448500867752033e-04
  -2.55794837094196908251e-04-j2.15704641059344626132e-04
  -2.52145711400935182422e-04-j2.13986475561085866129e-04
  -2.48557469729667054274e-04-j2.12288134123093773101e-04
  -2.45029418407406772516e-04-j2.10609783256682009042e-04
  -2.41560082637263986560e-04-j2.08950905559630357609e-04
  -2.38148506803833882308e-04-j2.07311410115242230039e-04
  -2.34792891742545580241e-04-j2.05690452721549068942e-04
  -2.31492365312651276034e-04-j2.04087973249800669513e-04
  -2.28245560205012066029e-04-j2.02503459376195837525e-04
  -2.25051131535254107926e-04-j2.00936394649629872190e-04
  -2.21908340408630608666e-04-j1.99386783163426408198e-04
  -2.18815641086686529012e-04-j1.97853889036718515399e-04
  -2.15772404919101158573e-04-j1.96337781857416578991e-04
  -2.12777097417399734891e-04-j1.94837693487594177874e-04
  -2.09829134129431465377e-04-j1.93353701909584793335e-04
  -2.06927322597134531398e-04-j1.91885313724067025796e-04
  -2.04070709415035006235e-04-j1.90432236728392160563e-04
  -2.01258448942094440599e-04-j1.88994263375949386437e-04
  -1.98489545574002007903e-04-j1.87571030240798916318e-04
  -1.95762966009791378489e-04-j1.86162120093874566698e-04
  -1.93078171105132650022e-04-j1.84767569543244260114e-04
  -1.90433930942171438915e-04-j1.83386742596183935274e-04
  -1.87829792918940691312e-04-j1.82019732299893772414e-04
  -1.85264782563227442579e-04-j1.80666117191104810130e-04
  -1.82738185002569468104e-04-j1.79325712125180989449e-04
  -1.80249091823337699190e-04-j1.77998128529808662037e-04
  -1.77796978777530490781e-04-j1.76683342341023681904e-04
  -1.75380949950030954904e-04-j1.75380949950534783654e-04
  -1.73000459903770615082e-04-j1.74090883104367256679e-04
  -1.70654652009852802162e-04-j1.72812749741364503299e-04
  -1.68343086303123390824e-04-j1.71546565655741119639e-04
  -1.66064723078569514633e-04-j1.70291725372278667655e-04
  -1.63819328095364893667e-04-j1.69048432739949083771e-04
  -1.61606348952594803745e-04-j1.67816560022963977110e-04
  -1.59425012723085618568e-04-j1.66595739508462292299e-04
  -1.57273997461928439308e-04-j1.65385010673849922741e-04
  -1.55153974356505523075e-04-j1.64185491886781104089e-04
  -1.53063755806971392394e-04-j1.62996344607769345306e-04
  -1.51002949483292406557e-04-j1.61817555442442581994e-04
  -1.48970787763779858931e-04-j1.60648700301243343167e-04
  -1.46967105361310107709e-04-j1.59489992481470343327e-04
  -1.44990933534946834019e-04-j1.58340767831850027332e-04
  -1.43042325097091245750e-04-j1.57201462697593064184e-04
  -1.41120160323983937683e-04-j1.56071222566028111221e-04
  -1.39224592262141531884e-04-j1.54950582596434120524e-04
  -1.37354732616264271165e-04-j1.53838920276677887725e-04
  -1.35510314114132879347e-04-j1.52736292275534201639e-04
  -1.33691045397437373700e-04-j1.51642724593390885914e-04
  -1.31896141328632362589e-04-j1.50557675492179120994e-04
  -1.30125430980782561333e-04-j1.49481290335153218065e-04
  -1.28378408177827241276e-04-j1.48413326111263905354e-04
  -1.26654524987283569016e-04-j1.47353480525676212637e-04
  -1.24953665010794744009e-04-j1.46301944463183680170e-04
  -1.23275366989233030714e-04-j1.45258503027801972717e-04
  -1.21619244214001169589e-04-j1.44223019999425229902e-04
  -1.19984592387729522580e-04-j1.43194972470010549589e-04
  -1.18371599130580876713e-04-j1.42174891322714540276e-04
  -1.16779571123431792331e-04-j1.41162252258833601252e-04
  -1.15208243727986996640e-04-j1.40157035026705623082e-04
  -1.13657648037330746577e-04-j1.39159577104172040799e-04
  -1.12126996469162301283e-04-j1.38169212048088396131e-04
  -1.10615399541170395599e-04-j1.37185126040351368848e-04
  -1.09123826111141793193e-04-j1.36208800215454684576e-04
  -1.07651084936692068711e-04-j1.35239036861068312760e-04
  -1.06197381399837588369e-04-j1.34276369494921597649e-04
  -1.04761788702332375202e-04-j1.33319901222031858817e-04
  -1.03344614187086462323e-04-j1.32370289156649180960e-04
  -1.01945636411427680728e-04-j1.31427522526631705008e-04
  -1.00564045399604616127e-04-j1.30490823250281942885e-04
  -9.91998977547847748167e-05-j1.29560521433675696805e-04
  -9.78528586615081725922e-05-j1.28636438114271511824e-04
  -9.65224258015316970453e-05-j1.27718164844631948927e-04
  -9.52087071190772549515e-05-j1.26806092176390061222e-04
  -9.39115854681077399674e-05-j1.25900316173838355783e-04
  -9.26303130127430435301e-05-j1.25000081318970657045e-04
  -9.13649431034205825389e-05-j1.24105697460117118079e-04
  -9.01151590342926797151e-05-j1.23216973793826466621e-04
  -8.88807654928351923915e-05-j1.22333878704566922663e-04
  -8.76615328742273957870e-05-j1.21456329401883113836e-04
  -8.64571891722758554101e-05-j1.20584179020280841022e-04
  -8.52676092701889424674e-05-j1.19717480271478883135e-04
  -8.40924530613591477476e-05-j1.18855980758047149212e-04
  -8.29316469912170264574e-05-j1.17999797933686647006e-04
  -8.17849027389304714239e-05-j1.17148742206664384217e-04
  -8.06520497102139992266e-05-j1.16302786075783484428e-04
  -7.95328419190937101636e-05-j1.15461789337612861605e-04
  -7.84271035975080404046e-05-j1.14625708151347763513e-04
  -7.73348700978906440509e-05-j1.13794805703561148534e-04
  -7.62555378869429474446e-05-j1.12968403459266395969e-04
  -7.51893351144479249243e-05-j1.12147042463526695278e-04
  -7.41357404940041754505e-05-j1.11330150816450141661e-04
  -7.30947263071659555965e-05-j1.10517884879303578453e-04
  -7.20661542605613940739e-05-j1.09710234731424935493e-04
  -7.10496663861007773629e-05-j1.08906851232305485876e-04
  -7.00453524688212714796e-05-j1.08108064438324985384e-04
  -6.90530886485176624134e-05-j1.07313879397830103102e-04
  -6.80724706781664671510e-05-j1.06523860347432114165e-04
  -6.71032243665330407336e-05-j1.05737762188422125347e-04
  -6.61455983650959271260e-05-j1.04956160547701180582e-04
  -6.51992164070861498874e-05-j1.04178646620912919354e-04
  -6.42639164141529684602e-05-j1.03405142707841288751e-04
  -6.33399291780629671500e-05-j1.02636203529509189170e-04
  -6.24264921449805317965e-05-j1.01870776530859293604e-04
  -6.15237410786834186755e-05-j1.01109253594097839345e-04
  -6.06315588743183678700e-05-j1.00351617386149611472e-04
  -5.97500074706565080149e-05-j9.95981466265156750901e-05
  -5.88785537411182810334e-05-j9.88481271203036629056e-05
  -5.80173922014602907646e-05-j9.81020526417020227077e-05
  -5.71661797304977588167e-05-j9.73595137677427731760e-05
  -5.63248363854900187362e-05-j9.66205388588459108999e-05
  -5.54933191677412529529e-05-j9.58852191821941713659e-05
  -5.46715857798756342057e-05-j9.51536481291692594515e-05
  -5.38593215394391787508e-05-j9.44254425638522151918e-05
  -5.30563260354727233995e-05-j9.37004081359684766082e-05
  -5.22628292084965668119e-05-j9.29791087283820025895e-05
  -5.14783165593303278056e-05-j9.22607890963211775461e-05
  -5.07030651366129330587e-05-j9.15460990154042274008e-05
  -4.99367963109289576948e-05-j9.08346952814971216397e-05
  -4.91793659596861910347e-05-j9.01264692599308372316e-05
  -4.84307122214850920418e-05-j8.94214593435325132142e-05
  -4.76907055380444431570e-05-j8.87195775974676189863e-05
  -4.69592661268414252171e-05-j8.80208251369476475786e-05
  -4.62362788615031664518e-05-j8.73251348327088762480e-05
  -4.55216574040948591755e-05-j8.66324907718065692153e-05
  -4.48153020297241714773e-05-j8.59428493792475711515e-05
  -4.41170164692481501026e-05-j8.52559776807957335216e-05
  -4.34268869674752090965e-05-j8.45721841935491691058e-05
  -4.27447565127880854479e-05-j8.38913081824772593684e-05
  -4.20704722507956338593e-05-j8.32131906743804910425e-05
  -4.14040959738115585983e-05-j8.25380941621429688659e-05
  -4.07453284910757072617e-05-j8.18655627151794148318e-05
  -4.00942357236897531847e-05-j8.11958639446057675853e-05
  -3.94506543224832907603e-05-j8.05288046392695869725e-05
  -3.88145570817639566272e-05-j7.98644641330024100028e-05
  -3.81858249648399109759e-05-j7.92027325767925545561e-05
  -3.75643317786527027665e-05-j7.85434801471596177620e-05
  -3.69501111473924409188e-05-j7.78869084310731559341e-05
  -3.63430442762957518158e-05-j7.72329004270957405554e-05
  -3.57430075293807577425e-05-j7.65813235421066709416e-05
  -3.51500574758716307429e-05-j7.59324288524674309011e-05
  -3.45639176561722831667e-05-j7.52857490759457572858e-05
  -3.39847383888032243834e-05-j7.46417374611656534019e-05
  -3.34122230279230183992e-05-j7.39998712381180207952e-05
  -3.28464407400215225447e-05-j7.33604258350635296581e-05
  -3.22872769657422966868e-05-j7.27232709754326321410e-05
  -3.17347798888572004230e-05-j7.20886404004641490918e-05
  -3.11886905629201745911e-05-j7.14560710103779857076e-05
  -3.06488650976912657925e-05-j7.08253483890346489981e-05
  -3.01155947417410805634e-05-j7.01972637788093070622e-05
  -2.95887103288376964393e-05-j6.95715523860731502748e-05
  -2.90679642245661458259e-05-j6.89477527924742196637e-05
  -2.85533510058075825049e-05-j6.83259656376040649299e-05
  -2.80449293235951468972e-05-j6.77064487306058333414e-05
  -2.75424878713474993806e-05-j6.70888104514115668963e-05
  -2.70461311153884489066e-05-j6.64734199656513648127e-05
  -2.65556179311436951643e-05-j6.58598017271634384459e-05
  -2.60710903664984620833e-05-j6.52484205874903682104e-05
  -2.55923164607565475437e-05-j6.46388128429238291786e-05
  -2.51193815247316999922e-05-j6.40313052084753251683e-05
  -2.46520496114195363814e-05-j6.34254089917738486616e-05
  -2.41905032426004137978e-05-j6.28217028579374197738e-05
  -2.37346978019850043604e-05-j6.22201908062984792441e-05
  -2.32843021013491307690e-05-j6.16201175194768256725e-05
  -2.28393595293694404765e-05-j6.10216984477349752656e-05
  -2.23999769865381725422e-05-j6.04253276668391690928e-05
  -2.19659723983922629492e-05-j5.98306264827548346229e-05
  -2.15373547824140325791e-05-j5.92377258736598332530e-05
  -2.11139094018761836846e-05-j5.86461394620820810567e-05
  -2.06958997844481901033e-05-j5.80567021839957237827e-05
  -2.02832837810034150039e-05-j5.74694153528754200582e-05
  -1.98756329438334318038e-05-j5.68831737298525227475e-05
  -1.94731684216673542548e-05-j5.62987040321198971065e-05
  -1.90757786725568327841e-05-j5.57157901899443249805e-05
  -1.86834128197268522511e-05-j5.51343852107413203920e-05
  -1.82960998673253899148e-05-j5.45546773387495210431e-05
  -1.79137548780732305754e-05-j5.39765184693539155653e-05
  -1.75363326652440144589e-05-j5.33998742555339420482e-05
  -1.71637808107838455069e-05-j5.28246856392049516857e-05
  -1.67960974280751966134e-05-j5.22510472682808946874e-05
  -1.64331998209445978424e-05-j5.16788027974122150094e-05
  -1.60750947208758718308e-05-j5.11080724394670217426e-05
  -1.57216997945937028236e-05-j5.05386944047288031519e-05
  -1.53730237233873360994e-05-j4.99707945881475688616e-05
  -1.50290216755639701818e-05-j4.94043277048341583743e-05
  -1.46896341836160182075e-05-j4.88391968215220434566e-05
  -1.43549286587962837821e-05-j4.82757262738726675784e-05
  -1.40246570417950082617e-05-j4.77131812779643145602e-05
  -1.36988274935685434668e-05-j4.71516734940828874086e-05
  -1.33776129234219884399e-05-j4.65918928040824899760e-05
  -1.30608457095293677044e-05-j4.60333610096723695846e-05
  -1.27484878288812711800e-05-j4.54760380866960924572e-05
  -1.24405121927548816013e-05-j4.49199206161270407807e-05
  -1.21369058696543234319e-05-j4.43650558343511327544e-05
  -1.18376074074317829229e-05-j4.38113128578001569569e-05
  -1.15426329923957740950e-05-j4.32588442385769536211e-05
  -1.12519197263241116374e-05-j4.27075092232001021168e-05
  -1.09654543410819815141e-05-j4.21573496478665508741e-05
  -1.06832107937679938976e-05-j4.16083589052709259485e-05
  -1.04051349274025819270e-05-j4.10604181494186312252e-05
  -1.01312112353417742728e-05-j4.05135558027579470073e-05
  -9.86143527195637630217e-06-j3.99678457730225932562e-05
  -9.59579411532485114229e-06-j3.94233302714187529509e-05
  -9.33417629871335899805e-06-j3.88796423878923222222e-05
  -9.07657400448758158458e-06-j3.83368315860258568350e-05
  -8.82305468321020679406e-06-j3.77952715865135252678e-05
  -8.57349788051320380424e-06-j3.72545401898400903133e-05
  -8.32795837117061912575e-06-j3.67149622561319138219e-05
  -8.08635726661655102499e-06-j3.61762828308327428085e-05
  -7.84869803542909216332e-06-j3.56386048021334304208e-05
  -7.61495489101360323574e-06-j3.51019014386654270308e-05
  -7.38507868441495889588e-06-j3.45660341449003342832e-05
  -7.15906846554470491738e-06-j3.40310838063587778215e-05
  -6.93690046713979487178e-06-j3.34970253440949338494e-05
  -6.71855842233171047335e-06-j3.29638678933582575901e-05
  -6.50400638202786015370e-06-j3.24315221110772473976e-05
  -6.29323095385458942919e-06-j3.19000060991169148272e-05
  -6.08621480121018791116e-06-j3.13693179389729098110e-05
  -5.88291826248221712888e-06-j3.08393375265072461453e-05
  -5.68336556963200390907e-06-j3.03102762404277011683e-05
  -5.48749085152944168423e-06-j2.97818703910260870261e-05
  -5.29531892192491875402e-06-j2.92543373853938482856e-05
  -5.10678410197318303945e-06-j2.87274003830089173827e-05
  -4.92194074357343826968e-06-j2.82014488513662174064e-05
  -4.74074495194609630113e-06-j2.76763270846859256143e-05
  -4.56311962820921124262e-06-j2.71516687313747576366e-05
  -4.38910494658517608265e-06-j2.66277892423253377085e-05
  -4.21865929209030988934e-06-j2.61045221706424078500e-05
  -4.05178405461303911355e-06-j2.55819577143727704691e-05
  -3.88845718713892688910e-06-j2.50600418974513699144e-05
  -3.72867698261192255952e-06-j2.45388487241066106774e-05
  -3.57237933005460913614e-06-j2.40180379147437723757e-05
  -3.41955718682873678323e-06-j2.34976303420066918559e-05
  -3.27029189159921966198e-06-j2.29782685039497963251e-05
  -3.12449673153225602879e-06-j2.24594452321693627825e-05
  -2.98215242930610640679e-06-j2.19411003776839298415e-05
  -2.84325719878686386665e-06-j2.14232986821798475656e-05
  -2.70779931187670184060e-06-j2.09060333192545576319e-05
  -2.57575927530107039130e-06-j2.03892341490997648732e-05
  -2.44714618886510151832e-06-j1.98730547267302896030e-05
  -2.32193271055636260374e-06-j1.93573599557869122968e-05
  -2.20010630551215065180e-06-j1.88421254231107571651e-05
  -2.08165980069496828132e-06-j1.83273700973425319842e-05
  -1.96657173310921240460e-06-j1.78129839304796962565e-05
  -1.85482862095254219356e-06-j1.72989175688247329751e-05
  -1.74646767278163752381e-06-j1.67856008764435412446e-05
  -1.64144496514717623360e-06-j1.62727125418611323745e-05
  -1.53973606176815988665e-06-j1.57600872965686366895e-05
  -1.44135097291853132062e-06-j1.52479005968969013674e-05
  -1.34627350630056599849e-06-j1.47360640131037886827e-05
  -1.25450182230557587942e-06-j1.42246375546587483241e-05
  -1.16602004878463290040e-06-j1.37135234913100528679e-05
  -1.08082909345208484648e-06-j1.32028123101429749363e-05
  -9.98908790041275274286e-07-j1.26923396312642606100e-05
  -9.20264225538813787668e-07-j1.21822458429953764462e-05
  -8.44874193154598902591e-07-j1.16723309710061179530e-05
  -7.72740838307139909210e-07-j1.11626938550930534741e-05
  -7.03863851720498716317e-07-j1.06534130164043219975e-05
  -6.38228007463936821171e-07-j1.01443437078729824951e-05
  -5.75838396273287138501e-07-j9.63564809537936847338e-06
  -5.16681712786626377184e-07-j9.12719743361567431128e-06
  -4.60749194966414440150e-07-j8.61891509476017701004e-06
  -4.08042227420191152784e-07-j8.11090426070287844528e-06
  -3.58546871197296124968e-07-j7.60296805819021803279e-06
  -3.12266860361232203386e-07-j7.09525198290633642379e-06
  -2.69196500591650777712e-07-j6.58771238777997057890e-06
  -2.29332404564130945614e-07-j6.08034859790271269849e-06
  -1.92669205061113392849e-07-j5.57309972808467356389e-06
  -1.59205192309830315603e-07-j5.06599133949553491664e-06
  -1.28936731141671146118e-07-j4.55898870086822484291e-06
  -1.01860622198080011263e-07-j4.05205203568011186420e-06
  -7.79792917851018783196e-08-j3.54536828790305551674e-06
  -5.72853178477661385512e-08-j3.03872052957972210927e-06
  -3.97793255855205537181e-08-j2.53222234839611818054e-06
  -2.54584400647406273930e-08-j2.02581163294471998363e-06
  -1.43193162867039093722e-08-j1.51928157075667535066e-06
  -6.36385284180640564174e-09-j1.01282584898234817857e-06
  -1.59092608131849996135e-09-j5.06405501655846789761e-07
  -2.20268248085631056042e-16-j1.35832164619588872805e-15
  -1.59092316076581139730e-09+j5.06405500665123596851e-07
  -6.36385411767470539539e-09+j1.01282584902665647204e-06
  -1.43193167694288810219e-08+j1.51928157144356337847e-06
  -2.54584396948143169908e-08+j2.02581163444195956163e-06
  -3.97793301527560336916e-08+j2.53222234651552504314e-06
  -5.72853168248066451439e-08+j3.03872052994547135941e-06
  -7.79793000234008098246e-08+j3.54536828897443488095e-06
  -1.01860626389171929223e-07+j4.05205203234391928848e-06
  -1.28936732390894103802e-07+j4.55898870711440842629e-06
  -1.59205193695388652453e-07+j5.06599133798457636950e-06
  -1.92669204624351653268e-07+j5.57309972998748479902e-06
  -2.29332400968784722149e-07+j6.08034859621967009076e-06
  -2.69196501003099467061e-07+j6.58771238852390267582e-06
  -3.12266865911459159527e-07+j7.09525198106863999944e-06
  -3.58546870990350517603e-07+j7.60296805794921683050e-06
  -4.08042227331373289638e-07+j8.11090425830523987973e-06
  -4.60749192615184121563e-07+j8.61891509518242293424e-06
  -5.16681710497790570135e-07+j9.12719743124060239750e-06
  -5.75838396028371902846e-07+j9.63564809480541047799e-06
  -6.38228009016916778699e-07+j1.01443437082257005669e-05
  -7.03863849646824100947e-07+j1.06534130202001747897e-05
  -7.72740839551699924050e-07+j1.11626938559606930389e-05
  -8.44874192078570703925e-07+j1.16723309717013947834e-05
  -9.20264231018874704981e-07+j1.21822458650353007887e-05
  -9.98908793985009431208e-07+j1.26923396315165019395e-05
  -1.08082909180695628050e-06+j1.32028123113873679798e-05
  -1.16602005044286188970e-06+j1.37135234938021152782e-05
  -1.25450182356368069224e-06+j1.42246375560491918706e-05
  -1.34627350252136672103e-06+j1.47360640167926154739e-05
  -1.44135097252817703391e-06+j1.52479005952333998097e-05
  -1.53973606124968572568e-06+j1.57600872942942346415e-05
  -1.64144496436757769686e-06+j1.62727125431940132559e-05
  -1.74646767252228937612e-06+j1.67856008745563281212e-05
  -1.85482862581332059423e-06+j1.72989175681899630963e-05
  -1.96657173715930594761e-06+j1.78129839287461958961e-05
  -2.08165981326291492742e-06+j1.83273700973995982879e-05
  -2.20010630502542900316e-06+j1.88421254236239574871e-05
  -2.32193271353486883595e-06+j1.93573599560618049814e-05
  -2.44714618895591742631e-06+j1.98730547295982720116e-05
  -2.57575928015296701625e-06+j2.03892341489002039108e-05
  -2.70779931427633770985e-06+j2.09060333205973725157e-05
  -2.84325720187794670678e-06+j2.14232986817930448880e-05
  -2.98215242838351092086e-06+j2.19411003776234245840e-05
  -3.12449673066139689177e-06+j2.24594452313597856322e-05
  -3.27029189197425281674e-06+j2.29782685037831510631e-05
  -3.41955719307285318270e-06+j2.34976303377096835501e-05
  -3.57237933129184178659e-06+j2.40180379115393349279e-05
  -3.72867698253598351470e-06+j2.45388487243123346515e-05
  -3.88845718609043308457e-06+j2.50600418966601123927e-05
  -4.05178405486217267916e-06+j2.55819577141123146141e-05
  -4.21865930605513880282e-06+j2.61045221822304724778e-05
  -4.38910494604649616249e-06+j2.66277892375605944211e-05
  -4.56311962527378129446e-06+j2.71516687284510946701e-05
  -4.74074494765108784010e-06+j2.76763270832164352592e-05
  -4.92194074219165478810e-06+j2.82014488538847580667e-05
  -5.10678410149911818063e-06+j2.87274003811338608761e-05
  -5.29531892772960843650e-06+j2.92543373812095258550e-05
  -5.48749085376032402642e-06+j2.97818703898582454322e-05
  -5.68336556917747840628e-06+j3.03102762373379519816e-05
  -5.88291826322673283149e-06+j3.08393375256492695323e-05
  -6.08621480260729252469e-06+j3.13693179381101559322e-05
  -6.29323095255274214091e-06+j3.19000060970215924849e-05
  -6.50400638291115373439e-06+j3.24315221111217674493e-05
  -6.71855842098567601731e-06+j3.29638678895280965754e-05
  -6.93690047955630684998e-06+j3.34970253458676247302e-05
  -7.15906846467695439127e-06+j3.40310838062560767707e-05
  -7.38507868591375997913e-06+j3.45660341448016380042e-05
  -7.61495488466912317290e-06+j3.51019014377224015337e-05
  -7.84869803618937199611e-06+j3.56386048012640154750e-05
  -8.08635726317374834142e-06+j3.61762828331451156494e-05
  -8.32795837271338460709e-06+j3.67149622534443934767e-05
  -8.57349787934991247140e-06+j3.72545401905272102164e-05
  -8.82305468546395987286e-06+j3.77952715842482271300e-05
  -9.07657400443584481216e-06+j3.83368315868212207725e-05
  -9.33417629888322298529e-06+j3.88796423897831437059e-05
  -9.59579411649325008380e-06+j3.94233302706068481540e-05
  -9.86143527078486874975e-06+j3.99678457710153081303e-05
  -1.01312112352067724676e-05+j4.05135558032692093180e-05
  -1.04051349281661922934e-05+j4.10604181486481361750e-05
  -1.06832107927756761651e-05+j4.16083589011873055709e-05
  -1.09654543449018155031e-05+j4.21573496484552997588e-05
  -1.12519197267335605879e-05+j4.27075092233173382529e-05
  -1.15426329916505917775e-05+j4.32588442384435086624e-05
  -1.18376074064725502974e-05+j4.38113128577255502949e-05
  -1.21369058686244804459e-05+j4.43650558308013057639e-05
  -1.24405121959396678847e-05+j4.49199206121726505258e-05
  -1.27484878287968948399e-05+j4.54760380862162516807e-05
  -1.30608457048229104481e-05+j4.60333610078296189146e-05
  -1.33776129213876152004e-05+j4.65918928043924633771e-05
  -1.36988274899298982955e-05+j4.71516734955632638312e-05
  -1.40246570396269647527e-05+j4.77131812774311852470e-05
  -1.43549286518354076792e-05+j4.82757262596120750885e-05
  -1.46896341772095878489e-05+j4.88391968237660302455e-05
  -1.50290216599422431795e-05+j4.94043277102320621780e-05
  -1.53730237228917337338e-05+j4.99707945857776858717e-05
  -1.57216997931470823580e-05+j5.05386944058079366792e-05
  -1.60750947200980482516e-05+j5.11080724413499624319e-05
  -1.64331998173055105199e-05+j5.16788027989185648503e-05
  -1.67960974286756040596e-05+j5.22510472667940808144e-05
  -1.71637808115856502829e-05+j5.28246856432184038539e-05
  -1.75363326574795581989e-05+j5.33998742590213732037e-05
  -1.79137548767738244361e-05+j5.39765184687421883708e-05
  -1.82960998687591287033e-05+j5.45546773305742842969e-05
  -1.86834128207831192770e-05+j5.51343852111887435235e-05
  -1.90757786777979711180e-05+j5.57157901912574970993e-05
  -1.94731684203233162554e-05+j5.62987040291462761368e-05
  -1.98756329421203584899e-05+j5.68831737282855524527e-05
  -2.02832837825479558663e-05+j5.74694153544919045110e-05
  -2.06958997835564609215e-05+j5.80567021849969235026e-05
  -2.11139093985561736733e-05+j5.86461394613249081408e-05
  -2.15373547844492935091e-05+j5.92377258747909271695e-05
  -2.19659723994018991173e-05+j5.98306264808845519941e-05
  -2.23999769883056490882e-05+j6.04253276666537637450e-05
  -2.28393595283218335155e-05+j6.10216984425551180714e-05
  -2.32843021020183715006e-05+j6.16201175160293609196e-05
  -2.37346978046091293716e-05+j6.22201908091233273470e-05
  -2.41905032401470438525e-05+j6.28217028589912507329e-05
  -2.46520496086164434728e-05+j6.34254089950732113977e-05
  -2.51193815250716481952e-05+j6.40313052108396583983e-05
  -2.55923164620985865454e-05+j6.46388128439554475457e-05
  -2.60710903631919944348e-05+j6.52484205871926056363e-05
  -2.65556179309436327584e-05+j6.58598017269462727508e-05
  -2.70461311183278768503e-05+j6.64734199688246077311e-05
  -2.75424878743211203503e-05+j6.70888104481404069692e-05
  -2.80449293251845432364e-05+j6.77064487335961035907e-05
  -2.85533510077171640744e-05+j6.83259656362080733177e-05
  -2.90679642247684274581e-05+j6.89477527920854247646e-05
  -2.95887103267782340839e-05+j6.95715523856508264236e-05
  -3.01155947432205625192e-05+j7.01972637794803197868e-05
  -3.06488650983971491694e-05+j7.08253483889333980677e-05
  -3.11886905642899691683e-05+j7.14560710103315818546e-05
  -3.17347798899911810277e-05+j7.20886404005718374726e-05
  -3.22872769664344106961e-05+j7.27232709741369969924e-05
  -3.28464407400117511726e-05+j7.33604258339259847387e-05
  -3.34122230269240345175e-05+j7.39998712346030509046e-05
  -3.39847383913649569477e-05+j7.46417374450982786492e-05
  -3.45639176565375441023e-05+j7.52857490747629333732e-05
  -3.51500574825118743821e-05+j7.59324288538934007034e-05
  -3.57430075303815102290e-05+j7.65813235419898752625e-05
  -3.63430442752576959983e-05+j7.72329004278851074996e-05
  -3.69501111429704207144e-05+j7.78869084335513981550e-05
  -3.75643317798330940004e-05+j7.85434801508184612809e-05
  -3.81858249654367642718e-05+j7.92027325766944071544e-05
  -3.88145570816356141951e-05+j7.98644641301620171513e-05
  -3.94506543223904762780e-05+j8.05288046388772413113e-05
  -4.00942357200917401838e-05+j8.11958639453056471927e-05
  -4.07453285156158509419e-05+j8.18655627318674004606e-05
  -4.14040959726798006081e-05+j8.25380941612978739300e-05
  -4.20704722549232186350e-05+j8.32131906774118390016e-05
  -4.27447565194725171019e-05+j8.38913081757770525727e-05
  -4.34268869629368404464e-05+j8.45721841862971982721e-05
  -4.41170164705986255524e-05+j8.52559776785932716759e-05
  -4.48153020307358066431e-05+j8.59428493785627755069e-05
  -4.55216574053303211036e-05+j8.66324907694129354215e-05
  -4.62362788611547784125e-05+j8.73251348326522537895e-05
  -4.69592661259834486041e-05+j8.80208251433660702296e-05
  -4.76907055381121651352e-05+j8.87195776038829381086e-05
  -4.84307122199330024217e-05+j8.94214593467737085038e-05
  -4.91793659583847892858e-05+j9.01264692609296042729e-05
  -4.99367963107071299303e-05+j9.08346952793919127289e-05
  -5.07030651370754537055e-05+j9.15460990192076221744e-05
  -5.14783165575740693639e-05+j9.22607890979545416715e-05
  -5.22628292081531728788e-05+j9.29791087259483888406e-05
  -5.30563260363997569145e-05+j9.37004081349734907220e-05
  -5.38593215396915268064e-05+j9.44254425635282555827e-05
  -5.46715857863359070605e-05+j9.51536481339034824478e-05
  -5.54933191670164976820e-05+j9.58852191796046900022e-05
  -5.63248363858824795938e-05+j9.66205388597949401666e-05
  -5.71661797280165214874e-05+j9.73595137658460563429e-05
  -5.80173921990586609798e-05+j9.81020526401081777515e-05
  -5.88785537439374641799e-05+j9.88481271158199177162e-05
  -5.97500074709307298494e-05+j9.95981466261621709718e-05
  -6.06315588772053949674e-05+j1.00351617393852122519e-04
  -6.15237410800589866293e-05+j1.01109253592223551944e-04
  -6.24264921429090686783e-05+j1.01870776530202050247e-04
  -6.33399291833824966890e-05+j1.02636203529697704823e-04
  -6.42639164146658909554e-05+j1.03405142713916656282e-04
  -6.51992164052200888708e-05+j1.04178646618858342684e-04
  -6.61455983625951470526e-05+j1.04956160548766327901e-04
  -6.71032243642150029363e-05+j1.05737762184326958216e-04
  -6.80724706776909496307e-05+j1.06523860337659698541e-04
  -6.90530886467947160835e-05+j1.07313879399712603334e-04
  -7.00453524670546724597e-05+j1.08108064437430816747e-04
  -7.10496663853882261426e-05+j1.08906851230798024728e-04
  -7.20661542564382545271e-05+j1.09710234730974625673e-04
  -7.30947263089585212584e-05+j1.10517884879587354819e-04
  -7.41357404900722078518e-05+j1.11330150810462052404e-04
  -7.51893351133501295670e-05+j1.12147042462315438163e-04
  -7.62555378863393178851e-05+j1.12968403456837010609e-04
  -7.73348700989746564880e-05+j1.13794805701326499437e-04
  -7.84271035957933069062e-05+j1.14625708150473124068e-04
  -7.95328419185188390667e-05+j1.15461789338420890380e-04
  -8.06520497065866788858e-05+j1.16302786071860624127e-04
  -8.17849027360667546731e-05+j1.17148742206070417609e-04
  -8.29316469851391110512e-05+j1.17999797929175593474e-04
  -8.40924530622847446948e-05+j1.18855980756604089673e-04
  -8.52676092718644956098e-05+j1.19717480271238854326e-04
  -8.64571891682587237308e-05+j1.20584179022698910022e-04
  -8.76615328742014155924e-05+j1.21456329401866905014e-04
  -8.88807655031627059754e-05+j1.22333878680170422219e-04
  -9.01151590300109891531e-05+j1.23216973785890811450e-04
  -9.13649431086155372483e-05+j1.24105697460581427660e-04
  -9.26303130136641952484e-05+j1.25000081318458398623e-04
  -9.39115854673554527375e-05+j1.25900316168796598841e-04
  -9.52087071189512435540e-05+j1.26806092171598998927e-04
  -9.65224258014830705779e-05+j1.27718164844982552805e-04
  -9.78528586574194429119e-05+j1.28636438115712795982e-04
  -9.91998977622099469475e-05+j1.29560521430090565482e-04
  -1.00564045396549727428e-04+j1.30490823251626651734e-04
  -1.01945636407711035681e-04+j1.31427522522506126006e-04
  -1.03344614184941612270e-04+j1.32370289155169895516e-04
  -1.04761788704058885846e-04+j1.33319901218146078230e-04
  -1.06197381400996776674e-04+j1.34276369496548307484e-04
  -1.07651084934896277548e-04+j1.35239036858114458151e-04
  -1.09123826116861948987e-04+j1.36208800213605252510e-04
  -1.10615399541721387143e-04+j1.37185126039955255584e-04
  -1.12126996466933913452e-04+j1.38169212046040500858e-04
  -1.13657648039190207513e-04+j1.39159577103569630967e-04
  -1.15208243729805705127e-04+j1.40157035029142557200e-04
  -1.16779571122504026979e-04+j1.41162252257036156681e-04
  -1.18371599129600486898e-04+j1.42174891323245230134e-04
  -1.19984592387479098983e-04+j1.43194972469961055760e-04
  -1.21619244213822533729e-04+j1.44223019999128781923e-04
  -1.23275366989039690362e-04+j1.45258503029475520086e-04
  -1.24953665008811548500e-04+j1.46301944463252960689e-04
  -1.26654524984961316383e-04+j1.47353480528241489187e-04
  -1.28378408178376931777e-04+j1.48413326111745507959e-04
  -1.30125430978453261385e-04+j1.49481290335634386989e-04
  -1.31896141330108585162e-04+j1.50557675487936095792e-04
  -1.33691045393319492534e-04+j1.51642724596354525448e-04
  -1.35510314111503309608e-04+j1.52736292273938147621e-04
  -1.37354732617802347472e-04+j1.53838920277588725970e-04
  -1.39224592260386560933e-04+j1.54950582594942420965e-04
  -1.41120160323985563986e-04+j1.56071222565214336175e-04
  -1.43042325096888255998e-04+j1.57201462701255905699e-04
  -1.44990933535157331871e-04+j1.58340767833746730612e-04
  -1.46967105359908857716e-04+j1.59489992479533443251e-04
  -1.48970787762787895258e-04+j1.60648700300120245241e-04
  -1.51002949483411289325e-04+j1.61817555438700702141e-04
  -1.53063755805680053396e-04+j1.62996344611846297841e-04
  -1.55153974360511921152e-04+j1.64185491886080546856e-04
  -1.57273997461405582810e-04+j1.65385010675046963255e-04
  -1.59425012722333886992e-04+j1.66595739510190700297e-04
  -1.61606348961363234604e-04+j1.67816560027882243425e-04
  -1.63819328094950077915e-04+j1.69048432737571645247e-04
  -1.66064723080594750081e-04+j1.70291725371560790292e-04
  -1.68343086303254714812e-04+j1.71546565654265845743e-04
  -1.70654652007590804065e-04+j1.72812749743417304587e-04
  -1.73000459904015780298e-04+j1.74090883104616840019e-04
  -1.75380949951526855747e-04+j1.75380949948453766004e-04
  -1.77796978768486862305e-04+j1.76683342328230123374e-04
  -1.80249091825335938004e-04+j1.77998128531489771716e-04
  -1.82738185002927580082e-04+j1.79325712124311242466e-04
  -1.85264782566062414420e-04+j1.80666117182122222236e-04
  -1.87829792921535675002e-04+j1.82019732298173821192e-04
  -1.90433930941780638242e-04+j1.83386742596854731158e-04
  -1.93078171097587470264e-04+j1.84767569544231453297e-04
  -1.95762966007660297804e-04+j1.86162120092895776082e-04
  -1.98489545576053697884e-04+j1.87571030236066238310e-04
  -2.01258448936624559323e-04+j1.88994263374483653520e-04
  -2.04070709429740257141e-04+j1.90432236738898431980e-04
  -2.06927322601038743421e-04+j1.91885313728175745454e-04
  -2.09829134130334334736e-04+j1.93353701908385313367e-04
  -2.12777097416885416486e-04+j1.94837693486981332596e-04
  -2.15772404918037339402e-04+j1.96337781859347922531e-04
  -2.18815641086396315195e-04+j1.97853889037766559429e-04
  -2.21908340406945433229e-04+j1.99386783160859342714e-04
  -2.25051131536208775044e-04+j2.00936394647545981404e-04
  -2.28245560203212480158e-04+j2.02503459381213389654e-04
  -2.31492365313078641426e-04+j2.04087973248705977685e-04
  -2.34792891742779551070e-04+j2.05690452714145214936e-04
  -2.38148506803952277186e-04+j2.07311410109135569723e-04
  -2.41560082637739544737e-04+j2.08950905558078051149e-04
  -2.45029418405565146705e-04+j2.10609783254880986603e-04
  -2.48557469730872416039e-04+j2.12288134123387537680e-04
  -2.52145711399890933100e-04+j2.13986475556126481447e-04
  -2.55794837091875848240e-04+j2.15704641058251262451e-04
  -2.59507918456323061120e-04+j2.17444448505176290152e-04
  -2.63285111066322951960e-04+j2.19205229094278743803e-04
  -2.67128412731507168618e-04+j2.20987841828975686235e-04
  -2.71039346272373559039e-04+j2.22792720034215469297e-04
  -2.75019397456589766073e-04+j2.24620241963001014219e-04
  -2.79070494497403551615e-04+j2.26471121076788901687e-04
  -2.83194115391250224659e-04+j2.28345675109363754072e-04
  -2.87392497554031479349e-04+j2.30244807086378062587e-04
  -2.91666834414215235712e-04+j2.32168550543307086612e-04
  -2.96019509920567697701e-04+j2.34117863889483408422e-04
  -3.00452422212121753129e-04+j2.36093283012723815627e-04
  -3.04967710598393504807e-04+j2.38095501587332937250e-04
  -3.09567201494458555007e-04+j2.40124935488698719585e-04
  -3.14253260019191197651e-04+j2.42182387369737733536e-04
  -3.19028195833033446568e-04+j2.44268578555359341508e-04
  -3.23894398723430601041e-04+j2.46384253832706364047e-04
  -3.28853993568834022249e-04+j2.48529919235545475667e-04
  -3.33909524909808291294e-04+j2.50706362886270032499e-04
  -3.39064018099732519557e-04+j2.52914690632799672200e-04
  -3.44319769224557851398e-04+j2.55155417996878665799e-04
  -3.49679626320352878247e-04+j2.57429431668044345332e-04
  -3.55146644155321725145e-04+j2.59737723894340585742e-04
  -3.60723431145505550079e-04+j2.62080913579276341286e-04
  -3.66413351240237094089e-04+j2.64460124828570710288e-04
  -3.72219621758125259262e-04+j2.66876322528433198265e-04
  -3.78145560108501658549e-04+j2.69330492025802179304e-04
  -3.84194497286686846831e-04+j2.71823576099600617163e-04
  -3.90370405202950529824e-04+j2.74356915919743004229e-04
  -3.96676309028434889367e-04+j2.76931128256698185202e-04
  -4.03116917079510822790e-04+j2.79547951790828604676e-04
  -4.09695411410934467664e-04+j2.82207997786726428290e-04
  -4.16416721492820964684e-04+j2.84913025900857225063e-04
  -4.23284658202834800436e-04+j2.87663956665346509829e-04
  -4.30303860600127392484e-04+j2.90462211915752048074e-04
  -4.37479479874231880557e-04+j2.93309484537773083965e-04
  -4.44816047370266243015e-04+j2.96206973704139049294e-04
  -4.52318667328749010863e-04+j2.99156188412956752093e-04
  -4.59992770888906199987e-04+j3.02158773692050330092e-04
  -4.67843901280049032521e-04+j3.05216363621867452140e-04
  -4.75877500992681460625e-04+j3.08330441960613015149e-04
  -4.84100502092101785210e-04+j3.11503368186292410418e-04
  -4.92518341173535010268e-04+j3.14736437717688893965e-04
  -5.01138198037234003195e-04+j3.18031971207177104142e-04
  -5.09966396923454000530e-04+j3.21391639082400524998e-04
  -5.19010849866042428546e-04+j3.24818010364943867557e-04
  -5.28278320482748059428e-04+j3.28312818322171510142e-04
  -5.37777505637648421330e-04+j3.31878888248897906121e-04
  -5.47516038766858057982e-04+j3.35518260084971986935e-04
  -5.57502886559281909430e-04+j3.39233670752530106982e-04
  -5.67747291833088033736e-04+j3.43027887824562925396e-04
  -5.78258060535910924961e-04+j3.46903276913968611726e-04
  -5.89045766067682226297e-04+j3.50863125117852471362e-04
  -6.00120833782710402793e-04+j3.54910471738702139755e-04
  -6.11494455171464833775e-04+j3.59048649443441294637e-04
  -6.23177596349425177470e-04+j3.63280691345220659548e-04
  -6.35183251626309950885e-04+j3.67610641297124926801e-04
  -6.47523444432418276637e-04+j3.72041789598236876183e-04
  -6.60212338667203846136e-04+j3.76578469414466036457e-04
  -6.73263861913561147653e-04+j3.81224667847254380937e-04
  -6.86693067325382187210e-04+j3.85984797954199918002e-04
  -7.00516150057092171904e-04+j3.90863686292728404557e-04
  -7.14749437001057394241e-04+j3.95865991562567316048e-04
  -7.29411135333111809373e-04+j4.00997165006403936006e-04
  -7.44519810299016922099e-04+j4.06262583181907341225e-04
  -7.60095162714415203617e-04+j4.11667963751122256439e-04
  -7.76159162717624537611e-04+j4.17219953934475171892e-04
  -7.92732606532964029916e-04+j4.22924249813045661540e-04
  -8.09840540941895591261e-04+j4.28788494371374229609e-04
  -8.27508649324619049298e-04+j4.34820295468166359738e-04
  -8.45751451940880390537e-04+j4.41021062657007232189e-04
  -8.64627856192621765952e-04+j4.47414977931249091461e-04
  -8.84143020595516498060e-04+j4.53997722606900081226e-04
  -9.04336017926333319769e-04+j4.60782216031111477653e-04
  -9.25242143181250983365e-04+j4.67778889265880299352e-04
  -9.46899587425225936106e-04+j4.74999111541402725071e-04
  -9.69347879192247611005e-04+j4.82454361145259204811e-04
  -9.92632124551385934541e-04+j4.90158296917895955694e-04
  -1.01679973590395266413e-03+j4.98125050724345817474e-04
  -1.04191165293491118209e-03+j5.06374640534809736421e-04
  -1.06767225742372532694e-03+j5.14754284546746270976e-04
  -1.09502088712920271456e-03+j5.23706459546354505079e-04
  -1.12326582407925646724e-03+j5.32885408821343075671e-04
  -1.15267248900637357331e-03+j5.42406501266036867974e-04
  -1.18332707051450707059e-03+j5.52297432773361405764e-04
  -1.21531594863394701821e-03+j5.62584736141128935981e-04
  -1.24873521176722306406e-03+j5.73298154876128278346e-04
  -1.28369728098955246560e-03+j5.84473483047591034663e-04
  -1.32035731968460309273e-03+j5.96164189302959422918e-04
  -1.35907108907731312419e-03+j6.08511298574525077640e-04
  -1.39149950748314365015e-03+j6.17790280792814569880e-04
  -1.43939574562550599672e-03+j6.33649170075187349697e-04
  -1.48417604185881570403e-03+j6.47803701704976206757e-04
  -1.53101486222441819478e-03+j6.62529292740190729576e-04
  -1.58037658340140193050e-03+j6.78003360311308506114e-04
  -1.63258869803295102348e-03+j6.94338309433184118664e-04
  -1.68803912967571906681e-03+j7.11667299422120047843e-04
  -1.74731134567795423282e-03+j7.30199620410085996174e-04
  -1.81162431442644642800e-03+j7.50399360960784817670e-04
  -1.88582408943847499271e-03+j7.74201938726209364441e-04
  -1.79969364440893462957e-03+j7.32243809573434050082e-04
  -1.99423754078433945053e-03+j8.04105217567068256655e-04
  -2.08328282098722188456e-03+j8.32410258965824486482e-04
  -2.17278525206617218260e-03+j8.60266538394402566908e-04
  -2.26836356933535860866e-03+j8.89875503050471220075e-04
  -2.37259475181695765264e-03+j9.22174952390913309566e-04
  -2.48854878221080148826e-03+j9.58255581204292571952e-04
  -2.62184157846756613758e-03+j1.00013543432809028956e-03
  -2.78713567561871943673e-03+j1.05317080984575249872e-03
  -3.05263246268153024335e-03+j1.14254719395863436025e-03
  -6.78634042285335180658e-04+j2.51573098830899083683e-04
  -2.82821790422112164659e-03+j1.03834039641967075356e-03
  -3.14339252233072690909e-03+j1.14285886196957456144e-03
  -3.39497503459430024358e-03+j1.22226622166117450570e-03
  -3.65746696603584187449e-03+j1.30380415947966839078e-03
  -3.95727636679306035705e-03+j1.39668307137625724405e-03
  -4.32307544639727939217e-03+j1.51053211572285011645e-03
  -4.80986172682411772944e-03+j1.66368390013694740330e-03
  -5.57086481799757594902e-03+j1.90733334169441667329e-03
  -7.34851493457623107519e-03+j2.49019441528334963681e-03
  +2.27436077453004523163e-02-j7.62756447156638910795e-03
  -2.23772282977620579417e-03+j7.42656610527730109625e-04
  -4.20094495390334419366e-03+j1.37957568720535801200e-03
  -5.29255788090644396088e-03+j1.71965629896591600499e-03
  -6.29442178187365405928e-03+j2.02334167521498386674e-03
  -7.43549495550726007725e-03+j2.36439251148906409358e-03
  -8.92447946990983405346e-03+j2.80702922159331959631e-03
  -1.11472179118510730106e-02+j3.46770362031665474456e-03
  -1.51921316612884695074e-02+j4.67370996177084510603e-03
  -2.64062251468303726964e-02+j8.03289405063469311163e-03
  +2.16365897338811202788e-01-j6.50775624554829762447e-02
  +1.46986126267193532857e-02-j4.37067553204652844284e-03
  +3.04570885770186639691e-03-j8.95245737723994873362e-04
  -1.79629141134461547784e-03+j5.21870897510272172860e-04
  -5.29777542491396101487e-03+j1.52111418335302791584e-03
  -8.78851861819356441896e-03+j2.49352824041980261974e-03
  -1.31540542937343789276e-02+j3.68753101923654635214e-03
  -1.97858690351573572597e-02+j5.47967008062228300852e-03
  -3.24813783979849349248e-02+j8.88589960631683967174e-03
  -6.98999114126424153648e-02+j1.88866220870231651952e-02
  +8.80526105722327812053e-01-j2.34948248322958824774e-01
  +7.89653818494671644324e-02-j2.08045880924117992938e-02
  +4.17901471897310708425e-02-j1.08699421268823506054e-02
  +2.95356660025809167336e-02-j7.58347010385485194306e-03
  +2.36092218716501961451e-02-j5.98282117447342630390e-03
  +2.03435132290238629427e-02-j5.08729549204839284066e-03
  +1.86160274449437765365e-02-j4.59321102056853280970e-03
  +1.81770159309767274924e-02-j4.42435738864408768800e-03
  +1.96127979213681739867e-02-j4.70861618704984490058e-03
  +2.70459807006928516782e-02-j6.40336812481697228994e-03
  -2.20679445568372045727e-01+j5.15161483123351832125e-02
  -8.78132704250971993232e-03+j2.02087284913777913420e-03
  -8.72709349916892277929e-04+j1.97954367670239762562e-04
  +1.42318767655160620736e-03-j3.18120135842302491271e-04
  +2.35578877069618887810e-03-j5.18815896471687952075e-04
  +2.75876707916126919645e-03-j5.98482874143640834232e-04
  +2.89292592657098722106e-03-j6.18077431280722152176e-04
  +2.84087845940976697900e-03-j5.97631374443361568748e-04
  +2.56332675986773849547e-03-j5.30839452586083808058e-04
  +1.61918086210203430314e-03-j3.30014707410099413214e-04
  +3.28909835525291530112e-02-j6.59614945648706423043e-03
  +5.30977065080114572770e-03-j1.04751117931056064204e-03
  +4.32033891990802904753e-03-j8.38223857219640351192e-04
  +3.95362968708161312964e-03-j7.54195198612824576484e-04
  +3.74230999433245977229e-03-j7.01706431389585477860e-04
  +3.59440872672757080752e-03-j6.62291681129264391860e-04
  +3.48055461882627349690e-03-j6.30014158450758403156e-04
  +3.39019327123610053273e-03-j6.02664524841491381843e-04
  +3.32369728978304133579e-03-j5.80078037490778424326e-04
  +3.31096362157880285196e-03-j5.67142960356994962901e-04
  +6.11881141825006916873e-04-j1.02832974099476787762e-04
  +2.90507434954983363370e-03-j4.78848472164555968508e-04
  +2.91016236673843605234e-03-j4.70301025363670482764e-04
  +2.87492514759052049736e-03-j4.55343410473902461197e-04
  +2.83221865480225154510e-03-j4.39462991472615706421e-04
  +2.78829534054031999771e-03-j4.23681354335535872557e-04
  +2.74500998927207535971e-03-j4.08285513724475866964e-04
  +2.70293532852464201202e-03-j3.93352087355103535553e-04
  +2.66198246750234263081e-03-j3.78856208277592932439e-04
  +2.62051431102461318545e-03-j3.64558799859047175194e-04
  +2.74887066065104173143e-03-j3.73616235232819072273e-04
  +2.56329822271665879602e-03-j3.40195795194071510647e-04
  +2.52693653077269708707e-03-j3.27294848374344408970e-04
  +2.49442624746258612145e-03-j3.15119317420928615227e-04
  +2.46398793807823526456e-03-j3.03412775366079150510e-04
  +2.43521027906883069658e-03-j2.92105659961708135578e-04
  +2.40791260265671392890e-03-j2.81160621693239394601e-04
  +2.38198466973716695139e-03-j2.70550642706421438748e-04
  +2.35735541342525691672e-03-j2.60254460567175183085e-04
  +2.33401844128231254413e-03-j2.50258676780812545914e-04
  +2.30346102097048373303e-03-j2.39664950741686632761e-04
  +2.28992558723019323796e-03-j2.30987108805518485044e-04
  +2.26985615803194365134e-03-j2.21761422844852780327e-04
  +2.25068838170152307407e-03-j2.12752691386358156909e-04
  +2.23244711100028907225e-03-j2.03954352998834406241e-04
  +2.21510489287859600391e-03-j1.95354933857023950645e-04
  +2.19862989874536817955e-03-j1.86942950597337065755e-04
  +2.18299139240155440356e-03-j1.78707426178733425580e-04
  +2.16815713903403383539e-03-j1.70637667507443294016e-04
  +2.15409658656060118073e-03-j1.62723528395300367621e-04
  +2.14113213168000155601e-03-j1.54980807695409995156e-04
  +2.12822347778324986317e-03-j1.47326910164307587877e-04
  +2.11633905879787939316e-03-j1.39825101628990213897e-04
  +2.10513797331652588105e-03-j1.32444055088772662818e-04
  +2.09459728895068945584e-03-j1.25175757006720268782e-04
  +2.08469803060890327903e-03-j1.18012714940731177097e-04
  +2.07542309155129851145e-03-j1.10947783038640757384e-04
  +2.06675665229424064540e-03-j1.03974102640380533535e-04
  +2.05868366530023369498e-03-j9.70850571578256150941e-05
  +2.05119093716725400117e-03-j9.02743069680095609796e-05
  +2.04425409598597233179e-03-j8.35352271788782134400e-05
  +2.03789644736509806960e-03-j7.68633028321306411863e-05
  +2.03207346565423491516e-03-j7.02513852637242589699e-05
  +2.02678707002593595093e-03-j6.36943496767319368044e-05
  +2.02202868645687478324e-03-j5.71867540969165071701e-05
  +2.01779101180457175885e-03-j5.07232996738066796265e-05
  +2.01406687209286679174e-03-j4.42987851692504261479e-05
  +2.01085144667622998937e-03-j3.79081465600135253933e-05
  +2.00813881072776576064e-03-j3.15463653050364366878e-05
  +2.00592503107660307879e-03-j2.52085243021737963234e-05
  +2.00420720504054447608e-03-j1.88897672012179821256e-05
  +2.00298125805820808124e-03-j1.25852680256678498715e-05
  +2.00224678348488813878e-03-j6.29026447758067701875e-06
</dep>
<dep V1.It time>
  +0.00000000000000000000e+00
  -4.98637671240991626163e-04
  -8.64448755459864995147e-04
  -9.99988874475714112008e-04
  -8.69152991601998743156e-04
  -5.06793033968272162507e-04
  -9.43407222589615700290e-06
  +4.90437927916420818644e-04
  +8.59667580180745508588e-04
  +9.99899871766748906537e-04
  +8.73779869912728207083e-04
  +5.14903290240811785036e-04
  +1.88673047844658987860e-05
  -4.82194533802048975243e-04
  -8.54809891306926371117e-04
  -9.99721874270388796355e-04
  -8.78328978582768146906e-04
  -5.22967718215801443370e-04
  -2.82988580831167472942e-05
  +4.73908222590444547055e-04
  +8.49876121190687320098e-04
  +9.99454897829069434725e-04
  +8.82799912724618733063e-04
  +5.30985600129318512791e-04
  +3.77278926787147949923e-05
  -4.65579731793959396193e-04
  -8.44866708955819287544e-04
  -9.99098966204681497236e-04
  -8.87192274408603559314e-04
  -5.38956222360215141988e-04
  -4.71535693523040188527e-05
  +4.57209802679082305803e-04
  +8.39782100458540863366e-04
  +9.98654111076456704396e-04
  +8.91505672698282829874e-04
  +5.46878875493623769002e-04
  +5.65750491837896699824e-05
  -4.48799180200466362074e-04
  -8.34622748247818989527e-04
  -9.98120372038146510749e-04
  -8.95739723685253863908e-04
  -5.54752854384115584065e-04
  -6.59914936266167673987e-05
  +4.40348612934621263561e-04
  +8.29389111525084994636e-04
  +9.97497796594499965689e-04
  +8.99894050523316257548e-04
  +5.62577458218434744118e-04
  +7.54020645823968380930e-05
  -4.31858853013303463364e-04
  -8.24081656103367219367e-04
  -9.96786440157034891313e-04
  -9.03968283462013738085e-04
  -5.70351990577895292048e-04
  -8.48059244755069421753e-05
  +4.23330656056535026277e-04
  +8.18700854365829499074e-04
  +9.95986366039104762532e-04
  +9.07962059879544904073e-04
  +5.78075759500366729605e-04
  +9.42022363276229614867e-05
  -4.14764781105411825448e-04
  -8.13247185223737187668e-04
  -9.95097645450266276787e-04
  -9.11875024315032117750e-04
  -5.85748077541834583082e-04
  -1.03590163832231461666e-04
  +4.06161990554474968199e-04
  +8.07721134073809523060e-04
  +9.94120357489940023946e-04
  +9.15706828500165680162e-04
  +5.93368261837617602152e-04
  +1.12968871429067489656e-04
  -3.97523050083919699937e-04
  -8.02123192755049298740e-04
  -9.93054589140368159511e-04
  -9.19457131390203014423e-04
  -6.00935634163122221231e-04
  -1.22337524378454345778e-04
  +3.88848728591391931773e-04
  +7.96453859504933181328e-04
  +9.91900435258877971600e-04
  +9.23125599194310930869e-04
  +6.08449520994212671166e-04
  +1.31695288835616210101e-04
  -3.80139798123605441096e-04
  -7.90713638915096356241e-04
  -9.90657998569432693414e-04
  -9.26711905405281982304e-04
  -6.15909253567171696177e-04
  -1.41041331924914427418e-04
  +3.71397033807574559854e-04
  +7.84903041886409911718e-04
  +9.89327389653495148369e-04
  +9.30215730828602249507e-04
  +6.23314167938210784807e-04
  +1.50374821813927287643e-04
  -3.62621213781677618863e-04
  -7.79022585583499641883e-04
  -9.87908726940179291245e-04
  -9.33636763610842476159e-04
  -6.30663605042547695777e-04
  -1.59694927787535457609e-04
  +3.53813119126347101328e-04
  +7.73072793388724700293e-04
  +9.86402136695716750397e-04
  +9.36974699267432943259e-04
  +6.37956910753109934092e-04
  +1.69000820321844592809e-04
  -3.44973533794596623914e-04
  -7.67054194855599624087e-04
  -9.84807753012208663898e-04
  -9.40229240709757139310e-04
  -6.45193435938687994552e-04
  -1.78291671157966975748e-04
  +3.36103244542219784050e-04
  +7.60967325661671329697e-04
  +9.83125717795705744012e-04
  +9.43400098271577995657e-04
  +6.52372536521787413887e-04
  +1.87566653375830638814e-04
  -3.27203040857779756199e-04
  -7.54812727560805760488e-04
  -9.81356180753561926217e-04
  -9.46486989734847861296e-04
  -6.59493573535894377947e-04
  -1.96824941467701417528e-04
  +3.18273714892314285065e-04
  +7.48590948334995967550e-04
  +9.79499299381118414959e-04
  +9.49489640354809626317e-04
  +6.66555913182361749712e-04
  +2.06065711411677112688e-04
  -3.09316061388885800518e-04
  -7.42302541745613018997e-04
  -9.77555238947687768492e-04
  -9.52407782884448625080e-04
  -6.73558926886857513294e-04
  -2.15288140745077352265e-04
  +3.00330877611765017978e-04
  +7.35948067484115025019e-04
  +9.75524172481842901695e-04
  +9.55241157598284802363e-04
  +6.80501991355245963375e-04
  +2.24491408637562131706e-04
  -2.91318963275559407108e-04
  -7.29528091122198557757e-04
  -9.73406280756006561661e-04
  -9.57989512315483566877e-04
  -6.87384488629105795329e-04
  -2.33674695964244418227e-04
  +2.82281120473981488560e-04
  +7.23043184061517691351e-04
  +9.71201752270379656783e-04
  +9.60652602422320568698e-04
  +6.94205806140719863633e-04
  +2.42837185378581604973e-04
  -2.73218153608473311288e-04
  -7.16493923482789925664e-04
  -9.68910783236152494541e-04
  -9.63230190893909002381e-04
  -7.00965336767586481848e-04
  -2.51978061385108292186e-04
  +2.64130869316611270516e-04
  +7.09880892294433626238e-04
  +9.66533577558043705512e-04
  +9.65722048315351849247e-04
  +7.07662478886495307021e-04
  +2.61096510412073821213e-04
  -2.55020076400326773953e-04
  -7.03204679080697298704e-04
  -9.64070346816152433725e-04
  -9.68127952902116638290e-04
  -7.14296636427013634935e-04
  -2.70191720883770187481e-04
  +2.45886585753864205829e-04
  +6.96465878049233426406e-04
  +9.61521310247130515415e-04
  +9.70447690519792103420e-04
  +7.20867218924569697416e-04
  +2.79262883292820569825e-04
  -2.36731210291691294458e-04
  -6.89665088978271912171e-04
  -9.58886694724654263175e-04
  -9.72681054703155938655e-04
  -7.27373641573035166659e-04
  -2.88309190272201146081e-04
  +2.27554764876105333976e-04
  +6.82802917163197317305e-04
  +9.56166734739254836097e-04
  +9.74827846674530883002e-04
  +7.33815325276716118839e-04
  +2.97329836667154054786e-04
  -2.18358066244665987958e-04
  -6.75879973362695997581e-04
  -9.53361672377436831192e-04
  -9.76887875361486923004e-04
  -7.40191696701933735635e-04
  -3.06324019606767669437e-04
  +2.09141932937585483870e-04
  +6.68896873744354741355e-04
  +9.50471757300118489514e-04
  +9.78860957413856544798e-04
  +7.46502188328034498553e-04
  +3.15290938575475611794e-04
  -1.99907185224820299575e-04
  -6.61854239829881454797e-04
  -9.47497246720436126118e-04
  -9.80746917220035388518e-04
  -7.52746238497939055244e-04
  -3.24229795484346568386e-04
  +1.90654645033091780376e-04
  +6.54752698439757508352e-04
  +9.44438405380839274966e-04
  +9.82545586922626851961e-04
  +7.58923291468084257848e-04
  +3.33139794742049008981e-04
  -1.81385135872661889004e-04
  -6.47592881637403926937e-04
  -9.41295505529508315899e-04
  -9.84256806433368193476e-04
  -7.65032797457886959772e-04
  -3.42020143325662598875e-04
  +1.72099482764177395865e-04
  +6.40375426673034028879e-04
  +9.38068826896170152550e-04
  +9.85880423447393428385e-04
  +7.71074212698714392053e-04
  +3.50870050851313482546e-04
  -1.62798512165100229317e-04
  -6.33100975926827462710e-04
  -9.34758656667154515067e-04
  -9.87416293456787157179e-04
  -7.77046999482279912574e-04
  -3.59688729644521061092e-04
  +1.53483051896233750741e-04
  +6.25770176851821267189e-04
  +9.31365289459856878981e-04
  +9.88864279763434312828e-04
  +7.82950626208456105029e-04
  +3.68475394810237615213e-04
  -1.44153931067973316987e-04
  -6.18383681916228797847e-04
  -9.27889027296516493565e-04
  -9.90224253491195534338e-04
  -7.88784567432617334144e-04
  -3.77229264302746819266e-04
  +1.34811980006596741476e-04
  +6.10942148545445752779e-04
  +9.24330179577314723846e-04
  +9.91496093597384314106e-04
  +7.94548303912431309361e-04
  +3.85949558995321182972e-04
  -1.25458030180320215252e-04
  -6.03446239063435926377e-04
  -9.20689063052874154085e-04
  -9.92679686883518380344e-04
  -8.00241322654012812374e-04
  -3.94635502749422556121e-04
  +1.16092914125237798282e-04
  +5.95896620633916819336e-04
  +9.16966001796017940104e-04
  +9.93774928005421208724e-04
  +8.05863116957660006838e-04
  +4.03286322483952343939e-04
  -1.06717465371378126562e-04
  -5.88293965200833795202e-04
  -9.13161327172992806807e-04
  -9.94781719482584324971e-04
  -8.11413186462849912728e-04
  -4.11901248243979137015e-04
  +9.73325183683335098820e-05
  +5.80638949428620865928e-04
  +9.09275377813902963356e-04
  +9.95699971706835501237e-04
  +8.16891037192883032875e-04
  +4.20479513269190249142e-04
  -8.79389084110754988208e-05
  -5.72932254642044926952e-04
  -9.05308499582604410925e-04
  -9.96529602950333879760e-04
  -8.22296181598796793559e-04
  -4.29020354062291918180e-04
  +7.85374715656955333602e-05
  +5.65174566765404133052e-04
  +9.01261045545957619612e-04
  +9.97270539372831308494e-04
  +8.27628138602712272627e-04
  +4.37523010456884969919e-04
  -6.91290445948221468934e-05
  -5.57366576261663282041e-04
  -8.97133375942332431108e-04
  -9.97922715028241305232e-04
  -8.32886433640763943452e-04
  -4.45986725685046283673e-04
  +5.97144648832308261809e-05
  +5.49508978070837087425e-04
  +8.92925858149579750739e-04
  +9.98486071870521721752e-04
  +8.38070598705210846255e-04
  +4.54410746444862769823e-04
  -5.02945703633988209407e-05
  -5.41602471548207134444e-04
  -8.88638866652372559109e-04
  -9.98960559758826438861e-04
  -8.43180172386200597889e-04
  -4.62794322967273951634e-04
  +4.08701994407559160449e-05
  +5.33647760402125429825e-04
  +8.84272783008800342119e-04
  +9.99346136461980519283e-04
  +8.48214699912789747357e-04
  +4.71136709083007788456e-04
  -3.14421909191482358906e-05
  -5.25645552631333855265e-04
  -8.79827995816444513415e-04
  -9.99642767662229378769e-04
  -8.53173733193374325343e-04
  -4.79437162288789432956e-04
  +2.20113839262669036794e-05
  +5.17596560461901656486e-04
  +8.75304900677833890021e-04
  +9.99850426958299922514e-04
  +8.58056830855663294107e-04
  +4.87694943813604090029e-04
  -1.25786178387921044036e-05
  -5.09501500283882123934e-04
  -8.70703900165140575948e-04
  -9.99969095867746758655e-04
  -8.62863558285915824113e-04
  -4.95909318684373701808e-04
  +3.14473220777068540255e-06
  +5.01361092587624930864e-04
  +8.66025403784457669006e-04
  +9.99998763828597366649e-04
  +8.67593487667580416309e-04
  +5.04079555791298776837e-04
  +6.28943331602172853552e-06
  -4.93176061899503761186e-04
  -8.61269827939256118164e-04
  -9.99939428200294052121e-04
  -8.72246198019460011221e-04
  -5.12204927953103074725e-04
  -1.57230390570401220164e-05
  +4.84947136717502665787e-04
  +8.56437595893348377341e-04
  +9.99791094263926616650e-04
  +8.76821275233149381549e-04
  +5.20284711981557675825e-04
  +2.51552453893632741670e-05
  -4.76675049446452709419e-04
  -8.51529137733319932760e-04
  -9.99553775221764849793e-04
  -8.81318312109797392072e-04
  -5.28318188746020392377e-04
  -3.45852128117930511801e-05
  +4.68360536332696267281e-04
  +8.46544890330060400413e-04
  +9.99227492196081302361e-04
  +8.85736908396527735862e-04
  +5.36304643237365749608e-04
  +4.40121020223741216473e-05
  -4.60004337398632059345e-04
  -8.41485297300056424297e-04
  -9.98812274227270412499e-04
  -8.90076670821898958963e-04
  -5.44243364631552518050e-04
  -5.34350739930382039457e-05
  +4.51607196376926629897e-04
  +8.36350808965788806819e-04
  +9.98308158271270489753e-04
  +8.94337213131015155120e-04
  +5.52133646353034253373e-04
  +6.28532900444510653605e-05
  -4.43169860644168384523e-04
  -8.31141882315697259377e-04
  -9.97715189196262969978e-04
  -8.98518156119862757003e-04
  -5.59974786137573416617e-04
  -7.22659119205728141082e-05
  +4.34693081154423018909e-04
  +8.25858980963553395392e-04
  +9.97033419778692742846e-04
  +9.02619127669024561705e-04
  +5.67766086094676348910e-04
  +8.16721018631807999357e-05
  -4.26177612372473390602e-04
  -8.20502575107104597379e-04
  -9.96262910698558377606e-04
  -9.06639762776875073914e-04
  -5.75506852769849244419e-04
  -9.10710226866316626152e-05
  +4.17624212206515826006e-04
  +8.15073141486269891684e-04
  +9.95403730534015398351e-04
  +9.10579703592028616953e-04
  +5.83196397206246427980e-04
  +1.00461837852147158187e-04
  -4.09033641940779720079e-04
  -8.09571163340758485558e-04
  -9.94455955755281983607e-04
  -9.14438599445154161327e-04
  -5.90834035005921814725e-04
  -1.09843711542467617828e-04
  +4.00406666167848546752e-04
  +8.03997130366962322462e-04
  +9.93419670717816732583e-04
  +9.18216106880258026851e-04
  +5.98419086390881635462e-04
  +1.19215808736157594669e-04
  -3.91744052720426842035e-04
  -7.98351538674417775428e-04
  -9.92294967654818154540e-04
  -9.21911889685215883185e-04
  -6.05950876263516564728e-04
  -1.28577295281841322066e-04
  +3.83046572603208072133e-04
  +7.92634890741703880546e-04
  +9.91081946669026148805e-04
  +9.25525618921664528990e-04
  +6.13428734266621201489e-04
  +1.37927337972614693544e-04
  -3.74314999924070296224e-04
  -7.86847695371616757086e-04
  -9.89780715723791865157e-04
  -9.29056972954355906810e-04
  -6.20851994843194107329e-04
  -1.47265104620118849688e-04
  +3.65550111825228623771e-04
  +7.80990467645933982357e-04
  +9.88391390633474925184e-04
  +9.32505637479696556855e-04
  +6.28219997295628306173e-04
  +1.56589764128523857567e-04
  -3.56752688414252309198e-04
  -7.75063728879625698197e-04
  -9.86914095053164101487e-04
  -9.35871305553797336665e-04
  -6.35532085844361092387e-04
  -1.65900486568668054490e-04
  +3.47923512694288861093e-04
  +7.69068006574348626142e-04
  +9.85348960467618021838e-04
  +9.39153677619759103511e-04
  +6.42787609686529368309e-04
  +1.75196443251840201349e-04
  -3.39063370494691203576e-04
  -7.63003834371548794041e-04
  -9.83696126179613898957e-04
  -9.42352461534306357592e-04
  -6.49985923053627841044e-04
  -1.84476806803452131550e-04
  +3.30173050400863832624e-04
  +7.56871752005020968952e-04
  +9.81955739297512815791e-04
  +9.45467372593847667564e-04
  +6.57126385269161147722e-04
  +1.93740751236846003641e-04
  -3.21253343684155050989e-04
  -7.50672305252742975631e-04
  -9.80127954722179693670e-04
  -9.48498133559785069208e-04
  -6.64208360805599164027e-04
  -2.02987452026726176036e-04
  +3.12305044231511979690e-04
  +7.44406045888445469690e-04
  +9.78212935133214141550e-04
  +9.51444474683163184982e-04
  +6.71231219340879441473e-04
  +2.12216086182461384068e-04
  -3.03328948474660309471e-04
  -7.38073531632373763291e-04
  -9.76210850974438084683e-04
  -9.54306133728732332300e-04
  -6.78194335814655507692e-04
  -2.21425832321501327464e-04
  +2.94325855319299610566e-04
  +7.31675326101702055634e-04
  +9.74121880438741437162e-04
  +9.57082855998259629179e-04
  +6.85097090483761722232e-04
  +2.30615870742398770864e-04
  -2.85296566074078820473e-04
  -7.25211998760429306377e-04
  -9.71946209452241691347e-04
  -9.59774394353174941860e-04
  -6.91938868977518646217e-04
  -2.39785383497683271276e-04
  +2.76241884379114794722e-04
  +7.18684124868578834422e-04
  +9.69684031657698768808e-04
  +9.62380509236616726518e-04
  +6.98719062352331837448e-04
  +2.48933554466855306176e-04
  -2.67162616134545714743e-04
  -7.12092285431074499200e-04
  -9.67335548397304828723e-04
  -9.64900968694727060974e-04
  -7.05437067145929714608e-04
  -2.58059569428775172854e-04
  +2.58059569428858493791e-04
  +7.05437067145990755190e-04
  +9.64900968694749720800e-04
  +9.67335548397283036259e-04
  +7.12092285431014000718e-04
  +2.67162616134462556437e-04
  -2.48933554466938789743e-04
  -6.98719062352393528552e-04
  -9.62380509236640145285e-04
  -9.69684031657670796392e-04
  -7.18684124868499145562e-04
  -2.76241884379031853256e-04
  +2.39785383497767025894e-04
  +6.91938868977560388000e-04
  +9.59774394353207142665e-04
  +9.71946209452234752453e-04
  +7.25211998760369892097e-04
  +2.85296566074023417742e-04
  -2.30615870742455013852e-04
  -6.85097090483783081015e-04
  -9.57082855998284565829e-04
  -9.74121880438728318316e-04
  -7.31675326101662699095e-04
  -2.94325855319271475520e-04
  +2.21425832321613135813e-04
  +6.78194335814698008418e-04
  +9.54306133728758027891e-04
  +9.76210850974425507938e-04
  +7.38073531632296351256e-04
  +3.03328948474578126947e-04
  -2.12216086182545680787e-04
  -6.71231219340922375879e-04
  -9.51444474683198529973e-04
  -9.78212935133208070018e-04
  -7.44406045888388006974e-04
  -3.12305044231457010640e-04
  +2.02987452026782798494e-04
  +6.64208360805621173331e-04
  +9.48498133559812391102e-04
  +9.80127954722168417967e-04
  +7.50672305252704811715e-04
  +3.21253343684127186993e-04
  -1.93740751236958516721e-04
  -6.57126385269226091432e-04
  -9.45467372593875639980e-04
  -9.81955739297501973770e-04
  -7.56871752004946050582e-04
  -3.30173050400782463250e-04
  +1.84476806803536889055e-04
  +6.49985923053671751232e-04
  +9.42352461534344629929e-04
  +9.83696126179608477946e-04
  +7.63003834371492957629e-04
  +3.39063370494636830837e-04
  -1.75196443251897149068e-04
  -6.42787609686551811294e-04
  -9.39153677619788702230e-04
  -9.85348960467608264019e-04
  -7.69068006574293548672e-04
  -3.47923512694261268148e-04
  +1.65900486568781109671e-04
  +6.35532085844427662401e-04
  +9.35871305553827585906e-04
  +9.86914095053154777348e-04
  +7.75063728879553381912e-04
  +3.56752688414171752977e-04
  -1.56589764128609048753e-04
  -6.28219997295673300564e-04
  -9.32505637479717373536e-04
  -9.88391390633470588375e-04
  -7.80990467645880097509e-04
  -3.65550111825174793134e-04
  +1.47265104620176068458e-04
  +6.20851994843261761545e-04
  +9.29056972954387782354e-04
  +9.89780715723775602125e-04
  +7.86847695371563414339e-04
  +3.74314999923990336314e-04
  -1.37927337972728263722e-04
  -6.13428734266711623950e-04
  -9.25525618921697271896e-04
  -9.91081946669014439422e-04
  -7.92634890741634057926e-04
  -3.83046572603154675176e-04
  +1.28577295281926865618e-04
  +6.05950876263585086305e-04
  +9.21911889685238326170e-04
  +9.92294967654810998806e-04
  +7.98351538674365950564e-04
  +3.91744052720347478436e-04
  -1.19215808736215003174e-04
  -5.98419086390950699141e-04
  -9.18216106880303454922e-04
  -9.93419670717803505317e-04
  -8.03997130366911039699e-04
  -4.00406666167769508414e-04
  +1.09843711542525094096e-04
  +5.90834035006014405590e-04
  +9.14438599445189072637e-04
  +9.94455955755278731001e-04
  +8.09571163340724658450e-04
  +4.09033641940726973643e-04
  -1.00461837852232959236e-04
  -5.83196397206270280428e-04
  -9.10579703592052469401e-04
  -9.95403730534009760500e-04
  -8.15073141486219909964e-04
  -4.17624212206463296410e-04
  +9.10710226866892473031e-05
  +5.75506852769919717561e-04
  +9.06639762776923537752e-04
  +9.96262910698553390276e-04
  +8.20502575107055266181e-04
  +4.26177612372395328046e-04
  -8.16721018632951019497e-05
  -5.67766086094724053805e-04
  -9.02619127669037246871e-04
  -9.97033419778686237633e-04
  -8.25858980963488668522e-04
  -4.34693081154370868785e-04
  +7.22659119206021417769e-05
  +5.59974786137644973960e-04
  +8.98518156119888235754e-04
  +9.97715189196259066851e-04
  +8.31141882315680779504e-04
  +4.43169860644065547947e-04
  -6.28532900445371510130e-05
  -5.52133646353106135977e-04
  -8.94337213131040959131e-04
  -9.98308158271263767700e-04
  -8.36350808965741535604e-04
  -4.51607196376900392205e-04
  +5.34350739930959444876e-05
  +5.44243364631648795203e-04
  +8.90076670821938207082e-04
  +9.98812274227269111457e-04
  +8.41485297300025090854e-04
  +4.60004337398580722372e-04
  -4.40121020224602886150e-05
  -5.36304643237390577838e-04
  -8.85736908396554515656e-04
  -9.99227492196077832914e-04
  -8.46544890330014538661e-04
  -4.68360536332645201359e-04
  +3.45852128118792520291e-05
  +5.28318188746093576023e-04
  +8.81318312109851602180e-04
  +9.99553775221763115069e-04
  +8.51529137733274829949e-04
  +4.76675049446376923688e-04
  -2.51552453894779116060e-05
  -5.20284711981607115444e-04
  -8.76821275233163584598e-04
  -9.99791094263924881927e-04
  -8.56437595893318453361e-04
  -4.84947136717452087756e-04
  +1.57230390570695242240e-05
  +5.12204927953177125734e-04
  +8.72246198019516064473e-04
  +9.99939428200293184759e-04
  +8.61269827939212316396e-04
  +4.93176061899404014587e-04
  -6.28943331613639985592e-06
  -5.04079555791373369947e-04
  -8.67593487667623242295e-04
  -9.99998763828597366649e-04
  -8.66025403784400423131e-04
  -5.01361092587599560533e-04
  -3.14473220768443330808e-06
  +4.95909318684423900368e-04
  +8.62863558285973720509e-04
  +9.99969095867747192335e-04
  +8.70703900165098183643e-04
  +5.09501500283832359055e-04
  +1.25786178386490185159e-05
  -4.87694943813654613850e-04
  -8.58056830855722274705e-04
  -9.99850426958301440397e-04
  -8.75304900677764717923e-04
  -5.17596560461852108447e-04
  -2.20113839261522560760e-05
  +4.79437162288865110268e-04
  +8.53173733193448918452e-04
  +9.99642767662230896653e-04
  +8.79827995816416974680e-04
  +5.25645552631260454778e-04
  +3.14421909191188472354e-05
  -4.71136709083058745958e-04
  -8.48214699912820430279e-04
  -9.99346136461983771890e-04
  -8.84272783008773345485e-04
  -5.33647760402076532307e-04
  -4.08701994406697423010e-05
  +4.62794322967375649797e-04
  +8.43180172386231714492e-04
  +9.98960559758830341989e-04
  +8.88638866652333094150e-04
  +5.41602471548110857291e-04
  +5.02945703633410600699e-05
  -4.54410746444888953306e-04
  -8.38070598705257792209e-04
  -9.98486071870528010125e-04
  -8.92925858149553621466e-04
  -5.49508978070788732008e-04
  -5.97144648831447269759e-05
  +4.45986725685123478868e-04
  +8.32886433640795927416e-04
  +9.97922715028244991520e-04
  +8.97133375942281798866e-04
  +5.57366576261591724697e-04
  +6.91290445947361154510e-05
  -4.37523010456936957413e-04
  -8.27628138602776674236e-04
  -9.97270539372837813707e-04
  -9.01261045545945042867e-04
  -5.65174566765356428157e-04
  -7.85374715655812177936e-05
  +4.29020354062395459487e-04
  +8.22296181598813598693e-04
  +9.96529602950341035494e-04
  +9.05308499582579907956e-04
  +5.72932254641950926624e-04
  +8.79389084110462118096e-05
  -4.20479513269268474328e-04
  -8.16891037192932797754e-04
  -9.95699971706846126418e-04
  -9.09275377813878894068e-04
  -5.80638949428550609627e-04
  -9.73325183682476681750e-05
  +4.11901248244083654105e-04
  +8.11413186462883739836e-04
  +9.94781719482592998588e-04
  +9.13161327172957678656e-04
  +5.88293965200718110831e-04
  +1.06717465371320623189e-04
  -4.03286322484005253005e-04
  -8.05863116957711072760e-04
  -9.93774928005430749703e-04
  -9.16966001795994846597e-04
  -5.95896620633870415483e-04
  -1.16092914125152132758e-04
  +3.94635502749501811300e-04
  +8.00241322654064528817e-04
  +9.92679686883525319238e-04
  +9.20689063052829376535e-04
  +6.03446239063367079539e-04
  +1.25458030180234644596e-04
  -3.85949558995374525719e-04
  -7.94548303912500915140e-04
  -9.91496093597395372968e-04
  -9.24330179577303448143e-04
  -6.10942148545377448042e-04
  -1.34811980006539468497e-04
  +3.77229264302853016869e-04
  +7.88784567432644113938e-04
  +9.90224253491207677402e-04
  +9.27889027296489605351e-04
  +6.18383681916138700646e-04
  +1.44153931067930138636e-04
  -3.68475394810317846174e-04
  -7.82950626208500990999e-04
  -9.88864279763451443223e-04
  -9.31365289459841049630e-04
  -6.25770176851742879372e-04
  -1.53483051896148505345e-04
  +3.59688729644641353323e-04
  +7.77046999482316233347e-04
  +9.87416293456793879232e-04
  +9.34758656667123940566e-04
  +6.33100975926815753327e-04
  +1.62798512165043173178e-04
  -3.50870050851367584234e-04
  -7.71074212698778359981e-04
  -9.85880423447398415715e-04
  -9.38068826896145107480e-04
  -6.40375426672989685010e-04
  -1.72099482764078408207e-04
  +3.42020143325690246031e-04
  +7.65032797457933363625e-04
  +9.84256806433378384977e-04
  +9.41295505529469609882e-04
  +6.47592881637370750350e-04
  +1.81385135872632967911e-04
  -3.33139794742116988457e-04
  -7.58923291468158959377e-04
  -9.82545586922634875057e-04
  -9.44438405380820301428e-04
  -6.54752698439681505779e-04
  -1.90654645033007077081e-04
  +3.24229795484414710493e-04
  +7.52746238497977219160e-04
  +9.80746917220055120998e-04
  +9.47497246720408587382e-04
  +6.61854239829827461529e-04
  +1.99907185224763650011e-04
  -3.15290938575584465692e-04
  -7.46502188328101393827e-04
  -9.78860957413862399490e-04
  -9.50471757300096154950e-04
  -6.68896873744269523064e-04
  -2.09141932937487255153e-04
  +3.06324019606795696063e-04
  +7.40191696701982199472e-04
  +9.76887875361502101834e-04
  +9.53361672377402245143e-04
  +6.75879973362663905197e-04
  +2.18358066244581826764e-04
  -2.97329836667222901624e-04
  -7.33815325276793964555e-04
  -9.74827846674540640821e-04
  -9.56166734739229574186e-04
  -6.82802917163144733499e-04
  -2.27554764875979810470e-04
  +2.88309190272256494602e-04
  +7.27373641573104121917e-04
  +9.72681054703175996395e-04
  +9.58886694724617617142e-04
  +6.89665088978229953547e-04
  +2.36731210291648902153e-04
  -2.79262883292903402871e-04
  -7.20867218924629436956e-04
  -9.70447690519809559075e-04
  -9.61521310247114686064e-04
  -6.96465878049161435381e-04
  -2.45886585753780613842e-04
  +2.70191720883839522210e-04
  +7.14296636427054075676e-04
  +9.68127952902141791780e-04
  +9.64070346816129448639e-04
  +7.03204679080636041281e-04
  +2.55020076400257113963e-04
  -2.61096510412184518255e-04
  -7.07662478886566213843e-04
  -9.65722048315359330242e-04
  -9.66533577558025165655e-04
  -7.09880892294392860237e-04
  -2.64130869316514397052e-04
  +2.51978061385150576071e-04
  +7.00965336767647956111e-04
  +9.63230190893928409600e-04
  +9.68910783236124088444e-04
  +7.16493923482759568003e-04
  +2.73218153608390315612e-04
  -2.42837185378651481803e-04
  -6.94205806140802371418e-04
  -9.60652602422332603342e-04
  -9.71201752270355695915e-04
  -7.23043184061458060231e-04
  -2.82281120473857835302e-04
  +2.33674695964300661215e-04
  +6.87384488629137345612e-04
  +9.57989512315512298235e-04
  +9.73406280755973710335e-04
  +7.29528091122149226558e-04
  +2.91318963275504058588e-04
  -2.24491408637660008057e-04
  -6.80501991355267430578e-04
  -9.55241157598306052726e-04
  -9.75524172481827072344e-04
  -7.35948067484037396144e-04
  -3.00330877611723384615e-04
  +2.15288140745161594774e-04
  +6.73558926886910747621e-04
  +9.52407782884483644810e-04
  +9.77555238947678661193e-04
  +7.42302541745593286518e-04
  +3.09316061388803726414e-04
  -2.06065711411803259611e-04
  -6.66555913182404792539e-04
  -9.49489640354823287265e-04
  -9.79499299381101067724e-04
  -7.48590948334948154234e-04
  -3.18273714892259478645e-04
  +1.96824941467744189303e-04
  +6.59493573535959213237e-04
  +9.46486989734875725291e-04
  +9.81356180753548048429e-04
  +7.54812727560767921832e-04
  +3.27203040857684834299e-04
  -1.87566653375915369214e-04
  -6.52372536521798906430e-04
  -9.43400098271599571280e-04
  -9.83125717795686011533e-04
  -7.60967325661610831215e-04
  -3.36103244542198804738e-04
  +1.78291671158037882570e-04
  +6.45193435938732121580e-04
  +9.40229240709791400099e-04
  +9.84807753012203459728e-04
  +7.67054194855553437074e-04
  +3.44973533794535691752e-04
  -1.69000820321950627782e-04
  -6.37956910753138123349e-04
  -9.36974699267465469324e-04
  -9.86402136695703739971e-04
  -7.73072793388647396678e-04
  -3.53813119126299667483e-04
  +1.59694927787634635002e-04
  +6.30663605042614699471e-04
  +9.33636763610888663172e-04
  +9.87908726940170400788e-04
  +7.79022585583467874759e-04
  +3.62621213781590611639e-04
  -1.50374821814005512829e-04
  -6.23314167938261525469e-04
  -9.30215730828620897784e-04
  -9.89327389653480403220e-04
  -7.84903041886356568971e-04
  -3.71397033807507664580e-04
  +1.41041331924971673293e-04
  +6.15909253567256480787e-04
  +9.26711905405317002034e-04
  +9.90657998569421851393e-04
  +7.90713638915056674442e-04
  +3.80139798123499351914e-04
  -1.31695288835715794071e-04
  -6.08449520994235981512e-04
  -9.23125599194338686444e-04
  -9.91900435258869731664e-04
  -7.96453859504868129197e-04
  -3.88848728591358267295e-04
  +1.22337524378532923330e-04
  +6.00935634163174046095e-04
  +9.19457131390248117234e-04
  +9.93054589140362955341e-04
  +8.02123192754993570748e-04
  +3.97523050083847112601e-04
  -1.12968871429188486618e-04
  -5.93368261837658476573e-04
  -9.15706828500206012483e-04
  -9.94120357489930699807e-04
  -8.07721134073733628908e-04
  -4.06161990554422113343e-04
  +1.03590163832281917725e-04
  +5.85748077541910260393e-04
  +9.11875024315087954162e-04
  +9.95097645450259771574e-04
  +8.13247185223703577400e-04
  +4.14764781105320372995e-04
  -9.42022363276522484979e-05
  -5.78075759500428420709e-04
  -9.07962059879570708085e-04
  -9.95986366039095004712e-04
  -8.18700854365808682392e-04
  -4.23330656056463360513e-04
  +8.48059244755751791495e-05
  +5.70351990577992436562e-04
  +9.03968283462034012665e-04
  +9.96786440157031855547e-04
  +8.24081656103322550237e-04
  +4.31858853013190381077e-04
  -7.54020645824509533339e-05
  -5.62577458218467812284e-04
  -8.99894050523353987783e-04
  -9.97497796594494761518e-04
  -8.29389111525050733847e-04
  -4.40348612934578871256e-04
  +6.59914936267099274704e-05
  +5.54752854384181503557e-04
  +8.95739723685284329989e-04
  +9.98120372038143041302e-04
  +8.34622748247763695216e-04
  +4.48799180200386076903e-04
  -5.65750491838083860224e-05
  -5.46878875493678195951e-04
  -8.91505672698331618972e-04
  -9.98654111076451717066e-04
  -8.39782100458526768738e-04
  -4.57209802679018229455e-04
  +4.71535693523617864997e-05
  +5.38956222360301336061e-04
  +8.87192274408618738145e-04
  +9.99098966204678244629e-04
  +8.44866708955783508872e-04
  +4.65579731793861059056e-04
  -3.77278926787566045386e-05
  -5.30985600129391588017e-04
  -8.82799912724653319113e-04
  -9.99454897829065531598e-04
  -8.49876121190661516086e-04
  -4.73908222590362310320e-04
  +2.82988580832544579108e-05
  +5.22967718215908237284e-04
  +8.78328978582767821645e-04
  +9.99721874270386411110e-04
  +8.54809891306880726206e-04
  +4.82194533801981971548e-04
  -1.88673047845299344768e-05
  -5.14903290240856020485e-04
  -8.73779869912747180621e-04
  -9.99899871766746954974e-04
  -8.59667580180738244433e-04
  -4.90437927916320096262e-04
  +9.43407222599972541542e-06
  +5.06793033968350767164e-04
  +8.69152991602037666014e-04
  +9.99988874475713895168e-04
  +8.64448755459837781673e-04
  +4.98637671240856859833e-04
  -2.94088546373609526808e-17
</dep>
<dep V2.It time>
  -1.00000000000000002082e-03
  -8.50602462692692752252e-04
  -4.47458183023022922770e-04
  +8.88263987087089856897e-05
  +5.98176637367367502497e-04
  +9.29109721101101042849e-04
  +9.83920782822822513961e-04
  +7.47407106646646220843e-04
  +2.90684144164163825973e-04
  -2.50717066756757475839e-04
  -7.17540913603603703295e-04
  -9.73872985485485292631e-04
  -9.46547247627626902287e-04
  -6.45478418968968136599e-04
  -1.59432535925924963446e-04
  +3.70899199609610308575e-04
  +7.94116153523523847502e-04
  +9.91364386036035823840e-04
  +9.09240689099098057385e-04
  +5.73370680083082535396e-04
  +7.95056774003999794159e-05
  -4.34583774744745025137e-04
  -8.27940618248249027809e-04
  -9.94921650790790354502e-04
  -8.92901797897896498148e-04
  -5.52132011436434473432e-04
  -6.58285242332312409835e-05
  +4.36074709999999927078e-04
  +8.21938661871872552553e-04
  +9.92707664084083738279e-04
  +9.06641499519518544517e-04
  +5.88547205905904442964e-04
  +1.21798852832831347925e-04
  -3.74147848048049232010e-04
  -7.74550327007008537240e-04
  -9.80527210090089990785e-04
  -9.42888251171169599479e-04
  -6.73103654074071362789e-04
  -2.39217662242241279951e-04
  +2.51792098708709423394e-04
  +6.80548743753754225953e-04
  +9.44126625995995918256e-04
  +9.80339829519519256884e-04
  +7.81890397627623898180e-04
  +3.97325427045040573387e-04
  -8.11173907027069114768e-05
  -5.39688723153156145289e-04
  -8.70024186396397614975e-04
  -9.94484722372371461596e-04
  -8.84129181931929256956e-04
  -5.65261955205201564907e-04
  -1.13134224054050125190e-04
  +3.65697660230233391725e-04
  +7.58282476966968838755e-04
  +9.71726433243243160540e-04
  +9.55089115575573853988e-04
  +7.11623015155152293179e-04
  +2.98417972252248801801e-04
  -1.86627513313316467907e-04
  -6.27652999439441499317e-04
  -9.18300228468469010613e-04
  -9.87387128028026925600e-04
  -8.16633403903901629664e-04
  -4.45983012064861915596e-04
  +3.51070510350378979969e-05
  +5.08712037357359533191e-04
  +8.57051365105106037479e-04
  +9.91849602182180798554e-04
  +8.77154905725721308930e-04
  +5.39638127429423186676e-04
  +6.32839301121054960669e-05
  -4.30781298848854064289e-04
  -8.14717155585587991459e-04
  -9.87151025555554765059e-04
  -9.00511762592588467340e-04
  -5.75024549129123509032e-04
  -9.50603492092068542464e-05
  +4.11924131901906587835e-04
  +8.08863005435436223899e-04
  +9.86312177287286453303e-04
  +8.93291755265264116916e-04
  +5.52876801621616305489e-04
  +5.75400749149130059522e-05
  -4.55233213573577751541e-04
  -8.40860913873874384929e-04
  -9.88724856266264993596e-04
  -8.54619743973967214458e-04
  -4.74854073987982330286e-04
  +4.27277379359451711465e-05
  +5.48882685005009089869e-04
  +8.95978990810812701145e-04
  +9.81456258528526619828e-04
  +7.78780430540533313497e-04
  +3.46325304024018500344e-04
  -1.88965672452460771002e-04
  -6.68703457687690682419e-04
  -9.50103893963964371561e-04
  -9.48866969849843479648e-04
  -6.64828786506498179039e-04
  -1.82420766756743633289e-04
  +3.54403591601609431559e-04
  +7.85297983613618953182e-04
  +9.81665878648647384497e-04
  +8.85209007287279261121e-04
  +5.25212915699691147708e-04
  +9.42529461860632307598e-06
  -5.08548890540546955248e-04
  -8.75310062282283192318e-04
  -9.83205346486486437066e-04
  -8.01730215415412460038e-04
  -3.85652897387379954650e-04
  +1.42134796444448184734e-04
  +6.27472143783788381850e-04
  +9.30228250410410789119e-04
  +9.64606240480477667397e-04
  +7.22874179419416475895e-04
  +2.76130708628621846738e-04
  -2.47438563513516555058e-04
  -6.99921421151154798945e-04
  -9.55581082992993172120e-04
  -9.45382126036032992278e-04
  -6.74781805425422919267e-04
  -2.20479612092084822786e-04
  +2.92193962342351476816e-04
  +7.24356032652656296571e-04
  +9.61168356226226451404e-04
  +9.41799656666663428245e-04
  +6.74118641411402966593e-04
  +2.30878639889883302766e-04
  -2.70853991621630176261e-04
  -7.01027081311315003118e-04
  -9.50223201661662343794e-04
  -9.56944225405402938527e-04
  -7.21944978628620386008e-04
  -3.06549685415402476448e-04
  +1.84009867837847137075e-04
  +6.27572488298306589011e-04
  +9.15382841031032968779e-04
  +9.78320509819816108710e-04
  +8.02857028508501685549e-04
  +4.33264310090078117420e-04
  -4.00254795495587174727e-05
  -5.02760190510519676919e-04
  -8.44374724544547788918e-04
  -9.84109319459457957541e-04
  -8.89693324064058784981e-04
  -5.84412866886875191803e-04
  -1.41134471441425727624e-04
  +3.35140444074085222786e-04
  +7.32032110590595248671e-04
  +9.56087180660661448313e-04
  +9.54576202592589463138e-04
  +7.27791876826824348477e-04
  +3.29030255360358793362e-04
  -1.47761412987998532560e-04
  -5.89874151751756557391e-04
  -8.92265824624625361779e-04
  -9.82434119999999648856e-04
  -8.37910495395388209977e-04
  -4.92158113273266878233e-04
  -2.72710898498447108112e-05
  +4.45071513403415275345e-04
  +8.10130116486490968984e-04
  +9.77933244844844326571e-04
  +9.05719615775773070378e-04
  +6.09366574834822069366e-04
  +1.60647868128117741115e-04
  -3.29478917667673097854e-04
  -7.37880228738741275607e-04
  -9.60133984804805362331e-04
  -9.37605892312307802675e-04
  -6.73633227207199865132e-04
  -2.34198192092073634871e-04
  +2.67719940830843654723e-04
  +7.00677988498504215192e-04
  +9.49159275285285978195e-04
  +9.44865495665657851437e-04
  +6.86332025705694193270e-04
  +2.41033800760751063799e-04
  -2.71330079579587242836e-04
  -7.10525973873883925219e-04
  -9.54218701971972687106e-04
  -9.32610522872867023399e-04
  -6.49323022762743448828e-04
  -1.82038007667649427875e-04
  +3.38035732222234164886e-04
  +7.62686493603609749932e-04
  +9.69133053213212325785e-04
  +8.96139320520510638569e-04
  +5.62984942702690529387e-04
  +6.51779770370247338697e-05
  -4.52454184594612302678e-04
  -8.37841254624631034953e-04
  -9.76664922262259318012e-04
  -8.26809853813795887431e-04
  -4.31682848753732570802e-04
  +9.19841164034202878356e-05
  +5.88529963223234425448e-04
  +9.09805074774779976368e-04
  +9.59679932942935427949e-04
  +7.23087304314300833782e-04
  +2.70692363813797721561e-04
  -2.62299600090113577133e-04
  -7.16782286496508275718e-04
  -9.57483466996997354542e-04
  -9.13325666496488629276e-04
  -5.98278241871849419606e-04
  -1.06596945225204402675e-04
  +4.15832951471487900514e-04
  +8.15157759009021163146e-04
  +9.74979359009005958590e-04
  +8.50038501581569039614e-04
  +4.78449672640622386197e-04
  -3.06329854714998484956e-05
  -5.29727307437442384956e-04
  -8.76088221851852337260e-04
  -9.72414929999999648989e-04
  -7.93601773183175694150e-04
  -3.92350737588582573496e-04
  +1.17253076216221536251e-04
  +5.92847532982993213717e-04
  +9.03776789389391758955e-04
  +9.66657648888887281909e-04
  +7.66949460950947068012e-04
  +3.61202667229215538310e-04
  -1.39864153441450695184e-04
  -6.02175137287290843102e-04
  -9.04275053823824911600e-04
  -9.68815965495491864846e-04
  -7.81537844434427989883e-04
  -3.93354092392384001396e-04
  +9.43044329069236844740e-05
  +5.56492040210219713475e-04
  +8.76810110810813544101e-04
  +9.76328594954953407278e-04
  +8.32329048608598191100e-04
  +4.82648732532521042033e-04
  +1.50926774174092143919e-05
  -4.54997741641648167140e-04
  -8.13228577577584650464e-04
  -9.73693915315314837723e-04
  -8.99067178818814820469e-04
  -6.08716363643637043725e-04
  -1.73257324864849198863e-04
  +3.02850268328338785139e-04
  +7.06349717577584371164e-04
  +9.41918983543546333402e-04
  +9.54379389249244047995e-04
  +7.41327038098089745322e-04
  +3.53395022522510007541e-04
  -1.17798340840864822297e-04
  -5.61164010070081117551e-04
  -8.72137707567571416820e-04
  -9.77169844404402907975e-04
  -8.51061814674663628597e-04
  -5.23108891951938625477e-04
  -7.05398873473326800971e-05
  +3.99354676956976300303e-04
  +7.74383960600610139410e-04
  +9.64122488888889640421e-04
  +9.21820434434427946058e-04
  +6.56261820720702333809e-04
  +2.30503593853835611919e-04
  -2.52541640440453714692e-04
  -6.74560875435444668932e-04
  -9.30675977337341430590e-04
  -9.55716056756750892420e-04
  -7.41334217387373795548e-04
  -3.39370082056030236001e-04
  +1.49896228028049570326e-04
  +6.02191653243256113520e-04
  +9.00633367897902973112e-04
  +9.66212991761755332631e-04
  +7.79393825975960665743e-04
  +3.86768634422405080137e-04
  -1.09615696758776705625e-04
  -5.78137714204223591638e-04
  -8.92334515755762044086e-04
  -9.65396539139133820495e-04
  -7.74935676126104573333e-04
  -3.70763123513487876780e-04
  +1.37186580681703158575e-04
  +6.08180121531547569595e-04
  +9.09617892962970211318e-04
  +9.54822295925918020781e-04
  +7.28775245375358894477e-04
  +2.93929298784762458880e-04
  -2.26277862830859889968e-04
  -6.82101965045061502460e-04
  -9.40713428078080826471e-04
  -9.25419335585576387747e-04
  -6.39117065585560230334e-04
  -1.64579636356330081832e-04
  +3.59051134764788563731e-04
  +7.76999560390408128274e-04
  +9.64864538068067271320e-04
  +8.66084864074059845342e-04
  +5.09392347837813569932e-04
  +7.15213763752345147528e-07
  -5.08263090100118239065e-04
  -8.65515593603612522558e-04
  -9.64332081781773989108e-04
  -7.75364387647636279198e-04
  -3.55329747534505690186e-04
  +1.70217999404411346898e-04
  +6.44725559519533425110e-04
  +9.27529461801803465151e-04
  +9.35604547917900973911e-04
  +6.67705400810791123607e-04
  +2.03923504444406607661e-04
  -3.18819262022036146315e-04
  -7.47643789990006012516e-04
  -9.58566912072072487006e-04
  -8.92082739849840451046e-04
  -5.69310522012004757708e-04
  -8.45276780179722911617e-05
  +4.23104369109129105180e-04
  +8.09910723073089850073e-04
  +9.68310723993993233139e-04
  +8.56186179079064068990e-04
  +5.07158262762757799068e-04
  +1.95858038438144622234e-05
  -4.71905233913939598390e-04
  -8.33913864034052784366e-04
  -9.70252233243241567900e-04
  -8.46798443953934222052e-04
  -4.99020261151139100930e-04
  -2.08732843843585759512e-05
  +4.61259768748761909800e-04
  +8.22201222642665748540e-04
  +9.70199945765764680192e-04
  +8.69559808318296628693e-04
  +5.48323252001983924876e-04
  +8.96719266666335800432e-05
  -3.90174407667678499727e-04
  -7.71576127287300654253e-04
  -9.61058505105106273061e-04
  -9.13657173543523312698e-04
  -6.42873325215192743635e-04
  -2.16263129369329633626e-04
  +2.61827117277295743063e-04
  +6.75896746646667610607e-04
  +9.27014120000002432576e-04
  +9.56067826626626096446e-04
  +7.57223350950926750447e-04
  +3.78669393468454150865e-04
  -8.92713839890156395096e-05
  -5.35704859809815270646e-04
  -8.55289721111118913729e-04
  -9.72856049529529807660e-04
  -8.60869998478472754459e-04
  -5.45773802432430988306e-04
  -1.01780693723689229517e-04
  +3.66440219239252127411e-04
  +7.48222338078093399637e-04
  +9.52887442582583455743e-04
  +9.31247677497490898568e-04
  +6.87572833153154657805e-04
  +2.79097694264243115139e-04
  -1.97017846126147432939e-04
  -6.26436267747772375890e-04
  -9.04906741051055181491e-04
  -9.63642625815810754085e-04
  -7.86661232042038492673e-04
  -4.15659452422405771826e-04
  +5.91426533833925874794e-05
  +5.20391740390424681513e-04
  +8.52338639819829073027e-04
  +9.70002520980978275196e-04
  +8.41426355585577954131e-04
  +4.97100703333310097939e-04
  +2.36339777277226626708e-05
  -4.57326914684699596669e-04
  -8.20026508518522929785e-04
  -9.67643261131130192829e-04
  -8.58752373993982762689e-04
  -5.19837671051020622053e-04
  -3.98814039239107101477e-05
  +4.52245298918941185298e-04
  +8.22090609519521482197e-04
  +9.66598700610609286137e-04
  +8.43529519249232675494e-04
  +4.84735245195156089562e-04
  -1.11013492692909429181e-05
  -5.04968829069097724198e-04
  -8.56349839079084272815e-04
  -9.63558075235231990992e-04
  -7.93889035675664775718e-04
  -3.94420811959910583809e-04
  +1.20309703693723601611e-04
  +6.00774139339371846154e-04
  +9.05951302442448581226e-04
  +9.45143110330321444511e-04
  +7.05534836486477697805e-04
  +2.56913164340315171730e-04
  -2.68309818102118488418e-04
  -7.14137440720753725008e-04
  -9.47543175945949776515e-04
  -8.98510080710692728666e-04
  -5.81336599609592235074e-04
  -9.06002092191849522137e-05
  +4.27120758478488529285e-04
  +8.17244237117136212295e-04
  +9.63557872942941216581e-04
  +8.22916550780751444513e-04
  +4.37826057837811192641e-04
  -7.67308095295717056865e-05
  -5.68024890000015398456e-04
  -8.91204711981992934999e-04
  -9.52031273093090885627e-04
  -7.34051308628602162953e-04
  -3.02439555753717889425e-04
  +2.16152027941990436876e-04
  +6.71294708938958008086e-04
  +9.32612599009017607422e-04
  +9.26873496456450209936e-04
  +6.57841066426402185617e-04
  +2.03714224384360316532e-04
  -3.06421996816870609217e-04
  -7.29804663173195308085e-04
  -9.49973868978985780398e-04
  -9.08315027457447265492e-04
  -6.18770313083052037224e-04
  -1.62323274414396964910e-04
  +3.36473743323364613781e-04
  +7.43914685515541609408e-04
  +9.52883803333340784376e-04
  +9.10422055485472694197e-04
  +6.30217910460450494656e-04
  +1.87386269087062336128e-04
  -3.02401369671675480152e-04
  -7.13471712532543302955e-04
  -9.42260663243245258185e-04
  -9.32851555295283012270e-04
  -6.89832863183168637500e-04
  -2.75780462246214984248e-04
  +2.05446758611422701036e-04
  +6.35020370870888282294e-04
  +9.08371292192193232132e-04
  +9.60220799039034067501e-04
  +7.79576808248231395947e-04
  +4.11440731531495431511e-04
  -5.48048341141330619679e-05
  -5.07257614754780716999e-04
  -8.38257984444449591108e-04
  -9.69723315125125238934e-04
  -8.71210750240239049057e-04
  -5.66655643213189418039e-04
  -1.28391226396370127481e-04
  +3.40029007257292850089e-04
  +7.28158691441453155557e-04
  +9.44500267917924092760e-04
  +9.37912339549546846679e-04
  +7.09654083513498192513e-04
  +3.13263365177161444593e-04
  -1.57770620738784025363e-04
  -5.91783625855875935855e-04
  -8.85198633323338018170e-04
  -9.67198162532530787867e-04
  -8.16985665675659124794e-04
  -4.69417979589581185924e-04
  -7.41862404400735053072e-06
  +4.57333573994023515584e-04
  +8.11103406326350796947e-04
  +9.65926354234235783579e-04
  +8.81803665345329084312e-04
  +5.77620545745731635290e-04
  +1.27693134154124534772e-04
  -3.55705849549557868994e-04
  -7.49955158178201288996e-04
  -9.53189631051056473175e-04
  -9.11053516726710349745e-04
  -6.31997302592573096010e-04
  -1.86650105896859135968e-04
  +3.09229240165181311177e-04
  +7.24376337437456982449e-04
  +9.46801450590595262101e-04
  +9.14529442072053739415e-04
  +6.33738649619593479197e-04
  +1.78780812589542900714e-04
  -3.26669892795819884288e-04
  -7.42831219629654093684e-04
  -9.52600151801804261031e-04
  -8.95116263633622256772e-04
  -5.84306186596576663042e-04
  -1.06521538148091890127e-04
  +4.02781071621652840813e-04
  +7.97226732112138653831e-04
  +9.61857780280281349228e-04
  +8.47266093783765098478e-04
  +4.85176331021006644086e-04
  -1.96544044244719610188e-05
  -5.19389724264300643546e-04
  -8.66437684724749189111e-04
  -9.57389831211207615810e-04
  -7.64332558288259317908e-04
  -3.43857016826803389784e-04
  +1.79276438778816661753e-04
  +6.49163809039064168202e-04
  +9.25428098098116059742e-04
  +9.25428098098086352602e-04
  +6.49163809038997598189e-04
  +1.79276438778745782036e-04
  -3.43857016826870772949e-04
  -7.64332558288303228096e-04
  -9.57389831211214988385e-04
  -8.66437684724710374673e-04
  -5.19389724264210112664e-04
  -1.96544044243826769699e-05
  +4.85176331021068714660e-04
  +8.47266093783799359267e-04
  +9.61857780280278313462e-04
  +7.97226732112099297292e-04
  +4.02781071621604268556e-04
  -1.06521538148197342341e-04
  -5.84306186596618296406e-04
  -8.95116263633648819725e-04
  -9.52600151801799273701e-04
  -7.42831219629610075075e-04
  -3.26669892795787249803e-04
  +1.78780812589611205450e-04
  +6.33738649619633486257e-04
  +9.14529442072087891784e-04
  +9.46801450590585829542e-04
  +7.24376337437412421739e-04
  +3.09229240165149273003e-04
  -1.86650105896925868612e-04
  -6.31997302592598900021e-04
  -9.11053516726740165305e-04
  -9.53189631051045847994e-04
  -7.49955158178150114653e-04
  -3.55705849549527077652e-04
  +1.27693134154190481369e-04
  +5.77620545745758523504e-04
  +8.81803665345357381988e-04
  +9.65926354234232856233e-04
  +8.11103406326298538402e-04
  +4.57333573993966486550e-04
  -7.41862404408760690248e-06
  -4.69417979589609971492e-04
  -8.16985665675695120307e-04
  -9.67198162532533823633e-04
  -8.85198633323312973099e-04
  -5.91783625855837229837e-04
  -1.57770620738688967938e-04
  +3.13263365177206113722e-04
  +7.09654083513543078483e-04
  +9.37912339549555845557e-04
  +9.44500267917910865494e-04
  +7.28158691441432555716e-04
  +3.40029007257216901727e-04
  -1.28391226396433959884e-04
  -5.66655643213254470170e-04
  -8.71210750240253902626e-04
  -9.69723315125124696832e-04
  -8.38257984444434195437e-04
  -5.07257614754726615311e-04
  -5.48048341140828905124e-05
  +4.11440731531584607140e-04
  +7.79576808248271619847e-04
  +9.60220799039047511608e-04
  +9.08371292192182823791e-04
  +6.35020370870840252138e-04
  +2.05446758611390906807e-04
  -2.75780462246278626915e-04
  -6.89832863183206042475e-04
  -9.32851555295313044670e-04
  -9.42260663243235825626e-04
  -7.13471712532499934868e-04
  -3.02401369671644038289e-04
  +1.87386269087128580881e-04
  +6.30217910460476949189e-04
  +9.10422055485505220263e-04
  +9.52883803333327015009e-04
  +7.43914685515479484623e-04
  +3.36473743323288231738e-04
  -1.62323274414464998596e-04
  -6.18770313083106572594e-04
  -9.08315027457473720025e-04
  -9.49973868978976239419e-04
  -7.29804663173139580093e-04
  -3.06421996816772868391e-04
  +2.03714224384443827204e-04
  +6.57841066426455853625e-04
  +9.26873496456473086602e-04
  +9.32612599009002753853e-04
  +6.71294708938909652669e-04
  +2.16152027941901911769e-04
  -3.02439555753820888632e-04
  -7.34051308628661143552e-04
  -9.52031273093105630777e-04
  -8.91204711981969190972e-04
  -5.68024889999959670464e-04
  -7.67308095295004329462e-05
  +4.37826057837896519351e-04
  +8.22916550780812593516e-04
  +9.63557872942944577607e-04
  +8.17244237117104878852e-04
  +4.27120758478438330725e-04
  -9.06002092192427130844e-05
  -5.81336599609634302119e-04
  -8.98510080710731543104e-04
  -9.47543175945938934493e-04
  -7.14137440720717404236e-04
  -2.68309818102091600205e-04
  +2.56913164340371712874e-04
  +7.05534836486545460441e-04
  +9.45143110330334129676e-04
  +9.05951302442432101353e-04
  +6.00774139339308420327e-04
  +1.20309703693632013633e-04
  -3.94420811959956933452e-04
  -7.93889035675686785022e-04
  -9.63558075235243375115e-04
  -8.56349839079050337287e-04
  -5.04968829069051103504e-04
  -1.11013492692424672225e-05
  +4.84735245195238272087e-04
  +8.43529519249277995145e-04
  +9.66598700610610695599e-04
  +8.22090609519495244505e-04
  +4.52245298918871308468e-04
  -3.98814039240009767548e-05
  -5.19837671051062038576e-04
  -8.58752373994011494046e-04
  -9.67643261131132144393e-04
  -8.20026508518490620560e-04
  -4.57326914684689025698e-04
  +2.36339777277438283301e-05
  +4.97100703333388702597e-04
  +8.41426355585622081160e-04
  +9.70002520980982503584e-04
  +8.52338639819810099489e-04
  +5.20391740390354533632e-04
  +5.91426533833359717972e-05
  -4.15659452422425179045e-04
  -7.86661232042072861882e-04
  -9.63642625815825824495e-04
  -9.04906741051029702740e-04
  -6.26436267747740500346e-04
  -1.97017846126096177282e-04
  +2.79097694264297379457e-04
  +6.87572833153194881706e-04
  +9.31247677497509872106e-04
  +9.52887442582577817891e-04
  +7.48222338078043851597e-04
  +3.66440219239184310565e-04
  -1.01780693723742138583e-04
  -5.45773802432450612365e-04
  -8.60869998478500943716e-04
  -9.72856049529535445511e-04
  -8.55289721111101024394e-04
  -5.35704859809773203602e-04
  -8.92713839889412767931e-05
  +3.78669393468535194977e-04
  +7.57223350950956349166e-04
  +9.56067826626634444803e-04
  +9.27014119999983242197e-04
  +6.75896746646595944844e-04
  +2.61827117277245165032e-04
  -2.16263129369404958572e-04
  -6.42873325215262240995e-04
  -9.13657173543568957609e-04
  -9.61058505105103996237e-04
  -7.71576127287276910226e-04
  -3.90174407667630252731e-04
  +8.96719266667549293713e-05
  +5.48323252002022414053e-04
  +8.69559808318342924126e-04
  +9.70199945765767607538e-04
  +8.22201222642609803708e-04
  +4.61259768748743369943e-04
  -2.08732843844149815692e-05
  -4.99020261151220849774e-04
  -8.46798443953998515241e-04
  -9.70252233243246338390e-04
  -8.33913864034018740418e-04
  -4.71905233913863704238e-04
  +1.95858038439055114890e-05
  +5.07158262762778941010e-04
  +8.56186179079115677014e-04
  +9.68310723993997461527e-04
  +8.09910723073030218953e-04
  +4.23104369109089802851e-04
  -8.45276780180669149063e-05
  -5.69310522012054631008e-04
  -8.92082739849852268850e-04
  -9.58566912072069884920e-04
  -7.47643789989960476025e-04
  -3.18819262021949355931e-04
  +2.03923504444453228355e-04
  +6.67705400810839262184e-04
  +9.35604547917930681050e-04
  +9.27529461801790454725e-04
  +6.44725559519492550688e-04
  +1.70217999404366271193e-04
  -3.55329747534599527884e-04
  -7.75364387647693308232e-04
  -9.64332081781786349013e-04
  -8.65515593603596367946e-04
  -5.08263090100061426871e-04
  +7.15213763811532739388e-07
  +5.09392347837841433927e-04
  +8.66084864074103321849e-04
  +9.64864538068069548145e-04
  +7.76999560390350123458e-04
  +3.59051134764758748171e-04
  -1.64579636356391285044e-04
  -6.39117065585613139400e-04
  -9.25419335585610648535e-04
  -9.40713428078073020215e-04
  -6.82101965045021712240e-04
  -2.26277862830769413297e-04
  +2.93929298784847026649e-04
  +7.28775245375390986861e-04
  +9.54822295925931356468e-04
  +9.09617892962951996721e-04
  +6.08180121531465061810e-04
  +1.37186580681659953118e-04
  -3.70763123513562253050e-04
  -7.74935676126159433963e-04
  -9.65396539139157022422e-04
  -8.92334515755754454670e-04
  -5.78137714204180440392e-04
  -1.09615696758681526227e-04
  +3.86768634422495719439e-04
  +7.79393825976000998064e-04
  +9.66212991761769752520e-04
  +9.00633367897881505909e-04
  +6.02191653243202228672e-04
  +1.49896228028009942737e-04
  -3.39370082056118761108e-04
  -7.41334217387432559306e-04
  -9.55716056756784827948e-04
  -9.30675977337333841174e-04
  -6.74560875435405529234e-04
  -2.52541640440399992474e-04
  +2.30503593853924516497e-04
  +6.56261820720722716810e-04
  +9.21820434434447678537e-04
  +9.64122488888886062554e-04
  +7.74383960600564602919e-04
  +3.99354676956928053306e-04
  -7.05398873473773085690e-05
  -5.23108891952004111288e-04
  -8.51061814674706671423e-04
  -9.77169844404407027944e-04
  -8.72137707567546805430e-04
  -5.61164010070027449543e-04
  -1.17798340840784171208e-04
  +3.53395022522530336331e-04
  +7.41327038098131487105e-04
  +9.54379389249263021533e-04
  +9.41918983543533539816e-04
  +7.06349717577548375652e-04
  +3.02850268328287990267e-04
  -1.73257324864938022126e-04
  -6.08716363643702529536e-04
  -8.99067178818835637151e-04
  -9.73693915315316464026e-04
  -8.13228577577552341239e-04
  -4.54997741641558178360e-04
  +1.50926774174493959408e-05
  +4.82648732532589888871e-04
  +8.32329048608644594953e-04
  +9.76328594954970754513e-04
  +8.76810110810805954686e-04
  +5.56492040210176562229e-04
  +9.43044329068177714743e-05
  -3.93354092392411269080e-04
  -7.81537844434469840087e-04
  -9.68815965495507477358e-04
  -9.04275053823805504381e-04
  -6.02175137287285530512e-04
  -1.39864153441409088926e-04
  +3.61202667229307912335e-04
  +7.66949460951005398089e-04
  +9.66657648888899641813e-04
  +9.03776789389381784295e-04
  +5.92847532982938136246e-04
  +1.17253076216160238170e-04
  -3.92350737588608973819e-04
  -7.93601773183193258225e-04
  -9.72414930000011249953e-04
  -8.76088221851823497482e-04
  -5.29727307437423628259e-04
  -3.06329854714202477273e-05
  +4.78449672640682938888e-04
  +8.50038501581630947558e-04
  +9.74979359009009102777e-04
  +8.15157759008994925454e-04
  +4.15832951471402411173e-04
  -1.06596945225301452322e-04
  -5.98278241871906231800e-04
  -9.13325666496512048043e-04
  -9.57483466996995294558e-04
  -7.16782286496464690791e-04
  -2.62299600090071184828e-04
  +2.70692363813883915633e-04
  +7.23087304314363283828e-04
  +9.59679932942976627631e-04
  +9.09805074774771519591e-04
  +5.88529963223187371074e-04
  +9.19841164033612259223e-05
  -4.31682848753829552686e-04
  -8.26809853813851507003e-04
  -9.76664922262270810555e-04
  -8.37841254624594714180e-04
  -4.52454184594535758004e-04
  +6.51779770370747155899e-05
  +5.62984942702728910144e-04
  +8.96139320520555958220e-04
  +9.69133053213217638376e-04
  +7.62686493603587849048e-04
  +3.38035732222163312274e-04
  -1.82038007667726487544e-04
  -6.49323022762842653327e-04
  -9.32610522872879491724e-04
  -9.54218701971969326080e-04
  -7.10525973873851507574e-04
  -2.71330079579512053415e-04
  +2.41033800760813839105e-04
  +6.86332025705741572905e-04
  +9.44865495665699267960e-04
  +9.49159275285279798243e-04
  +7.00677988498478519601e-04
  +2.67719940830807821841e-04
  -2.34198192092152131108e-04
  -6.73633227207295708604e-04
  -9.37605892312325475170e-04
  -9.60133984804802434986e-04
  -7.37880228738710701106e-04
  -3.29478917667591186379e-04
  +1.60647868128139804629e-04
  +6.09366574834875303693e-04
  +9.05719615775824895242e-04
  +9.77933244844850398103e-04
  +8.10130116486465707074e-04
  +4.45071513403371798838e-04
  -2.72710898499226209017e-05
  -4.92158113273332689305e-04
  -8.37910495395416832914e-04
  -9.82434120000017429772e-04
  -8.92265824624607147182e-04
  -5.89874151751682614803e-04
  -1.47761412987963295989e-04
  +3.29030255360419725524e-04
  +7.27791876826866307101e-04
  +9.54576202592627084953e-04
  +9.56087180660656352563e-04
  +7.32032110590562180505e-04
  +3.35140444073997727670e-04
  -1.41134471441518806380e-04
  -5.84412866886929727173e-04
  -8.89693324064085673195e-04
  -9.84109319459468582722e-04
  -8.44374724544545728934e-04
  -5.02760190510486500333e-04
  -4.00254795494751322614e-05
  +4.33264310090152818949e-04
  +8.02857028508534320034e-04
  +9.78320509819827167572e-04
  +9.15382841031019307831e-04
  +6.27572488298266798791e-04
  +1.84009867837819652550e-04
  -3.06549685415479780063e-04
  -7.21944978628671560350e-04
  -9.56944225405443054007e-04
  -9.50223201661660717490e-04
  -7.01027081311284211776e-04
  -2.70853991621588922369e-04
  +2.30878639889964184248e-04
  +6.74118641411456851441e-04
  +9.41799656666686088070e-04
  +9.61168356226224174579e-04
  +7.24356032652618024234e-04
  +2.92193962342310006083e-04
  -2.20479612092115912284e-04
  -6.74781805425478972520e-04
  -9.45382126036088069748e-04
  -9.55581082992991979498e-04
  -6.99921421151114249784e-04
  -2.47438563513464892824e-04
  +2.76130708628722840170e-04
  +7.22874179419427860017e-04
  +9.64606240480501086164e-04
  +9.30228250410397995533e-04
  +6.27472143783730810715e-04
  +1.42134796444392565162e-04
  -3.85652897387427767966e-04
  -8.01730215415476644807e-04
  -9.83205346486505735865e-04
  -8.75310062282272567137e-04
  -5.08548890540523970162e-04
  +9.42529461868185469795e-06
  +5.25212915699807374181e-04
  +8.85209007287304197771e-04
  +9.81665878648657359157e-04
  +7.85297983613591306026e-04
  +3.54403591601521719603e-04
  -1.82420766756765208912e-04
  -6.64828786506550871264e-04
  -9.48866969849898123437e-04
  -9.50103893963959926332e-04
  -6.68703457687656530051e-04
  -1.88965672452416535553e-04
  +3.46325304024105236518e-04
  +7.78780430540591643573e-04
  +9.81456258528540714456e-04
  +8.95978990810793077086e-04
  +5.48882685004957265006e-04
  +4.27277379358280163255e-05
  -4.74854073988011712165e-04
  -8.54619743974019906683e-04
  -9.88724856266276919819e-04
  -8.40860913873843918848e-04
  -4.55233213573519692515e-04
  +5.75400749149683680256e-05
  +5.52876801621711498440e-04
  +8.93291755265314857577e-04
  +9.86312177287294476399e-04
  +8.08863005435421804010e-04
  +4.11924131901840343082e-04
  -9.50603492093325268307e-05
  -5.75024549129165250816e-04
  -9.00511762592641701666e-04
  -9.87151025555564089198e-04
  -8.14717155585546141255e-04
  -4.30781298848832217615e-04
  +6.32839301121738821189e-05
  +5.39638127429472626295e-04
  +8.77154905725782132672e-04
  +9.91849602182195326863e-04
  +8.57051365105090208127e-04
  +5.08712037357291878975e-04
  +3.51070510349640028426e-05
  -4.45983012064911951526e-04
  -8.16633403903927325256e-04
  -9.87387128028051211728e-04
  -9.18300228468459469634e-04
  -6.27652999439417538449e-04
  -1.86627513313243663731e-04
  +2.98417972252311197636e-04
  +7.11623015155184710824e-04
  +9.55089115575584370749e-04
  +9.71726433243243702641e-04
  +7.58282476966918965455e-04
  +3.65697660230211870312e-04
  -1.13134224054116586783e-04
  -5.65261955205247968760e-04
  -8.84129181931987695453e-04
  -9.94484722372373630001e-04
  -8.70024186396383411926e-04
  -5.39688723153089683696e-04
  -8.11173907026324674452e-05
  +3.97325427045094783495e-04
  +7.81890397627653496899e-04
  +9.80339829519548747183e-04
  +9.44126625995990605665e-04
  +6.80548743753734493474e-04
  +2.51792098708638570782e-04
  -2.39217662242303838417e-04
  -6.73103654074164821017e-04
  -9.42888251171182284645e-04
  -9.80527210090093893913e-04
  -7.74550327006987612138e-04
  -3.74147848047975994153e-04
  +1.21798852832836646963e-04
  +5.88547205905949762615e-04
  +9.06641499519577633535e-04
  +9.92707664084095664503e-04
  +8.21938661871853687435e-04
  +4.36074709999974827798e-04
  -6.58285242333097643259e-05
  -5.52132011436491502467e-04
  -8.92901797897921109537e-04
  -9.94921650790806183853e-04
  -8.27940618248227452186e-04
  -4.34583774744661541570e-04
  +7.95056774004199558409e-05
  +5.73370680083145202281e-04
  +9.09240689099128198206e-04
  +9.91364386036049701628e-04
  +7.94116153523496525607e-04
  +3.70899199609569379943e-04
  -1.59432535926023436108e-04
  -6.45478418969038718160e-04
  -9.46547247627657693629e-04
  -9.73872985485486918934e-04
  -7.17540913603564780437e-04
  -2.50717066756643905661e-04
  +2.90684144164201068317e-04
  +7.47407106646718645548e-04
  +9.83920782822850269536e-04
  +9.29109721101089333466e-04
  +5.98176637367356118374e-04
  +8.88263987086453159171e-05
  -4.47458183023138390301e-04
  -8.50602462692762791713e-04
  -1.00000000000001975330e-03
</dep>
<dep V3.It time>
  -1.00000000000000002082e-03
  -8.63553959059059142445e-04
  -4.91744667119119074732e-04
  +1.39614069309312011346e-05
  +5.15662170790790971332e-04
  +8.76677685105104994093e-04
  +9.98817341861861886579e-04
  +8.49074233723723327191e-04
  +4.68484742712712372206e-04
  -3.92096888288296320708e-05
  -5.35936140380380483285e-04
  -8.86903218588588936402e-04
  -9.97178671801801511446e-04
  -8.37296092882882227008e-04
  -4.50997864022021103733e-04
  +5.68825056576584674336e-05
  +5.48997275035035614890e-04
  +8.92688504254254659720e-04
  +9.95717433783783328893e-04
  +8.30899125165164868442e-04
  +4.43094281461461013925e-04
  -6.31855970810814483339e-05
  -5.52083052342343871474e-04
  -8.92901636036036536886e-04
  -9.94988499219218516800e-04
  -8.31697114834833214209e-04
  -4.47138685153151147281e-04
  +5.59263935675674583349e-05
  +5.43681123033034350081e-04
  +8.86883281231231755844e-04
  +9.95040258708708305960e-04
  +8.40113717647646466267e-04
  +4.63591633499498044849e-04
  -3.47963276396410955667e-05
  -5.23605231571573994688e-04
  -8.74360847737738647138e-04
  -9.95253242612611837767e-04
  -8.55028779999997831998e-04
  -4.90907455759758771033e-04
  +1.43061756756846540733e-06
  +4.93062046676677337778e-04
  +8.55580019569569805160e-04
  +9.94565911561561466145e-04
  +8.74075581411408149626e-04
  +5.25826767773769220178e-04
  +4.07729918378332880096e-05
  -4.54679510080083519510e-04
  -8.31592585715717276702e-04
  -9.91997471321320618137e-04
  -8.94298071321318719003e-04
  -5.64014831081077164417e-04
  -8.71094628228187480576e-05
  +4.12363049569572793617e-04
  +8.04479850520522046277e-04
  +9.87205261351351264637e-04
  +9.12928161751749606308e-04
  +6.00892807117113926345e-04
  +1.32274595765762150541e-04
  -3.70858220630633560275e-04
  -7.77273368068069603863e-04
  -9.80775734834834610892e-04
  -9.27985775715713871563e-04
  -6.32429075035032223044e-04
  -1.71197874414411315043e-04
  +3.35030050790793387620e-04
  +7.53477669859861057429e-04
  +9.74077562732732758245e-04
  +9.38490991431427780747e-04
  +6.55673975615609630138e-04
  +1.99802446636629735125e-04
  -3.09021044454460276207e-04
  -7.36310257757760992965e-04
  -9.68736384684684703750e-04
  -9.44281117617614372539e-04
  -6.68955703703697683940e-04
  -2.15533393393387321616e-04
  +2.95512082482484491740e-04
  +7.27920482862865858391e-04
  +9.65985821261261296163e-04
  +9.45629504374371500884e-04
  +6.71829407077075371237e-04
  +2.17613122702697169746e-04
  -2.95259105205206823751e-04
  -7.28857556696699444843e-04
  -9.66202778318318313520e-04
  -9.42940742432429412738e-04
  -6.64959608318310018728e-04
  -2.07075455675669864095e-04
  +3.06980813473481438467e-04
  +7.37954288568571357444e-04
  +9.68829224504504440962e-04
  +9.36704207827825053798e-04
  +6.50059066966959136526e-04
  +1.86632434084078792803e-04
  -3.27595198108115547974e-04
  -7.52644081291293804564e-04
  -9.72687654864864666496e-04
  -9.27690567157150240522e-04
  -6.29859055345337120156e-04
  -1.60370451441428873941e-04
  +3.52752865875883430975e-04
  +7.69586954624630159398e-04
  +9.76508242012011514442e-04
  +9.17198136906900132921e-04
  +6.07970436726718802684e-04
  +1.33245448438426463810e-04
  -3.77561160290297364531e-04
  -7.85381874064065518305e-04
  -9.79391565675675817779e-04
  -9.07105389099096756644e-04
  -5.88503192402395651148e-04
  -1.10396821111107307938e-04
  +3.97339518188193985618e-04
  +7.97128526476478002465e-04
  +9.80979931021020356771e-04
  +8.99592025365363295170e-04
  +5.75435803183177094211e-04
  +9.63871449549516713532e-05
  -4.08243279529534801135e-04
  -8.02698227247248597728e-04
  -9.81284420240239544514e-04
  -8.96584994634632976955e-04
  -5.71871482542536039954e-04
  -9.45176854053951358021e-05
  +4.07669292212217953663e-04
  +8.00743676596600713856e-04
  +9.80316979099098411571e-04
  +8.99151185055049244170e-04
  +5.79393176246240245407e-04
  +1.06338471321311607044e-04
  -3.94469637687693008583e-04
  -7.90617854634638743579e-04
  -9.77789952372371679035e-04
  -9.07105867907902077910e-04
  -5.97708588668656643807e-04
  -1.31411395675665388294e-04
  +3.69055564324335494235e-04
  +7.72386516476481063340e-04
  +9.73102863063062635193e-04
  +9.19025118698693415861e-04
  +6.24697122102090712271e-04
  +1.67352597807798007812e-04
  -3.33427357387398393476e-04
  -7.46992699039043914384e-04
  -9.65663268648648751014e-04
  -9.32683141571567092543e-04
  -6.56864903013001238952e-04
  -2.10174509309292857195e-04
  +2.91066885925937842913e-04
  +7.16454171651656587967e-04
  +9.55380500480481199659e-04
  +9.45750819539536253730e-04
  +6.90095233633630832440e-04
  +2.54913097027025361066e-04
  -2.46584790120130668313e-04
  -6.83873966696700976223e-04
  -9.43045043213213600788e-04
  -9.56467043883883305359e-04
  -7.20472855255246177192e-04
  -2.96437495855848874918e-04
  +2.05085179619624626826e-04
  +6.53099780330339816682e-04
  +9.30343319729731331111e-04
  +9.64001898538536248010e-04
  +7.44925736096092297109e-04
  +3.30251712252237542271e-04
  -1.71350730534544523588e-04
  -6.28045943753757903924e-04
  -9.19443867357358285072e-04
  -9.68388254284279327913e-04
  -7.61519381011003236061e-04
  -3.53097743135126430816e-04
  +1.49049168264281931733e-04
  +6.11871044764774403742e-04
  +9.12317326426428476353e-04
  +9.70125888488485867665e-04
  +7.69422653573559930246e-04
  +3.63276535840827163350e-04
  -1.40147056891901073501e-04
  -6.06275664134139696468e-04
  -9.10086207477481322174e-04
  -9.69724818818814659864e-04
  -7.68723167667658530654e-04
  -3.60734018204182606184e-04
  +1.44624952062078930082e-04
  +6.11130871111119963052e-04
  +9.12677960000002428537e-04
  +9.67456695555548706195e-04
  +7.60294334354341206153e-04
  +3.47010463405392590493e-04
  -1.60504252750762031353e-04
  -6.24529112522536613769e-04
  -9.18908663993997227963e-04
  -9.63432103783778406511e-04
  -7.45795288088068751738e-04
  -3.25095295525504692554e-04
  +1.84161721659675364478e-04
  +6.43223051391401392726e-04
  +9.26932999459463536317e-04
  +9.57912773783776527563e-04
  +7.27714333343330442745e-04
  +2.99143965975960711510e-04
  -2.10890024714737806194e-04
  -6.63310687777790303904e-04
  -9.34841590720722937120e-04
  -9.51620229659653842601e-04
  -7.09272898348328934871e-04
  -2.73993666036016151732e-04
  +2.35619143093110773937e-04
  +6.80955366046063158801e-04
  +9.41134828708711725261e-04
  +9.45799325045037315648e-04
  +6.94055539259243875483e-04
  +2.54488432552524702739e-04
  -2.53659558558564464034e-04
  -6.92935781681682915617e-04
  -9.44886216756756890794e-04
  -9.41937819539535414574e-04
  -6.85384502522517558357e-04
  -2.44726711831826408087e-04
  +2.61322494774787956236e-04
  +6.96924998078083963310e-04
  +9.45592137777778425980e-04
  +9.41245902822820902298e-04
  +6.85608546586575356985e-04
  +2.47392793333323709071e-04
  -2.56340710550555489055e-04
  -6.91552637767770678190e-04
  -9.42887648378380066085e-04
  -9.44144891661657980134e-04
  -6.95539551521514340209e-04
  -2.63306812702685248857e-04
  +2.38102387617629906395e-04
  +6.76406960940946445568e-04
  +9.36377496396397575491e-04
  +9.50026454154147856172e-04
  +7.14231633213203292998e-04
  +2.91272657045036622789e-04
  -2.07740352828836554594e-04
  -6.52107177777788661263e-04
  -9.25744642042044358840e-04
  -9.57423577337334730068e-04
  -7.39192424084078136652e-04
  -3.28260454648632629942e-04
  +1.68069717227238774656e-04
  +6.20437347297305439101e-04
  +9.11105891621626301849e-04
  +9.64542435415410848165e-04
  +7.66979541321312959651e-04
  +3.69918123123110019305e-04
  -1.23306041041065892350e-04
  -5.84390592372383628657e-04
  -8.93399632612615736751e-04
  -9.69924675405402767804e-04
  -7.93998158108094619946e-04
  -4.11329871381366739529e-04
  +7.85122954895045382061e-05
  +5.47941192852870423251e-04
  +8.74530729489495710187e-04
  +9.72933896296293522152e-04
  +8.17229955555545651245e-04
  +4.47844253729707902044e-04
  -3.88293807687875095467e-05
  -5.15476152732744158716e-04
  -8.57106143843849215339e-04
  -9.73842531431428097208e-04
  -8.34655589569558114919e-04
  -4.75756046276258734353e-04
  +8.65974063065741410806e-06
  +4.90997424394412477523e-04
  +8.43809851621628846143e-04
  +9.73504179909907537208e-04
  +8.45292192322306609742e-04
  +4.92701751591571109230e-04
  +9.00146592590796688644e-06
  -4.77325748788803654564e-04
  -8.36653980900911630261e-04
  -9.72813348988986687296e-04
  -8.48969292372359161242e-04
  -4.97778801081053099038e-04
  -1.29710008808548660979e-05
  +4.75534187207224878433e-04
  +8.36401643363372305530e-04
  +9.72251672212209113073e-04
  +8.46078994894879587128e-04
  +4.91509648648628949541e-04
  +4.00275863861672142631e-06
  -4.84748131851875949192e-04
  -8.42374550270280414085e-04
  -9.71749373253250731640e-04
  -8.37487868548535542394e-04
  -4.75761770720693429916e-04
  +1.53361685385635952076e-05
  +5.02340345795816451552e-04
  +8.52696350780793527538e-04
  +9.70902866996992911647e-04
  +8.24628465555540292320e-04
  +4.53628823513489742077e-04
  -4.10189559659768153660e-05
  -5.24457691701718888878e-04
  -8.64852908918927799388e-04
  -9.69390927387381285373e-04
  -8.09617445785775803613e-04
  -4.29181608546519704084e-04
  +6.81243866166234544358e-05
  +5.46738556356371517911e-04
  +8.76333590270273170980e-04
  +9.67324690020011598336e-04
  +7.95189878288272695810e-04
  +4.07001438936902275485e-04
  -9.15501020440587524787e-05
  -5.65029319339360172267e-04
  -8.85102806666668599431e-04
  -9.65309626666662921532e-04
  -7.84329955195189822310e-04
  -3.91509772882840526628e-04
  +1.06747893079101570184e-04
  +5.75926210710737311940e-04
  +8.89759318318322713244e-04
  +9.64168089359353740198e-04
  +7.79654362832829061873e-04
  +3.86224421756728995055e-04
  -1.10344631436466670952e-04
  -5.77072578498530851243e-04
  -8.89424427027033837924e-04
  -9.64471310410403492516e-04
  -7.82752821541532559785e-04
  -3.93122192288263634825e-04
  +1.00570091483499074458e-04
  +5.67275001631670498965e-04
  +8.83553444474484373991e-04
  +9.66145764254246653020e-04
  +7.93734697507493861500e-04
  +4.12260195999968168026e-04
  -7.74816281681806246807e-05
  -5.46566516876896492556e-04
  -8.71888059699705273743e-04
  -9.68388534944937453414e-04
  -8.11164750300282259496e-04
  -4.41746490930892369165e-04
  +4.29904387988191253353e-05
  +5.16287840240266617843e-04
  +8.54642979819824634945e-04
  +9.69969572742742335014e-04
  +8.32434762492471023998e-04
  +4.78084985315300960325e-04
  -6.60244174202440545366e-07
  -4.79126660060066032233e-04
  -8.32825619339348072710e-04
  -9.69793768748748946998e-04
  -8.54455553033026983523e-04
  -5.16838257297295706853e-04
  -4.47627379379017122205e-05
  +4.38964057167180081789e-04
  +8.08449422852866258528e-04
  +9.67445520900900909206e-04
  +8.74421017357347772972e-04
  +5.53451186216218061174e-04
  +8.80630128027802257327e-05
  -4.00414629609629818194e-04
  -7.84415293873892672215e-04
  -9.63430265465466052939e-04
  -8.90359824784772236131e-04
  -5.84007050810805969018e-04
  -1.24375731451433087747e-04
  +3.68093173253261781407e-04
  +7.63999431471496025063e-04
  +9.58979241661663331375e-04
  +9.01296498278263049503e-04
  +6.05718436486475208906e-04
  +1.49916368518492190091e-04
  -3.45787575645650302556e-04
  -7.50094433303313563172e-04
  -9.55514356476477432628e-04
  -9.07050062982965154407e-04
  -6.17096599519501780133e-04
  -1.62473756036001681013e-04
  +3.35763214274286238628e-04
  +7.44476170810826087289e-04
  +9.54043754574575037647e-04
  +9.07882291311299023141e-04
  +6.17903404654630492021e-04
  +1.61634756946904453159e-04
  -3.38362454834854225246e-04
  -7.47354918258278213064e-04
  -9.54780286376377706516e-04
  -9.04253201151140710567e-04
  -6.09052501171157317957e-04
  -1.48788218928878212708e-04
  +3.51963657867894550574e-04
  +7.57350614324348611443e-04
  +9.57147101211213119192e-04
  +8.96824977167153024674e-04
  +5.92551020150140425602e-04
  +1.26949606616592034804e-04
  -3.73286622912927853329e-04
  -7.71878121891919990495e-04
  -9.60134673443445397709e-04
  -8.86659056726708002909e-04
  -5.71432245255238616816e-04
  -1.00400349359326638708e-04
  +3.97974490780790622450e-04
  +7.87789160750770986637e-04
  +9.62800492702704140482e-04
  +8.75399561771748489433e-04
  +5.49542900810787052039e-04
  +7.41299633132725424535e-05
  -4.21324322222239009989e-04
  -8.02035734354370919916e-04
  -9.64640360640640838648e-04
  -8.65222932212193957847e-04
  -5.31086003663632714826e-04
  -5.31294542341854815026e-05
  +4.38996575285308901927e-04
  +8.12133580270290407130e-04
  +9.65642768308308313205e-04
  +8.58464163303287964776e-04
  +5.19950356456435692012e-04
  +4.16585890089523974093e-05
  -4.47556138808839201401e-04
  -8.16327126997020910415e-04
  -9.66025701141141044694e-04
  -8.57019787167147750404e-04
  -5.18982888288273096211e-04
  -4.26256506506059431520e-05
  +4.44794377377414620282e-04
  +8.13530827327355520948e-04
  +9.65842250550550968785e-04
  +8.61764396896890568119e-04
  +5.29405719129107435982e-04
  +5.71704762862822201720e-05
  -4.29890266906921632468e-04
  -8.03238614054059400262e-04
  -9.64719174344345984512e-04
  -8.72233130320310677021e-04
  -5.50543103843815942282e-04
  -8.44870905505385903431e-05
  +4.03499034995016955460e-04
  +7.85571396336338196795e-04
  +9.61917691791794055717e-04
  +8.86723012712700643830e-04
  +5.79944346756723150618e-04
  +1.21907371201181443190e-04
  -3.67784924234263843178e-04
  -7.61483632222228969295e-04
  -9.56719440530533465211e-04
  -9.02797968638637611700e-04
  -6.13891603123099187204e-04
  -1.65271097737710269664e-04
  +3.26310641891929432024e-04
  +7.32975533783795994529e-04
  +9.48942901751757177456e-04
  +9.18009667797794397075e-04
  +6.48168423993976503157e-04
  +2.09568476630613676577e-04
  -2.83668106112157901184e-04
  -7.03082458288306448579e-04
  -9.39296882532541133233e-04
  -9.30542697247241953722e-04
  -6.78865505135112625237e-04
  -2.49746842792783279273e-04
  +2.44825557861898441582e-04
  +6.75497023243267825411e-04
  +9.29345084454466898241e-04
  +9.39525672562555968885e-04
  +7.02980401741714407311e-04
  +2.81489594906889756525e-04
  -2.14312313179208780139e-04
  -6.53869808738745308258e-04
  -9.21057070520531445505e-04
  -9.44922440390382530756e-04
  -7.18673855765733634801e-04
  -3.01788089263238664631e-04
  +1.95448784252289929804e-04
  +6.41003811531544237176e-04
  +9.16138899619628726406e-04
  +9.47139158558553385069e-04
  +7.25227196486449452936e-04
  +3.09238313297264904005e-04
  -1.89802317998043733067e-04
  -6.38208734774793552853e-04
  -9.15444205555567317410e-04
  -9.46618629379375963427e-04
  -7.22882119879860157025e-04
  -3.04113427579556295285e-04
  +1.96955507665719399676e-04
  +6.45011588378403204029e-04
  +9.18717080210224197601e-04
  +9.43663608978973552505e-04
  +7.12740159399373918343e-04
  +2.88295734874859631031e-04
  -2.14594287257301765933e-04
  -6.59292356846877041984e-04
  -9.24755830350365917725e-04
  -9.38563195615607919094e-04
  -6.96766019639608004052e-04
  -2.65091895419396249636e-04
  +2.38886446898934636483e-04
  +6.77783488588611679297e-04
  +9.31894644644660954252e-04
  +9.31894644644634066039e-04
  +6.77783488588550313454e-04
  +2.38886446898867768314e-04
  -2.65091895419462657019e-04
  -6.96766019639655817368e-04
  -9.38563195615624182126e-04
  -9.24755830350341414756e-04
  -6.59292356846801906774e-04
  -2.14594287257218173945e-04
  +2.88295734874925496313e-04
  +7.12740159399420647457e-04
  +9.43663608978988514495e-04
  +9.18717080210203380919e-04
  +6.45011588378364714852e-04
  +1.96955507665618650189e-04
  -3.04113427579604813332e-04
  -7.22882119879906235617e-04
  -9.46618629379383010741e-04
  -9.15444205555546067048e-04
  -6.38208734774768182522e-04
  -1.89802317997976783583e-04
  +3.09238313297314452045e-04
  +7.25227196486517974514e-04
  +9.47139158558564010250e-04
  +9.16138899619607801304e-04
  +6.41003811531518975265e-04
  +1.95448784252223386896e-04
  -3.01788089263271082276e-04
  -7.18673855765792290139e-04
  -9.44922440390398034847e-04
  -9.21057070520507267797e-04
  -6.53869808738720805288e-04
  -2.14312313179142887752e-04
  +2.81489594906922391011e-04
  +7.02980401741761895366e-04
  +9.39525672562569087731e-04
  +9.29345084454440552128e-04
  +6.75497023243220337356e-04
  +2.44825557861818373252e-04
  -2.49746842792816076389e-04
  -6.78865505135161631176e-04
  -9.30542697247251711541e-04
  -9.39296882532526388083e-04
  -7.03082458288271428849e-04
  -2.83668106112061840871e-04
  +2.09568476630661842258e-04
  +6.48168423994027677500e-04
  +9.18009667797805672777e-04
  +9.48942901751745793333e-04
  +7.32975533783774418906e-04
  +3.26310641891849309484e-04
  -1.65271097737777002308e-04
  -6.13891603123164456175e-04
  -9.02797968638650730547e-04
  -9.56719440530525225275e-04
  -7.61483632222208803135e-04
  -3.67784924234202260495e-04
  +1.21907371201233796602e-04
  +5.79944346756806092084e-04
  +8.86723012712729483607e-04
  +9.61917691791787984185e-04
  +7.85571396336319331677e-04
  +4.03499034994956511189e-04
  -8.44870905505723632407e-05
  -5.50543103843872862896e-04
  -8.72233130320335396830e-04
  -9.64719174344342189804e-04
  -8.03238614054033813090e-04
  -4.29890266906861892929e-04
  +5.71704762863162031339e-05
  +5.29405719129165657638e-04
  +8.61764396896907264832e-04
  +9.65842250550549993003e-04
  +8.13530827327303696084e-04
  +4.44794377377325769914e-04
  -4.26256506506887084353e-05
  -5.18982888288332185230e-04
  -8.57019787167181902772e-04
  -9.66025701141141044694e-04
  -8.16327126996986649626e-04
  -4.47556138808762656728e-04
  +4.16585890090552136565e-05
  +5.19950356456507574616e-04
  +8.58464163303322008725e-04
  +9.65642768308308313205e-04
  +8.12133580270255712660e-04
  +4.38996575285249108177e-04
  -5.31294542342745080535e-05
  -5.31086003663721619404e-04
  -8.65222932212234615429e-04
  -9.64640360640639646025e-04
  -8.02035734354335141244e-04
  -4.21324322222178511508e-04
  +7.41299633133414977116e-05
  +5.49542900810863271452e-04
  +8.75399561771797170111e-04
  +9.62800492702701538397e-04
  +7.87789160750737593210e-04
  +3.97974490780741616512e-04
  -1.00400349359381797494e-04
  -5.71432245255279057557e-04
  -8.86659056726748443650e-04
  -9.60134673443439976698e-04
  -7.71878121891889199153e-04
  -3.73286622912903350360e-04
  +1.26949606616647220694e-04
  +5.92551020150214585031e-04
  +8.96824977167173624515e-04
  +9.57147101211208240282e-04
  +7.57350614324301231808e-04
  +3.51963657867812855940e-04
  -1.48788218928925782079e-04
  -6.09052501171185398793e-04
  -9.04253201151177790282e-04
  -9.54780286376369358159e-04
  -7.47354918258245795419e-04
  -3.38362454834810857159e-04
  +1.61634756946993764313e-04
  +6.17903404654696519933e-04
  +9.07882291311312900929e-04
  +9.54043754574569182955e-04
  +7.44476170810778382393e-04
  +3.35763214274204435574e-04
  -1.62473756036048437232e-04
  -6.17096599519546882943e-04
  -9.07050062982998656254e-04
  -9.55514356476470818995e-04
  -7.50094433303306299017e-04
  -3.45787575645630895337e-04
  +1.49916368518581284404e-04
  +6.05718436486541345239e-04
  +9.01296498278287010371e-04
  +9.58979241661659970349e-04
  +7.63999431471446043343e-04
  +3.68093173253209306021e-04
  -1.24375731451454582055e-04
  -5.84007050810852589712e-04
  -8.90359824784809099005e-04
  -9.63430265465462691912e-04
  -7.84415293873868494506e-04
  -4.00414629609581245936e-04
  +8.80630128028382305489e-05
  +5.53451186216265874490e-04
  +8.74421017357375420127e-04
  +9.67445520900901126046e-04
  +8.08449422852822890441e-04
  +4.38964057167112264943e-04
  -4.47627379379572301480e-05
  -5.16838257297316740375e-04
  -8.54455553033057124343e-04
  -9.69793768748753934328e-04
  -8.32825619339327906550e-04
  -4.79126660060019899431e-04
  -6.60244174123556261109e-07
  +4.78084985315382167068e-04
  +8.32434762492497370111e-04
  +9.69969572742746021302e-04
  +8.54642979819788747853e-04
  +5.16287840240176520643e-04
  +4.29904387987634989876e-05
  -4.41746490930965552812e-04
  -8.11164750300337987488e-04
  -9.68388534944954366968e-04
  -8.71888059699693239099e-04
  -5.46566516876861472826e-04
  -7.74816281681249373467e-05
  +4.12260196000084990810e-04
  +7.93734697507523026538e-04
  +9.66145764254262916053e-04
  +8.83553444474458244719e-04
  +5.67275001631576173376e-04
  +1.00570091483477132917e-04
  -3.93122192288317628094e-04
  -7.82752821541593058266e-04
  -9.64471310410426369182e-04
  -8.89424427027016165428e-04
  -5.77072578498471870645e-04
  -1.10344631436377115853e-04
  +3.86224421756814972288e-04
  +7.79654362832844782805e-04
  +9.64168089359372930576e-04
  +8.89759318318298101855e-04
  +5.75926210710643420032e-04
  +1.06747893079057361841e-04
  -3.91509772882928238583e-04
  -7.84329955195227010445e-04
  -9.65309626666667692022e-04
  -8.85102806666650167994e-04
  -5.65029319339300541147e-04
  -9.15501020439679098891e-05
  +4.07001438936945047261e-04
  +7.95189878288310859726e-04
  +9.67324690020026343486e-04
  +8.76333590270250185894e-04
  +5.46738556356326848781e-04
  +6.81243866165791512246e-05
  -4.29181608546607090780e-04
  -8.09617445785826435854e-04
  -9.69390927387390826352e-04
  -8.64852908918911753196e-04
  -5.24457691701665112451e-04
  -4.10189559659205317207e-05
  +4.53628823513516955552e-04
  +8.24628465555587346694e-04
  +9.70902866997003970509e-04
  +8.52696350780751785754e-04
  +5.02340345795790647540e-04
  +1.53361685385051905919e-05
  -4.75761770720750350530e-04
  -8.37487868548584223072e-04
  -9.71749373253257887374e-04
  -8.42374550270256019537e-04
  -4.84748131851800868192e-04
  +4.00275863869975352503e-06
  +4.91509648648667113457e-04
  +8.46078994894905716401e-04
  +9.72251672212217027749e-04
  +8.36401643363325576416e-04
  +4.75534187207189316601e-04
  -1.29710008809304773409e-05
  -4.97778801081124439541e-04
  -8.48969292372416623957e-04
  -9.72813348988989506222e-04
  -8.36653980900887777813e-04
  -4.77325748788724833066e-04
  +9.00146592600201126051e-06
  +4.92701751591624994078e-04
  +8.45292192322342496834e-04
  +9.73504179909917403447e-04
  +8.43809851621598596902e-04
  +4.90997424394379192517e-04
  +8.65974063056543141219e-06
  -4.75756046276334249034e-04
  -8.34655589569625769135e-04
  -9.73842531431434277160e-04
  -8.57106143843826338673e-04
  -5.15476152732697863283e-04
  -3.88293807686961248561e-05
  +4.47844253729732025542e-04
  +8.17229955555575683646e-04
  +9.72933896296310652546e-04
  +8.74530729489465569367e-04
  +5.47941192852826513063e-04
  +7.85122954894587984269e-05
  -4.11329871381438893184e-04
  -7.93998158108146336390e-04
  -9.69924675405409489858e-04
  -8.93399632612594703229e-04
  -5.84390592372329418548e-04
  -1.23306041040980511429e-04
  +3.69918123123131703349e-04
  +7.66979541321355135115e-04
  +9.64542435415427436458e-04
  +9.11105891621604834646e-04
  +6.20437347297262287854e-04
  +1.68069717227182640088e-04
  -3.28260454648723540294e-04
  -7.39192424084137767772e-04
  -9.57423577337348499436e-04
  -9.25744642042036661005e-04
  -6.52107177777739330064e-04
  -2.07740352828729245684e-04
  +2.91272657045077985102e-04
  +7.14231633213262707277e-04
  +9.50026454154175286487e-04
  +9.36377496396383372443e-04
  +6.76406960940931158317e-04
  +2.38102387617574368138e-04
  -2.63306812702795295378e-04
  -6.95539551521537216874e-04
  -9.44144891661681398901e-04
  -9.42887648378373127191e-04
  -6.91552637767722105933e-04
  -2.56340710550548387531e-04
  +2.47392793333366914528e-04
  +6.85608546586651684818e-04
  +9.41245902822853103102e-04
  +9.45592137777773763911e-04
  +6.96924998078059460341e-04
  +2.61322494774716724154e-04
  -2.44726711831888695502e-04
  -6.85384502522539242400e-04
  -9.41937819539545389234e-04
  -9.44886216756751903464e-04
  -6.92935781681626537104e-04
  -2.53659558558542021049e-04
  +2.54488432552602819505e-04
  +6.94055539259294182464e-04
  +9.45799325045075371145e-04
  +9.41134828708708581074e-04
  +6.80955366046026187507e-04
  +2.35619143093018887803e-04
  -2.73993666036108742597e-04
  -7.09272898348378157650e-04
  -9.51620229659671081415e-04
  -9.34841590720712203519e-04
  -6.63310687777743466370e-04
  -2.10890024714696118621e-04
  +2.99143965976042622984e-04
  +7.27714333343389748604e-04
  +9.57912773783816968304e-04
  +9.26932999459456814263e-04
  +6.43223051391359650943e-04
  +1.84161721659620422533e-04
  -3.25095295525600048135e-04
  -7.45795288088129358639e-04
  -9.63432103783799114773e-04
  -9.18908663993979230207e-04
  -6.24529112522475898447e-04
  -1.60504252750716223811e-04
  +3.47010463405432814394e-04
  +7.60294334354400945693e-04
  +9.67456695555590122718e-04
  +9.12677959999993538079e-04
  +6.11130871111067053986e-04
  +1.44624952062007616684e-04
  -3.60734018204293899537e-04
  -7.68723167667678263133e-04
  -9.69724818818833741822e-04
  -9.10086207477469179110e-04
  -6.06275664134084402157e-04
  -1.40147056891841794747e-04
  +3.63276535840883216602e-04
  +7.69422653573631812850e-04
  +9.70125888488509936954e-04
  +9.12317326426419369055e-04
  +6.11871044764747840788e-04
  +1.49049168264206796522e-04
  -3.53097743135240380464e-04
  -7.61519381011033376881e-04
  -9.68388254284305565606e-04
  -9.19443867357347551471e-04
  -6.28045943753695887560e-04
  -1.71350730534523300330e-04
  +3.30251712252298853904e-04
  +7.44925736096168841782e-04
  +9.64001898538568557234e-04
  +9.30343319729722223813e-04
  +6.53099780330305122213e-04
  +2.05085179619548922409e-04
  -2.96437495855921299623e-04
  -7.20472855255282497965e-04
  -9.56467043883916048265e-04
  -9.43045043213205794533e-04
  -6.83873966696635381991e-04
  -2.46584790120095377532e-04
  +2.54913097027090033726e-04
  +6.90095233633676911032e-04
  +9.45750819539578754455e-04
  +9.55380500480476646009e-04
  +7.16454171651621351397e-04
  +2.91066885925844113635e-04
  -2.10174509309390516705e-04
  -6.56864903013055774321e-04
  -9.32683141571590619730e-04
  -9.65663268648648208912e-04
  -7.46992699039040878618e-04
  -3.33427357387358820097e-04
  +1.67352597807887318966e-04
  +6.24697122102161510673e-04
  +9.19025118698718352511e-04
  +9.73102863063064044656e-04
  +7.72386516476447778333e-04
  +3.69055564324281934648e-04
  -1.31411395675695773060e-04
  -5.97708588668728526411e-04
  -9.07105867907938398682e-04
  -9.77789952372379051609e-04
  -7.90617854634629419440e-04
  -3.94469637687646875780e-04
  +1.06338471321358349710e-04
  +5.79393176246314513256e-04
  +8.99151185055086215464e-04
  +9.80316979099102965220e-04
  +8.00743676596563850982e-04
  +4.07669292212158322544e-04
  -9.45176854054419055733e-05
  -5.71871482542564120791e-04
  -8.96584994634671249292e-04
  -9.81284420240251687578e-04
  -8.02698227247235912563e-04
  -4.08243279529475712117e-04
  +9.63871449550078330257e-05
  +5.75435803183267516672e-04
  +8.99592025365371209845e-04
  +9.80979931021025994622e-04
  +7.97128526476436585942e-04
  +3.97339518188120801971e-04
  -1.10396821111164418288e-04
  -5.88503192402438368713e-04
  -9.07105389099144678380e-04
  -9.79391565675681238790e-04
  -7.85381874064048713172e-04
  -3.77561160290272265251e-04
  +1.33245448438500243768e-04
  +6.07970436726825054496e-04
  +9.17198136906921274863e-04
  +9.76508242012016176511e-04
  +7.69586954624601536461e-04
  +3.52752865875798917415e-04
  -1.60370451441449527992e-04
  -6.29859055345388402919e-04
  -9.27690567157208679019e-04
  -9.72687654864867919102e-04
  -7.52644081291266482669e-04
  -3.27595198108076137225e-04
  +1.86632434084162547420e-04
  +6.50059066967022562353e-04
  +9.36704207827846087320e-04
  +9.68829224504505742005e-04
  +7.37954288568535795613e-04
  +3.06980813473380336615e-04
  -2.07075455675699435709e-04
  -6.64959608318374745597e-04
  -9.42940742432457168314e-04
  -9.66202778318318638781e-04
  -7.28857556696662365128e-04
  -2.95259105205159173065e-04
  +2.17613122702797241606e-04
  +6.71829407077144977016e-04
  +9.45629504374400123821e-04
  +9.65985821261261296163e-04
  +7.27920482862824550288e-04
  +2.95512082482375421002e-04
  -2.15533393393432559952e-04
  -6.68955703703773903353e-04
  -9.44281117617650368051e-04
  -9.68736384684685787952e-04
  -7.36310257757747332018e-04
  -3.09021044454400102986e-04
  +1.99802446636683376027e-04
  +6.55673975615693547386e-04
  +9.38490991431467028866e-04
  +9.74077562732734601389e-04
  +7.53477669859817038821e-04
  +3.35030050790727251288e-04
  -1.71197874414464359634e-04
  -6.32429075035064532269e-04
  -9.27985775715757564910e-04
  -9.80775734834838947701e-04
  -7.77273368068052256628e-04
  -3.70858220630565851850e-04
  +1.32274595765827311091e-04
  +6.00892807117150789219e-04
  +9.12928161751763267255e-04
  +9.87205261351358854052e-04
  +8.04479850520478895030e-04
  +4.12363049569551163784e-04
  -8.71094628228881776542e-05
  -5.64014831081126170355e-04
  -8.94298071321379109064e-04
  -9.91997471321322352861e-04
  -8.31592585715699170526e-04
  -4.54679510080007787988e-04
  +4.07729918379135799567e-05
  +5.25826767773824080808e-04
  +8.74075581411434821000e-04
  +9.94565911561578596539e-04
  +8.55580019569552024244e-04
  +4.93062046676650557984e-04
  +1.43061756748750853933e-06
  -4.90907455759821112658e-04
  -8.55028780000075569294e-04
  -9.95253242612618126139e-04
  -8.74360847737721083063e-04
  -5.23605231571539083378e-04
  -3.47963276395522655275e-05
  +4.63591633499503411649e-04
  +8.40113717647682787040e-04
  +9.95040258708736061535e-04
  +8.86883281231214191768e-04
  +5.43681123032997378787e-04
  +5.59263935675359419330e-05
  -4.47138685153229480888e-04
  -8.31697114834878100179e-04
  -9.94988499219230009343e-04
  -8.92901636036018755971e-04
  -5.52083052342300394967e-04
  -6.31855970809783000497e-05
  +4.43094281461480637985e-04
  +8.30899125165213874381e-04
  +9.95717433783797857202e-04
  +8.92688504254235360921e-04
  +5.48997275034988452096e-04
  +5.68825056576109387208e-05
  -4.50997864022115158272e-04
  -8.37296092882938171841e-04
  -9.97178671801817557638e-04
  -8.86903218588581672248e-04
  -5.35936140380327465799e-04
  -3.92096888287089603690e-05
  +4.68484742712747283516e-04
  +8.49074233723783608832e-04
  +9.98817341861879233814e-04
  +8.76677685105079406921e-04
  +5.15662170790778503007e-04
  +1.39614069308685105321e-05
  -4.91744667119227928630e-04
  -8.63553959059123544054e-04
  -1.00000000000001801857e-03
</dep>
<dep Vin3.Vt time>
  +1.00000000000000000000e+00
  +8.63553959059059073056e-01
  +4.91744667119119016618e-01
  -1.39614069309312010397e-02
  -5.15662170790790908015e-01
  -8.76677685105105020114e-01
  -9.98817341861861773822e-01
  -8.49074233723723259537e-01
  -4.68484742712712343149e-01
  +3.92096888288296294145e-02
  +5.35936140380380510173e-01
  +8.86903218588588893034e-01
  +9.97178671801801419505e-01
  +8.37296092882882203590e-01
  +4.50997864022021077712e-01
  -5.68825056576584692225e-02
  -5.48997275035035592339e-01
  -8.92688504254254611148e-01
  -9.95717433783783301138e-01
  -8.30899125165164842421e-01
  -4.43094281461461014793e-01
  +6.31855970810814432381e-02
  +5.52083052342343894026e-01
  +8.92901636036036561173e-01
  +9.94988499219218502923e-01
  +8.31697114834833217678e-01
  +4.47138685153151138607e-01
  -5.59263935675674561665e-02
  -5.43681123033034285896e-01
  -8.86883281231231723751e-01
  -9.95040258708708269531e-01
  -8.40113717647646418563e-01
  -4.63591633499498056992e-01
  +3.47963276396410919888e-02
  +5.23605231571574014637e-01
  +8.74360847737738589025e-01
  +9.95253242612611832563e-01
  +8.55028779999997823325e-01
  +4.90907455759758748481e-01
  -1.43061756756846544629e-03
  -4.93062046676677301349e-01
  -8.55580019569569749649e-01
  -9.94565911561561488696e-01
  -8.74075581411408175647e-01
  -5.25826767773769243597e-01
  -4.07729918378332903406e-02
  +4.54679510080083504331e-01
  +8.31592585715717258488e-01
  +9.91997471321320656301e-01
  +8.94298071321318666094e-01
  +5.64014831081077194774e-01
  +8.71094628228187423113e-02
  -4.12363049569572759356e-01
  -8.04479850520522066226e-01
  -9.87205261351351337495e-01
  -9.12928161751749622788e-01
  -6.00892807117113902926e-01
  -1.32274595765762142952e-01
  +3.70858220630633561576e-01
  +7.77273368068069570036e-01
  +9.80775734834834600484e-01
  +9.27985775715713834266e-01
  +6.32429075035032206564e-01
  +1.71197874414411310706e-01
  -3.35030050790793398896e-01
  -7.53477669859861087787e-01
  -9.74077562732732715745e-01
  -9.38490991431427779013e-01
  -6.55673975615609583301e-01
  -1.99802446636629743582e-01
  +3.09021044454460269701e-01
  +7.36310257757760933117e-01
  +9.68736384684684703750e-01
  +9.44281117617614351722e-01
  +6.68955703703697723839e-01
  +2.15533393393387312509e-01
  -2.95512082482484506052e-01
  -7.27920482862865814155e-01
  -9.65985821261261312642e-01
  -9.45629504374371432363e-01
  -6.71829407077075391186e-01
  -2.17613122702697170396e-01
  +2.95259105205206817679e-01
  +7.28857556696699382393e-01
  +9.66202778318318244999e-01
  +9.42940742432429424014e-01
  +6.64959608318310024799e-01
  +2.07075455675669872768e-01
  -3.06980813473481439768e-01
  -7.37954288568571370455e-01
  -9.68829224504504371573e-01
  -9.36704207827825041655e-01
  -6.50059066966959142597e-01
  -1.86632434084078785430e-01
  +3.27595198108115548408e-01
  +7.52644081291293787217e-01
  +9.72687654864864637005e-01
  +9.27690567157150258737e-01
  +6.29859055345337148779e-01
  +1.60370451441428862882e-01
  -3.52752865875883447888e-01
  -7.69586954624630115163e-01
  -9.76508242012011473676e-01
  -9.17198136906900107768e-01
  -6.07970436726718799214e-01
  -1.33245448438426450366e-01
  +3.77561160290297348485e-01
  +7.85381874064065454988e-01
  +9.79391565675675868086e-01
  +9.07105389099096770522e-01
  +5.88503192402395680638e-01
  +1.10396821111107309998e-01
  -3.97339518188193963066e-01
  -7.97128526476478027618e-01
  -9.80979931021020323811e-01
  -8.99592025365363312517e-01
  -5.75435803183177108089e-01
  -9.63871449549516673416e-02
  +4.08243279529534819350e-01
  +8.02698227247248596861e-01
  +9.81284420240239541045e-01
  +8.96584994634632925781e-01
  +5.71871482542536058169e-01
  +9.45176854053951381873e-02
  -4.07669292212217926341e-01
  -8.00743676596600728601e-01
  -9.80316979099098317896e-01
  -8.99151185055049206873e-01
  -5.79393176246240204641e-01
  -1.06338471321311606177e-01
  +3.94469637687692997741e-01
  +7.90617854634638739242e-01
  +9.77789952372371762301e-01
  +9.07105867907902041480e-01
  +5.97708588668656615184e-01
  +1.31411395675665398919e-01
  -3.69055564324335505511e-01
  -7.72386516476481044258e-01
  -9.73102863063062595295e-01
  -9.19025118698693410657e-01
  -6.24697122102090718343e-01
  -1.67352597807798014751e-01
  +3.33427357387398370925e-01
  +7.46992699039043861475e-01
  +9.65663268648648709380e-01
  +9.32683141571567064787e-01
  +6.56864903013001266707e-01
  +2.10174509309292850689e-01
  -2.91066885925937823831e-01
  -7.16454171651656590569e-01
  -9.55380500480481176240e-01
  -9.45750819539536213831e-01
  -6.90095233633630789072e-01
  -2.54913097027025359331e-01
  +2.46584790120130681323e-01
  +6.83873966696700974488e-01
  +9.43045043213213585176e-01
  +9.56467043883883261124e-01
  +7.20472855255246180661e-01
  +2.96437495855848887061e-01
  -2.05085179619624635716e-01
  -6.53099780330339774181e-01
  -9.30343319729731277334e-01
  -9.64001898538536239336e-01
  -7.44925736096092250271e-01
  -3.30251712252237539236e-01
  +1.71350730534544526407e-01
  +6.28045943753757884842e-01
  +9.19443867357358279868e-01
  +9.68388254284279326178e-01
  +7.61519381011003249071e-01
  +3.53097743135126429515e-01
  -1.49049168264281939322e-01
  -6.11871044764774385527e-01
  -9.12317326426428487629e-01
  -9.70125888488485799144e-01
  -7.69422653573559878204e-01
  -3.63276535840827141666e-01
  +1.40147056891901072850e-01
  +6.06275664134139691264e-01
  +9.10086207477481257122e-01
  +9.69724818818814671140e-01
  +7.68723167667658469071e-01
  +3.60734018204182604883e-01
  -1.44624952062078926396e-01
  -6.11130871111119966521e-01
  -9.12677960000002452823e-01
  -9.67456695555548695786e-01
  -7.60294334354341239113e-01
  -3.47010463405392599601e-01
  +1.60504252750762022028e-01
  +6.24529112522536622443e-01
  +9.18908663993997176789e-01
  +9.63432103783778415185e-01
  +7.45795288088068719645e-01
  +3.25095295525504701661e-01
  -1.84161721659675370333e-01
  -6.43223051391401345889e-01
  -9.26932999459463502490e-01
  -9.57912773783776483327e-01
  -7.27714333343330466164e-01
  -2.99143965975960712811e-01
  +2.10890024714737805978e-01
  +6.63310687777790342068e-01
  +9.34841590720722925845e-01
  +9.51620229659653871224e-01
  +7.09272898348328961760e-01
  +2.73993666036016159104e-01
  -2.35619143093110772202e-01
  -6.80955366046063104157e-01
  -9.41134828708711679290e-01
  -9.45799325045037275750e-01
  -6.94055539259243903238e-01
  -2.54488432552524679320e-01
  +2.53659558558564479647e-01
  +6.92935781681682905209e-01
  +9.44886216756756880386e-01
  +9.41937819539535370339e-01
  +6.85384502522517591316e-01
  +2.44726711831826398980e-01
  -2.61322494774787972283e-01
  -6.96924998078083945963e-01
  -9.45592137777778396490e-01
  -9.41245902822820834643e-01
  -6.85608546586575329229e-01
  -2.47392793333323701699e-01
  +2.56340710550555461733e-01
  +6.91552637767770650434e-01
  +9.42887648378380016645e-01
  +9.44144891661657936766e-01
  +6.95539551521514365362e-01
  +2.63306812702685244520e-01
  -2.38102387617629890348e-01
  -6.76406960940946433425e-01
  -9.36377496396397557277e-01
  -9.50026454154147881326e-01
  -7.14231633213203265242e-01
  -2.91272657045036631462e-01
  +2.07740352828836544186e-01
  +6.52107177777788593609e-01
  +9.25744642042044318941e-01
  +9.57423577337334741344e-01
  +7.39192424084078147928e-01
  +3.28260454648632626906e-01
  -1.68069717227238762947e-01
  -6.20437347297305374916e-01
  -9.11105891621626251542e-01
  -9.64542435415410848165e-01
  -7.66979541321312963120e-01
  -3.69918123123110009765e-01
  +1.23306041041065878039e-01
  +5.84390592372383665953e-01
  +8.93399632612615679506e-01
  +9.69924675405402725303e-01
  +7.93998158108094598262e-01
  +4.11329871381366729555e-01
  -7.85122954895045299661e-02
  -5.47941192852870462282e-01
  -8.74530729489495728401e-01
  -9.72933896296293454498e-01
  -8.17229955555545672929e-01
  -4.47844253729707875156e-01
  +3.88293807687875094925e-02
  +5.15476152732744163920e-01
  +8.57106143843849199726e-01
  +9.73842531431428071187e-01
  +8.34655589569558098439e-01
  +4.75756046276258726113e-01
  -8.65974063065741428424e-03
  -4.90997424394412462778e-01
  -8.43809851621628803642e-01
  -9.73504179909907563228e-01
  -8.45292192322306568109e-01
  -4.92701751591571091016e-01
  -9.00146592590796677802e-03
  +4.77325748788803627676e-01
  +8.36653980900911586893e-01
  +9.72813348988986636989e-01
  +8.48969292372359185528e-01
  +4.97778801081053101640e-01
  +1.29710008808548663689e-02
  -4.75534187207224845473e-01
  -8.36401643363372304663e-01
  -9.72251672212209094859e-01
  -8.46078994894879587996e-01
  -4.91509648648628894030e-01
  -4.00275863861672149407e-03
  +4.84748131851875929677e-01
  +8.42374550270280408881e-01
  +9.71749373253250725568e-01
  +8.37487868548535518975e-01
  +4.75761770720693422110e-01
  -1.53361685385635954787e-02
  -5.02340345795816434205e-01
  -8.52696350780793532742e-01
  -9.70902866996992908177e-01
  -8.24628465555540257625e-01
  -4.53628823513489709551e-01
  +4.10189559659768152033e-02
  +5.24457691701718853317e-01
  +8.64852908918927743009e-01
  +9.69390927387381307057e-01
  +8.09617445785775768918e-01
  +4.29181608546519710590e-01
  -6.81243866166234557369e-02
  -5.46738556356371474543e-01
  -8.76333590270273132816e-01
  -9.67324690020011535019e-01
  -7.95189878288272700146e-01
  -4.07001438936902271148e-01
  +9.15501020440587509608e-02
  +5.65029319339360180940e-01
  +8.85102806666668628921e-01
  +9.65309626666662867756e-01
  +7.84329955195189776340e-01
  +3.91509772882840501040e-01
  -1.06747893079101568992e-01
  -5.75926210710737351839e-01
  -8.89759318318322667274e-01
  -9.64168089359353719381e-01
  -7.79654362832829073149e-01
  -3.86224421756728997224e-01
  +1.10344631436466666941e-01
  +5.77072578498530885938e-01
  +8.89424427027033837057e-01
  +9.64471310410403459557e-01
  +7.82752821541532584071e-01
  +3.93122192288263616611e-01
  -1.00570091483499074458e-01
  -5.67275001631670439117e-01
  -8.83553444474484361848e-01
  -9.66145764254246586233e-01
  -7.93734697507493813795e-01
  -4.12260195999968159786e-01
  +7.74816281681806190429e-02
  +5.46566516876896502097e-01
  +8.71888059699705286754e-01
  +9.68388534944937484639e-01
  +8.11164750300282233475e-01
  +4.41746490930892354854e-01
  -4.29904387988191277747e-02
  -5.16287840240266637792e-01
  -8.54642979819824621934e-01
  -9.69969572742742314198e-01
  -8.32434762492471058692e-01
  -4.78084985315300969866e-01
  +6.60244174202440493697e-04
  +4.79126660060066045244e-01
  +8.32825619339348066639e-01
  +9.69793768748748896691e-01
  +8.54455553033027004339e-01
  +5.16838257297295711190e-01
  +4.47627379379017115157e-02
  -4.38964057167180066177e-01
  -8.08449422852866250722e-01
  -9.67445520900900857164e-01
  -8.74421017357347785115e-01
  -5.53451186216218027347e-01
  -8.80630128027802272506e-02
  +4.00414629609629812990e-01
  +7.84415293873892638388e-01
  +9.63430265465466062480e-01
  +8.90359824784772269091e-01
  +5.84007050810805949936e-01
  +1.24375731451433088615e-01
  -3.68093173253261796152e-01
  -7.63999431471495960011e-01
  -9.58979241661663261986e-01
  -9.01296498278263080728e-01
  -6.05718436486475164671e-01
  -1.49916368518492187922e-01
  +3.45787575645650269163e-01
  +7.50094433303313601336e-01
  +9.55514356476477422220e-01
  +9.07050062982965088487e-01
  +6.17096599519501798348e-01
  +1.62473756036001670822e-01
  -3.35763214274286236893e-01
  -7.44476170810826065605e-01
  -9.54043754574575020300e-01
  -9.07882291311299050030e-01
  -6.17903404654630450388e-01
  -1.61634756946904462049e-01
  +3.38362454834854220476e-01
  +7.47354918258278155818e-01
  +9.54780286376377684832e-01
  +9.04253201151140717506e-01
  +6.09052501171157278925e-01
  +1.48788218928878196445e-01
  -3.51963657867894519349e-01
  -7.57350614324348581086e-01
  -9.57147101211213047200e-01
  -8.96824977167153036817e-01
  -5.92551020150140383969e-01
  -1.26949606616592020059e-01
  +3.73286622912927856799e-01
  +7.71878121891919954933e-01
  +9.60134673443445385566e-01
  +8.86659056726707972551e-01
  +5.71432245255238613346e-01
  +1.00400349359326637733e-01
  -3.97974490780790612909e-01
  -7.87789160750770989239e-01
  -9.62800492702704069359e-01
  -8.75399561771748491168e-01
  -5.49542900810787049437e-01
  -7.41299633132725399598e-02
  +4.21324322222238978330e-01
  +8.02035734354370921650e-01
  +9.64640360640640848189e-01
  +8.65222932212193929224e-01
  +5.31086003663632677529e-01
  +5.31294542341854830747e-02
  -4.38996575285308887615e-01
  -8.12133580270290367231e-01
  -9.65642768308308308001e-01
  -8.58464163303287897122e-01
  -5.19950356456435724972e-01
  -4.16585890089523971924e-02
  +4.47556138808839210075e-01
  +8.16327126997020924293e-01
  +9.66025701141141057704e-01
  +8.57019787167147772955e-01
  +5.18982888288273103150e-01
  +4.26256506506059451578e-02
  -4.44794377377414618113e-01
  -8.13530827327355487988e-01
  -9.65842250550550951438e-01
  -8.61764396896890549904e-01
  -5.29405719129107388277e-01
  -5.71704762862822180036e-02
  +4.29890266906921614254e-01
  +8.03238614054059385516e-01
  +9.64719174344345953287e-01
  +8.72233130320310690031e-01
  +5.50543103843815884169e-01
  +8.44870905505385877410e-02
  -4.03499034995016936378e-01
  -7.85571396336338212407e-01
  -9.61917691791793982858e-01
  -8.86723012712700597859e-01
  -5.79944346756723128067e-01
  -1.21907371201181446985e-01
  +3.67784924234263843612e-01
  +7.61483632222228923325e-01
  +9.56719440530533482558e-01
  +9.02797968638637593486e-01
  +6.13891603123099205419e-01
  +1.65271097737710259690e-01
  -3.26310641891929431591e-01
  -7.32975533783795984988e-01
  -9.48942901751757106332e-01
  -9.18009667797794359778e-01
  -6.48168423993976450248e-01
  -2.09568476630613675926e-01
  +2.83668106112157869525e-01
  +7.03082458288306400007e-01
  +9.39296882532541066446e-01
  +9.30542697247241923364e-01
  +6.78865505135112567991e-01
  +2.49746842792783252385e-01
  -2.44825557861898440715e-01
  -6.75497023243267769033e-01
  -9.29345084454466840995e-01
  -9.39525672562555924650e-01
  -7.02980401741714389097e-01
  -2.81489594906889739612e-01
  +2.14312313179208763225e-01
  +6.53869808738745339483e-01
  +9.21057070520531429025e-01
  +9.44922440390382534225e-01
  +7.18673855765733615719e-01
  +3.01788089263238634707e-01
  -1.95448784252289925467e-01
  -6.41003811531544176461e-01
  -9.16138899619628688242e-01
  -9.47139158558553351241e-01
  -7.25227196486449399160e-01
  -3.09238313297264921786e-01
  +1.89802317998043729164e-01
  +6.38208734774793562394e-01
  +9.15444205555567269705e-01
  +9.46618629379375908783e-01
  +7.22882119879860174372e-01
  +3.04113427579556283575e-01
  -1.96955507665719398158e-01
  -6.45011588378403222244e-01
  -9.18717080210224135151e-01
  -9.43663608978973500463e-01
  -7.12740159399373851556e-01
  -2.88295734874859599373e-01
  +2.14594287257301757910e-01
  +6.59292356846877036780e-01
  +9.24755830350365903847e-01
  +9.38563195615607859246e-01
  +6.96766019639607936398e-01
  +2.65091895419396261779e-01
  -2.38886446898934623473e-01
  -6.77783488588611704451e-01
  -9.31894644644660985477e-01
  -9.31894644644634007058e-01
  -6.77783488588550309117e-01
  -2.38886446898867760291e-01
  +2.65091895419462653116e-01
  +6.96766019639655787010e-01
  +9.38563195615624179524e-01
  +9.24755830350341367918e-01
  +6.59292356846801874681e-01
  +2.14594287257218158116e-01
  -2.88295734874925491109e-01
  -7.12740159399420591946e-01
  -9.43663608978988488474e-01
  -9.18717080210203373980e-01
  -6.45011588378364697505e-01
  -1.96955507665618645419e-01
  +3.04113427579604800322e-01
  +7.22882119879906248627e-01
  +9.46618629379383014211e-01
  +9.15444205555546064446e-01
  +6.38208734774768138287e-01
  +1.89802317997976782715e-01
  -3.09238313297314437733e-01
  -7.25227196486518010943e-01
  -9.47139158558564009383e-01
  -9.16138899619607816049e-01
  -6.41003811531518974398e-01
  -1.95448784252223395352e-01
  +3.01788089263271053220e-01
  +7.18673855765792235495e-01
  +9.44922440390397966326e-01
  +9.21057070520507226163e-01
  +6.53869808738720803554e-01
  +2.14312313179142871489e-01
  -2.81489594906922380169e-01
  -7.02980401741761906642e-01
  -9.39525672562569025281e-01
  -9.29345084454440528710e-01
  -6.75497023243220362509e-01
  -2.44825557861818365879e-01
  +2.49746842792816059475e-01
  +6.78865505135161639849e-01
  +9.30542697247251693327e-01
  +9.39296882532526411502e-01
  +7.03082458288271427982e-01
  +2.83668106112061835233e-01
  -2.09568476630661831850e-01
  -6.48168423994027631529e-01
  -9.18009667797805684053e-01
  -9.48942901751745782057e-01
  -7.32975533783774446661e-01
  -3.26310641891849328999e-01
  +1.65271097737777011849e-01
  +6.13891603123164486533e-01
  +9.02797968638650694118e-01
  +9.56719440530525155886e-01
  +7.61483632222208828289e-01
  +3.67784924234202226234e-01
  -1.21907371201233794000e-01
  -5.79944346756806061727e-01
  -8.86723012712729463658e-01
  -9.61917691791787987654e-01
  -7.85571396336319338616e-01
  -4.03499034994956484734e-01
  +8.44870905505723662765e-02
  +5.50543103843872838610e-01
  +8.72233130320335336982e-01
  +9.64719174344342178529e-01
  +8.03238614054033850387e-01
  +4.29890266906861884255e-01
  -5.71704762863162047060e-02
  -5.29405719129165674985e-01
  -8.61764396896907203249e-01
  -9.65842250550549952237e-01
  -8.13530827327303640573e-01
  -4.44794377377325744760e-01
  +4.26256506506887053454e-02
  +5.18982888288332167015e-01
  +8.57019787167181856802e-01
  +9.66025701141141057704e-01
  +8.16327126996986618401e-01
  +4.47556138808762660197e-01
  -4.16585890090552107834e-02
  -5.19950356456507556402e-01
  -8.58464163303321980969e-01
  -9.65642768308308308001e-01
  -8.12133580270255728273e-01
  -4.38996575285249102105e-01
  +5.31294542342745090835e-02
  +5.31086003663721606394e-01
  +8.65222932212234563387e-01
  +9.64640360640639626943e-01
  +8.02035734354335172469e-01
  +4.21324322222178526687e-01
  -7.41299633133414986874e-02
  -5.49542900810863210737e-01
  -8.75399561771797118936e-01
  -9.62800492702701515846e-01
  -7.87789160750737571526e-01
  -3.97974490780741596563e-01
  +1.00400349359381801939e-01
  +5.71432245255279025464e-01
  +8.86659056726748384669e-01
  +9.60134673443439945473e-01
  +7.71878121891889201756e-01
  +3.73286622912903320870e-01
  -1.26949606616647225898e-01
  -5.92551020150214546867e-01
  -8.96824977167173575943e-01
  -9.57147101211208273241e-01
  -7.57350614324301174562e-01
  -3.51963657867812862445e-01
  +1.48788218928925769502e-01
  +6.09052501171185367568e-01
  +9.04253201151177798955e-01
  +9.54780286376369358159e-01
  +7.47354918258245737306e-01
  +3.38362454834810866267e-01
  -1.61634756946993751736e-01
  -6.17903404654696508658e-01
  -9.07882291311312927817e-01
  -9.54043754574569136118e-01
  -7.44476170810778326015e-01
  -3.35763214274204413456e-01
  +1.62473756036048438967e-01
  +6.17096599519546873402e-01
  +9.07050062982998617223e-01
  +9.55514356476470760882e-01
  +7.50094433303306273864e-01
  +3.45787575645630895771e-01
  -1.49916368518581283320e-01
  -6.05718436486541333963e-01
  -9.01296498278286950523e-01
  -9.58979241661659931317e-01
  -7.63999431471445999975e-01
  -3.68093173253209282603e-01
  +1.24375731451454585308e-01
  +5.84007050810852579303e-01
  +8.90359824784809128495e-01
  +9.63430265465462620789e-01
  +7.84415293873868435526e-01
  +4.00414629609581240732e-01
  -8.80630128028382225258e-02
  -5.53451186216265877960e-01
  -8.74421017357375429668e-01
  -9.67445520900901079209e-01
  -8.08449422852822841001e-01
  -4.38964057167112231550e-01
  +4.47627379379572296059e-02
  +5.16838257297316694405e-01
  +8.54455553033057091383e-01
  +9.69793768748753892694e-01
  +8.32825619339327860580e-01
  +4.79126660060019915477e-01
  +6.60244174123556220452e-04
  -4.78084985315382182680e-01
  -8.32434762492497370978e-01
  -9.69969572742745977934e-01
  -8.54642979819788761731e-01
  -5.16287840240176487683e-01
  -4.29904387987634986623e-02
  +4.41746490930965518551e-01
  +8.11164750300337966671e-01
  +9.68388534944954360029e-01
  +8.71888059699693185323e-01
  +5.46566516876861419050e-01
  +7.74816281681249413582e-02
  -4.12260196000084955248e-01
  -7.93734697507523012661e-01
  -9.66145764254262906512e-01
  -8.83553444474458271607e-01
  -5.67275001631576181182e-01
  -1.00570091483477133676e-01
  +3.93122192288317628961e-01
  +7.82752821541593091226e-01
  +9.64471310410426330151e-01
  +8.89424427027016184510e-01
  +5.77072578498471822073e-01
  +1.10344631436377113576e-01
  -3.86224421756814983997e-01
  -7.79654362832844727293e-01
  -9.64168089359372926239e-01
  -8.89759318318298131345e-01
  -5.75926210710643426971e-01
  -1.06747893079057354360e-01
  +3.91509772882928208659e-01
  +7.84329955195226968812e-01
  +9.65309626666667641715e-01
  +8.85102806666650199219e-01
  +5.65029319339300561964e-01
  +9.15501020439679069618e-02
  -4.07001438936945014735e-01
  -7.95189878288310891818e-01
  -9.67324690020026300985e-01
  -8.76333590270250151200e-01
  -5.46738556356326843577e-01
  -6.81243866165791439604e-02
  +4.29181608546607085142e-01
  +8.09617445785826395088e-01
  +9.69390927387390854975e-01
  +8.64852908918911755798e-01
  +5.24457691701665118522e-01
  +4.10189559659205338349e-02
  -4.53628823513516965527e-01
  -8.24628465555587331082e-01
  -9.70902866997003899385e-01
  -8.52696350780751788356e-01
  -5.02340345795790677030e-01
  -1.53361685385051890740e-02
  +4.75761770720750321040e-01
  +8.37487868548584257766e-01
  +9.71749373253257830996e-01
  +8.42374550270255983975e-01
  +4.84748131851800878600e-01
  -4.00275863869975316589e-03
  -4.91509648648667085702e-01
  -8.46078994894905678237e-01
  -9.72251672212216977442e-01
  -8.36401643363325564273e-01
  -4.75534187207189318336e-01
  +1.29710008809304777611e-02
  +4.97778801081124433470e-01
  +8.48969292372416584058e-01
  +9.72813348988989523569e-01
  +8.36653980900887717098e-01
  +4.77325748788724801841e-01
  -9.00146592600201134182e-03
  -4.92701751591624992344e-01
  -8.45292192322342428312e-01
  -9.73504179909917333191e-01
  -8.43809851621598605576e-01
  -4.90997424394379211599e-01
  -8.65974063056543057193e-03
  +4.75756046276334221279e-01
  +8.34655589569625711022e-01
  +9.73842531431434288436e-01
  +8.57106143843826329132e-01
  +5.15476152732697867620e-01
  +3.88293807686961242598e-02
  -4.47844253729732022506e-01
  -8.17229955555575648951e-01
  -9.72933896296310662954e-01
  -8.74530729489465530335e-01
  -5.47941192852826497450e-01
  -7.85122954894588026553e-02
  +4.11329871381438894051e-01
  +7.93998158108146334655e-01
  +9.69924675405409497664e-01
  +8.93399632612594696290e-01
  +5.84390592372329376047e-01
  +1.23306041040980501888e-01
  -3.69918123123131714625e-01
  -7.66979541321355151595e-01
  -9.64542435415427390488e-01
  -9.11105891621604824238e-01
  -6.20437347297262298262e-01
  -1.68069717227182641173e-01
  +3.28260454648723554172e-01
  +7.39192424084137766904e-01
  +9.57423577337348508109e-01
  +9.25744642042036658403e-01
  +6.52107177777739299707e-01
  +2.07740352828729241130e-01
  -2.91272657045077987270e-01
  -7.14231633213262662174e-01
  -9.50026454154175303835e-01
  -9.36377496396383346422e-01
  -6.76406960940931112347e-01
  -2.38102387617574351442e-01
  +2.63306812702795267622e-01
  +6.95539551521537235956e-01
  +9.44144891661681362471e-01
  +9.42887648378373133262e-01
  +6.91552637767722133688e-01
  +2.56340710550548356306e-01
  -2.47392793333366889375e-01
  -6.85608546586651712573e-01
  -9.41245902822853031111e-01
  -9.45592137777773733553e-01
  -6.96924998078059410034e-01
  -2.61322494774716695964e-01
  +2.44726711831888710247e-01
  +6.85384502522539240665e-01
  +9.41937819539545362346e-01
  +9.44886216756751884382e-01
  +6.92935781681626505879e-01
  +2.53659558558541997630e-01
  -2.54488432552602839021e-01
  -6.94055539259294196341e-01
  -9.45799325045075356400e-01
  -9.41134828708708570666e-01
  -6.80955366046026133731e-01
  -2.35619143093018873492e-01
  +2.73993666036108751705e-01
  +7.09272898348378144640e-01
  +9.51620229659671079681e-01
  +9.34841590720712156681e-01
  +6.63310687777743490656e-01
  +2.10890024714696117103e-01
  -2.99143965976042591759e-01
  -7.27714333343389752073e-01
  -9.57912773783816895445e-01
  -9.26932999459456841151e-01
  -6.43223051391359601503e-01
  -1.84161721659620414293e-01
  +3.25095295525600014308e-01
  +7.45795288088129337822e-01
  +9.63432103783799065333e-01
  +9.18908663993979191176e-01
  +6.24529112522475893243e-01
  +1.60504252750716225329e-01
  -3.47010463405432789674e-01
  -7.60294334354400969112e-01
  -9.67456695555590107105e-01
  -9.12677959999993571039e-01
  -6.11130871111067008883e-01
  -1.44624952062007622322e-01
  +3.60734018204293904741e-01
  +7.68723167667678231041e-01
  +9.69724818818833766976e-01
  +9.10086207477469155691e-01
  +6.06275664134084402157e-01
  +1.40147056891841786941e-01
  -3.63276535840883207928e-01
  -7.69422653573631820656e-01
  -9.70125888488509890983e-01
  -9.12317326426419383800e-01
  -6.11871044764747851197e-01
  -1.49049168264206804979e-01
  +3.53097743135240393908e-01
  +7.61519381011033336115e-01
  +9.68388254284305527442e-01
  +9.19443867357347510705e-01
  +6.28045943753695823375e-01
  +1.71350730534523293391e-01
  -3.30251712252298823547e-01
  -7.44925736096168855660e-01
  -9.64001898538568546826e-01
  -9.30343319729722173506e-01
  -6.53099780330305135223e-01
  -2.05085179619548918506e-01
  +2.96437495855921273602e-01
  +7.20472855255282484954e-01
  +9.56467043883916012703e-01
  +9.43045043213205813615e-01
  +6.83873966696635360307e-01
  +2.46584790120095376231e-01
  -2.54913097027090029822e-01
  -6.90095233633676863327e-01
  -9.45750819539578735373e-01
  -9.55380500480476624325e-01
  -7.16454171651621285477e-01
  -2.91066885925844121008e-01
  +2.10174509309390522560e-01
  +6.56864903013055778658e-01
  +9.32683141571590601515e-01
  +9.65663268648648154269e-01
  +7.46992699039040863873e-01
  +3.33427357387358791474e-01
  -1.67352597807887304437e-01
  -6.24697122102161550572e-01
  -9.19025118698718279653e-01
  -9.73102863063064038585e-01
  -7.72386516476447737567e-01
  -3.69055564324281937250e-01
  +1.31411395675695763519e-01
  +5.97708588668728557636e-01
  +9.07105867907938345773e-01
  +9.77789952372379089773e-01
  +7.90617854634629413368e-01
  +3.94469637687646867974e-01
  -1.06338471321358346566e-01
  -5.79393176246314478561e-01
  -8.99151185055086177300e-01
  -9.80316979099102980832e-01
  -8.00743676596563869197e-01
  -4.07669292212158307365e-01
  +9.45176854054419063322e-02
  +5.71871482542564146812e-01
  +8.96584994634671228475e-01
  +9.81284420240251753498e-01
  +8.02698227247235940318e-01
  +4.08243279529475699974e-01
  -9.63871449550078307489e-02
  -5.75435803183267480243e-01
  -8.99592025365371195100e-01
  -9.80979931021025985949e-01
  -7.97128526476436616299e-01
  -3.97339518188120799369e-01
  +1.10396821111164417095e-01
  +5.88503192402438313202e-01
  +9.07105389099144621134e-01
  +9.79391565675681308178e-01
  +7.85381874064048690620e-01
  +3.77561160290272257445e-01
  -1.33245448438500252442e-01
  -6.07970436726825047558e-01
  -9.17198136906921202005e-01
  -9.76508242012016136613e-01
  -7.69586954624601471409e-01
  -3.52752865875798904405e-01
  +1.60370451441449513030e-01
  +6.29859055345388441083e-01
  +9.27690567157208656468e-01
  +9.72687654864867856652e-01
  +7.52644081291266475731e-01
  +3.27595198108076135490e-01
  -1.86632434084162551757e-01
  -6.50059066967022536332e-01
  -9.36704207827846024870e-01
  -9.68829224504505703841e-01
  -7.37954288568535732296e-01
  -3.06980813473380353962e-01
  +2.07075455675699432456e-01
  +6.64959608318374750802e-01
  +9.42940742432457179589e-01
  +9.66202778318318578066e-01
  +7.28857556696662300944e-01
  +2.95259105205159189111e-01
  -2.17613122702797229246e-01
  -6.71829407077145002170e-01
  -9.45629504374400076117e-01
  -9.65985821261261312642e-01
  -7.27920482862824513859e-01
  -2.95512082482375426640e-01
  +2.15533393393432554097e-01
  +6.68955703703773885138e-01
  +9.44281117617650322948e-01
  +9.68736384684685813973e-01
  +7.36310257757747277374e-01
  +3.09021044454400095614e-01
  -1.99802446636683367354e-01
  -6.55673975615693516161e-01
  -9.38490991431466969885e-01
  -9.74077562732734603124e-01
  -7.53477669859817011933e-01
  -3.35030050790727229604e-01
  +1.71197874414464351611e-01
  +6.32429075035064514054e-01
  +9.27985775715757577053e-01
  +9.80775734834838930354e-01
  +7.77273368068052250557e-01
  +3.70858220630565837972e-01
  -1.32274595765827313043e-01
  -6.00892807117150762330e-01
  -9.12928161751763278531e-01
  -9.87205261351358775990e-01
  -8.04479850520478878551e-01
  -4.12363049569551165519e-01
  +8.71094628228881728838e-02
  +5.64014831081126155610e-01
  +8.94298071321379062226e-01
  +9.91997471321322321636e-01
  +8.31592585715699161852e-01
  +4.54679510080007787121e-01
  -4.07729918379135802819e-02
  -5.25826767773824088614e-01
  -8.74075581411434821000e-01
  -9.94565911561578475109e-01
  -8.55580019569551986081e-01
  -4.93062046676650544974e-01
  -1.43061756748750850375e-03
  +4.90907455759821143015e-01
  +8.55028780000075538936e-01
  +9.95253242612618160834e-01
  +8.74360847737721047501e-01
  +5.23605231571539042612e-01
  +3.47963276395522672080e-02
  -4.63591633499503386062e-01
  -8.40113717647682722856e-01
  -9.95040258708736136128e-01
  -8.86883281231214182228e-01
  -5.43681123032997315470e-01
  -5.59263935675359397104e-02
  +4.47138685153229464841e-01
  +8.31697114834878070688e-01
  +9.94988499219229938220e-01
  +8.92901636036018686582e-01
  +5.52083052342300373283e-01
  +6.31855970809783035191e-02
  -4.43094281461480610229e-01
  -8.30899125165213803257e-01
  -9.95717433783797845059e-01
  -8.92688504254235293267e-01
  -5.48997275034988407860e-01
  -5.68825056576109377993e-02
  +4.50997864022115169114e-01
  +8.37296092882938158830e-01
  +9.97178671801817517739e-01
  +8.86903218588581676585e-01
  +5.35936140380327441513e-01
  +3.92096888287089620495e-02
  -4.68484742712747259663e-01
  -8.49074233723783544647e-01
  -9.98817341861879204323e-01
  -8.76677685105079373962e-01
  -5.15662170790778473517e-01
  -1.39614069308685098680e-02
  +4.91744667119227873986e-01
  +8.63553959059123577013e-01
  +1.00000000000001798561e+00
</dep>
<dep Vin.Vt time>
  +1.00000000000000000000e+00
  +8.50602462692692684598e-01
  +4.47458183023022926239e-01
  -8.88263987087089812444e-02
  -5.98176637367367480813e-01
  -9.29109721101101015961e-01
  -9.83920782822822470592e-01
  -7.47407106646646224313e-01
  -2.90684144164163826840e-01
  +2.50717066756757478441e-01
  +7.17540913603603724980e-01
  +9.73872985485485287427e-01
  +9.46547247627626875399e-01
  +6.45478418968968070679e-01
  +1.59432535925924961928e-01
  -3.70899199609610319417e-01
  -7.94116153523523826685e-01
  -9.91364386036035827310e-01
  -9.09240689099098053916e-01
  -5.73370680083082562284e-01
  -7.95056774003999738865e-02
  +4.34583774744745021668e-01
  +8.27940618248249049493e-01
  +9.94921650790790312868e-01
  +8.92901797897896476464e-01
  +5.52132011436434422258e-01
  +6.58285242332312392488e-02
  -4.36074709999999921006e-01
  -8.21938661871872588982e-01
  -9.92707664084083729605e-01
  -9.06641499519518556660e-01
  -5.88547205905904480261e-01
  -1.21798852832831344672e-01
  +3.74147848048049236347e-01
  +7.74550327007008543312e-01
  +9.80527210090089917927e-01
  +9.42888251171169589071e-01
  +6.73103654074071355851e-01
  +2.39217662242241280168e-01
  -2.51792098708709444210e-01
  -6.80548743753754181718e-01
  -9.44126625995995949481e-01
  -9.80339829519519145862e-01
  -7.81890397627623912058e-01
  -3.97325427045040591167e-01
  +8.11173907027069041042e-02
  +5.39688723153156080237e-01
  +8.70024186396397558596e-01
  +9.94484722372371510168e-01
  +8.84129181931929242211e-01
  +5.65261955205201505059e-01
  +1.13134224054050117059e-01
  -3.65697660230233367873e-01
  -7.58282476966968821408e-01
  -9.71726433243243148397e-01
  -9.55089115575573854855e-01
  -7.11623015155152249811e-01
  -2.98417972252248808740e-01
  +1.86627513313316450994e-01
  +6.27652999439441527940e-01
  +9.18300228468469037502e-01
  +9.87387128028026972437e-01
  +8.16633403903901600174e-01
  +4.45983012064861905621e-01
  -3.51070510350378964248e-02
  -5.08712037357359481149e-01
  -8.57051365105106044417e-01
  -9.91849602182180767329e-01
  -8.77154905725721301124e-01
  -5.39638127429423186676e-01
  -6.32839301121054936816e-02
  +4.30781298848854077299e-01
  +8.14717155585587993194e-01
  +9.87151025555554673119e-01
  +9.00511762592588471676e-01
  +5.75024549129123485613e-01
  +9.50603492092068486086e-02
  -4.11924131901906576125e-01
  -8.08863005435436210888e-01
  -9.86312177287286484528e-01
  -8.93291755265264053598e-01
  -5.52876801621616342786e-01
  -5.75400749149130030791e-02
  +4.55233213573577766287e-01
  +8.40860913873874404878e-01
  +9.88724856266264939819e-01
  +8.54619743973967227468e-01
  +4.74854073987982294724e-01
  -4.27277379359451703333e-02
  -5.48882685005009030021e-01
  -8.95978990810812669920e-01
  -9.81456258528526692686e-01
  -7.78780430540533252781e-01
  -3.46325304024018509885e-01
  +1.88965672452460764497e-01
  +6.68703457687690683287e-01
  +9.50103893963964329927e-01
  +9.48866969849843422402e-01
  +6.64828786506498126130e-01
  +1.82420766756743624182e-01
  -3.54403591601609446737e-01
  -7.85297983613618910681e-01
  -9.81665878648647405313e-01
  -8.85209007287279248111e-01
  -5.25212915699691085258e-01
  -9.42529461860632314374e-03
  +5.08548890540546971728e-01
  +8.75310062282283141144e-01
  +9.83205346486486497781e-01
  +8.01730215415412450497e-01
  +3.85652897387379955951e-01
  -1.42134796444448180397e-01
  -6.27472143783788349758e-01
  -9.30228250410410795190e-01
  -9.64606240480477605814e-01
  -7.22874179419416451609e-01
  -2.76130708628621823753e-01
  +2.47438563513516562864e-01
  +6.99921421151154743434e-01
  +9.55581082992993158243e-01
  +9.45382126036032999217e-01
  +6.74781805425422875899e-01
  +2.20479612092084831243e-01
  -2.92193962342351454264e-01
  -7.24356032652656245396e-01
  -9.61168356226226427985e-01
  -9.41799656666663431714e-01
  -6.74118641411402985675e-01
  -2.30878639889883302549e-01
  +2.70853991621630152409e-01
  +7.01027081311314970158e-01
  +9.50223201661662297823e-01
  +9.56944225405402915108e-01
  +7.21944978628620392946e-01
  +3.06549685415402450861e-01
  -1.84009867837847146399e-01
  -6.27572488298306585541e-01
  -9.15382841031032956636e-01
  -9.78320509819816108710e-01
  -8.02857028508501713304e-01
  -4.33264310090078097470e-01
  +4.00254795495587137322e-02
  +5.02760190510519677787e-01
  +8.44374724544547761163e-01
  +9.84109319459457898560e-01
  +8.89693324064058765899e-01
  +5.84412866886875215222e-01
  +1.41134471441425712879e-01
  -3.35140444074085219750e-01
  -7.32032110590595253008e-01
  -9.56087180660661450915e-01
  -9.54576202592589462270e-01
  -7.27791876826824335467e-01
  -3.29030255360358792061e-01
  +1.47761412987998524970e-01
  +5.89874151751756503614e-01
  +8.92265824624625336625e-01
  +9.82434119999999633244e-01
  +8.37910495395388199569e-01
  +4.92158113273266917265e-01
  +2.72710898498447103233e-02
  -4.45071513403415275345e-01
  -8.10130116486490914340e-01
  -9.77933244844844340449e-01
  -9.05719615775773090327e-01
  -6.09366574834822039008e-01
  -1.60647868128117737863e-01
  +3.29478917667673065761e-01
  +7.37880228738741261729e-01
  +9.60133984804805384883e-01
  +9.37605892312307731551e-01
  +6.73633227207199869468e-01
  +2.34198192092073625981e-01
  -2.67719940830843661228e-01
  -7.00677988498504156212e-01
  -9.49159275285285986001e-01
  -9.44865495665657806335e-01
  -6.86332025705694181994e-01
  -2.41033800760751065750e-01
  +2.71330079579587213345e-01
  +7.10525973873883942566e-01
  +9.54218701971972671494e-01
  +9.32610522872867053756e-01
  +6.49323022762743451430e-01
  +1.82038007667649437415e-01
  -3.38035732222234153177e-01
  -7.62686493603609738656e-01
  -9.69133053213212303234e-01
  -8.96139320520510596069e-01
  -5.62984942702690505101e-01
  -6.51779770370247285571e-02
  +4.52454184594612285331e-01
  +8.37841254624630993320e-01
  +9.76664922262259205255e-01
  +8.26809853813795903044e-01
  +4.31682848753732584246e-01
  -9.19841164034202879440e-02
  -5.88529963223234364733e-01
  -9.09805074774780009328e-01
  -9.59679932942935409734e-01
  -7.23087304314300793884e-01
  -2.70692363813797742811e-01
  +2.62299600090113549378e-01
  +7.16782286496508214135e-01
  +9.57483466996997378828e-01
  +9.13325666496488608459e-01
  +5.98278241871849414402e-01
  +1.06596945225204395302e-01
  -4.15832951471487910489e-01
  -8.15157759009021098962e-01
  -9.74979359009005897008e-01
  -8.50038501581569017063e-01
  -4.78449672640622380992e-01
  +3.06329854714998510434e-02
  +5.29727307437442340721e-01
  +8.76088221851852311239e-01
  +9.72414929999999677612e-01
  +7.93601773183175707160e-01
  +3.92350737588582576532e-01
  -1.17253076216221538419e-01
  -5.92847532982993197237e-01
  -9.03776789389391765894e-01
  -9.66657648888887277572e-01
  -7.66949460950947070614e-01
  -3.61202667229215512723e-01
  +1.39864153441450700388e-01
  +6.02175137287290884736e-01
  +9.04275053823824892518e-01
  +9.68815965495491870918e-01
  +7.81537844434427975138e-01
  +3.93354092392384002697e-01
  -9.43044329069236825225e-02
  -5.56492040210219696128e-01
  -8.76810110810813503335e-01
  -9.76328594954953388196e-01
  -8.32329048608598132120e-01
  -4.82648732532521052008e-01
  -1.50926774174092136194e-02
  +4.54997741641648134614e-01
  +8.13228577577584599290e-01
  +9.73693915315314795222e-01
  +8.99067178818814816132e-01
  +6.08716363643637015102e-01
  +1.73257324864849182600e-01
  -3.02850268328338778634e-01
  -7.06349717577584357286e-01
  -9.41918983543546306514e-01
  -9.54379389249244036719e-01
  -7.41327038098089752260e-01
  -3.53395022522509982821e-01
  +1.17798340840864823598e-01
  +5.61164010070081098469e-01
  +8.72137707567571363043e-01
  +9.77169844404402798688e-01
  +8.51061814674663574820e-01
  +5.23108891951938659304e-01
  +7.05398873473326720740e-02
  -3.99354676956976295532e-01
  -7.74383960600610099512e-01
  -9.64122488888889628278e-01
  -9.21820434434427959935e-01
  -6.56261820720702271359e-01
  -2.30503593853835619942e-01
  +2.52541640440453685201e-01
  +6.74560875435444629034e-01
  +9.30675977337341420181e-01
  +9.55716056756750864665e-01
  +7.41334217387373817232e-01
  +3.39370082056030253348e-01
  -1.49896228028049555148e-01
  -6.02191653243256075356e-01
  -9.00633367897902936683e-01
  -9.66212991761755346509e-01
  -7.79393825975960630181e-01
  -3.86768634422405055417e-01
  +1.09615696758776706710e-01
  +5.78137714204223551739e-01
  +8.92334515755762058831e-01
  +9.65396539139133813556e-01
  +7.74935676126104588946e-01
  +3.70763123513487891092e-01
  -1.37186580681703168549e-01
  -6.08180121531547546176e-01
  -9.09617892962970242543e-01
  -9.54822295925918052006e-01
  -7.28775245375358871058e-01
  -2.93929298784762427221e-01
  +2.26277862830859877175e-01
  +6.82101965045061486848e-01
  +9.40713428078080782235e-01
  +9.25419335585576319225e-01
  +6.39117065585560251151e-01
  +1.64579636356330077929e-01
  -3.59051134764788559828e-01
  -7.76999560390408072763e-01
  -9.64864538068067267851e-01
  -8.66084864074059823658e-01
  -5.09392347837813508349e-01
  -7.15213763752345138211e-04
  +5.08263090100118275494e-01
  +8.65515593603612520823e-01
  +9.64332081781773986506e-01
  +7.75364387647636266188e-01
  +3.55329747534505691053e-01
  -1.70217999404411346465e-01
  -6.44725559519533364394e-01
  -9.27529461801803400967e-01
  -9.35604547917900930543e-01
  -6.67705400810791105393e-01
  -2.03923504444406600289e-01
  +3.18819262022036142845e-01
  +7.47643789990006024659e-01
  +9.58566912072072452311e-01
  +8.92082739849840433699e-01
  +5.69310522012004716075e-01
  +8.45276780179722853070e-02
  -4.23104369109129074822e-01
  -8.09910723073089866553e-01
  -9.68310723993993205383e-01
  -8.56186179079064024755e-01
  -5.07158262762757772180e-01
  -1.95858038438144616000e-02
  +4.71905233913939570201e-01
  +8.33913864034052765284e-01
  +9.70252233243241501981e-01
  +8.46798443953934221184e-01
  +4.99020261151139066236e-01
  +2.08732843843585751109e-02
  -4.61259768748761900259e-01
  -8.22201222642665707774e-01
  -9.70199945765764626415e-01
  -8.69559808318296600937e-01
  -5.48323252001983951764e-01
  -8.96719266666335806937e-02
  +3.90174407667678468936e-01
  +7.71576127287300628232e-01
  +9.61058505105106264388e-01
  +9.13657173543523271064e-01
  +6.42873325215192692461e-01
  +2.16263129369329620832e-01
  -2.61827117277295740028e-01
  -6.75896746646667545555e-01
  -9.27014120000002384003e-01
  -9.56067826626626038333e-01
  -7.57223350950926743508e-01
  -3.78669393468454129614e-01
  +8.92713839890156429790e-02
  +5.35704859809815303606e-01
  +8.55289721111118894648e-01
  +9.72856049529529753883e-01
  +8.60869998478472786552e-01
  +5.45773802432431009990e-01
  +1.01780693723689225072e-01
  -3.66440219239252129579e-01
  -7.48222338078093351932e-01
  -9.52887442582583399364e-01
  -9.31247677497490933263e-01
  -6.87572833153154649999e-01
  -2.79097694264243134654e-01
  +1.97017846126147422314e-01
  +6.26436267747772390635e-01
  +9.04906741051055174552e-01
  +9.63642625815810727197e-01
  +7.86661232042038527368e-01
  +4.15659452422405761851e-01
  -5.91426533833925849315e-02
  -5.20391740390424684115e-01
  -8.52338639819829047006e-01
  -9.70002520980978277798e-01
  -8.41426355585577989693e-01
  -4.97100703333310134369e-01
  -2.36339777277226638363e-02
  +4.57326914684699603608e-01
  +8.20026508518522878610e-01
  +9.67643261131130194563e-01
  +8.58752373993982742739e-01
  +5.19837671051020633328e-01
  +3.98814039239107076540e-02
  -4.52245298918941163180e-01
  -8.22090609519521509085e-01
  -9.66598700610609262718e-01
  -8.43529519249232695444e-01
  -4.84735245195156094766e-01
  +1.11013492692909419152e-02
  +5.04968829069097679962e-01
  +8.56349839079084240723e-01
  +9.63558075235231958899e-01
  +7.93889035675664711533e-01
  +3.94420811959910577738e-01
  -1.20309703693723596407e-01
  -6.00774139339371848756e-01
  -9.05951302442448591634e-01
  -9.45143110330321389867e-01
  -7.05534836486477634487e-01
  -2.56913164340315192113e-01
  +2.68309818102118458061e-01
  +7.14137440720753691181e-01
  +9.47543175945949722738e-01
  +8.98510080710692715655e-01
  +5.81336599609592274973e-01
  +9.06002092191849489611e-02
  -4.27120758478488515841e-01
  -8.17244237117136229642e-01
  -9.63557872942941151528e-01
  -8.22916550780751432370e-01
  -4.37826057837811200013e-01
  +7.67308095295717029760e-02
  +5.68024890000015436620e-01
  +8.91204711981992914183e-01
  +9.52031273093090879556e-01
  +7.34051308628602128259e-01
  +3.02439555753717892461e-01
  -2.16152027941990426685e-01
  -6.71294708938958040179e-01
  -9.32612599009017606555e-01
  -9.26873496456450229886e-01
  -6.57841066426402165668e-01
  -2.03714224384360320652e-01
  +3.06421996816870600977e-01
  +7.29804663173195256043e-01
  +9.49973868978985724887e-01
  +9.08315027457447299319e-01
  +6.18770313083051970438e-01
  +1.62323274414396950815e-01
  -3.36473743323364604674e-01
  -7.43914685515541629357e-01
  -9.52883803333340773101e-01
  -9.10422055485472725422e-01
  -6.30217910460450503329e-01
  -1.87386269087062323768e-01
  +3.02401369671675468442e-01
  +7.13471712532543267393e-01
  +9.42260663243245200071e-01
  +9.32851555295282963698e-01
  +6.89832863183168609744e-01
  +2.75780462246214996824e-01
  -2.05446758611422697349e-01
  -6.35020370870888251069e-01
  -9.08371292192193258153e-01
  -9.60220799039034011990e-01
  -7.79576808248231389875e-01
  -4.11440731531495407225e-01
  +5.48048341141330608295e-02
  +5.07257614754780705724e-01
  +8.38257984444449544270e-01
  +9.69723315125125218117e-01
  +8.71210750240239084619e-01
  +5.66655643213189397223e-01
  +1.28391226396370128349e-01
  -3.40029007257292847921e-01
  -7.28158691441453176374e-01
  -9.44500267917924074546e-01
  -9.37912339549546780759e-01
  -7.09654083513498123992e-01
  -3.13263365177161412500e-01
  +1.57770620738784034254e-01
  +5.91783625855875961008e-01
  +8.85198633323338035517e-01
  +9.67198162532530769653e-01
  +8.16985665675659111784e-01
  +4.69417979589581202404e-01
  +7.41862404400735024612e-03
  -4.57333573994023523390e-01
  -8.11103406326350806488e-01
  -9.65926354234235784446e-01
  -8.81803665345329057423e-01
  -5.77620545745731628351e-01
  -1.27693134154124532387e-01
  +3.55705849549557862055e-01
  +7.49955158178201242158e-01
  +9.53189631051056474043e-01
  +9.11053516726710310714e-01
  +6.31997302592573029223e-01
  +1.86650105896859125343e-01
  -3.09229240165181329392e-01
  -7.24376337437456996327e-01
  -9.46801450590595283785e-01
  -9.14529442072053666557e-01
  -6.33738649619593474860e-01
  -1.78780812589542897895e-01
  +3.26669892795819871711e-01
  +7.42831219629654038172e-01
  +9.52600151801804240215e-01
  +8.95116263633622288864e-01
  +5.84306186596576626613e-01
  +1.06521538148091884923e-01
  -4.02781071621652830839e-01
  -7.97226732112138680719e-01
  -9.61857780280281349228e-01
  -8.47266093783765050773e-01
  -4.85176331021006657096e-01
  +1.96544044244719613712e-02
  +5.19389724264300634005e-01
  +8.66437684724749135334e-01
  +9.57389831211207575912e-01
  +7.64332558288259300561e-01
  +3.43857016826803363330e-01
  -1.79276438778816660236e-01
  -6.49163809039064121365e-01
  -9.25428098098115992087e-01
  -9.25428098098086349133e-01
  -6.49163809038997619005e-01
  -1.79276438778745772495e-01
  +3.43857016826870753867e-01
  +7.64332558288303265392e-01
  +9.57389831211215014406e-01
  +8.66437684724710388551e-01
  +5.19389724264210150828e-01
  +1.96544044243826751539e-02
  -4.85176331021068718563e-01
  -8.47266093783799356665e-01
  -9.61857780280278240603e-01
  -7.97226732112099267802e-01
  -4.02781071621604258581e-01
  +1.06521538148197342233e-01
  +5.84306186596618259976e-01
  +8.95116263633648823195e-01
  +9.52600151801799244211e-01
  +7.42831219629610073341e-01
  +3.26669892795787231154e-01
  -1.78780812589611204366e-01
  -6.33738649619633442889e-01
  -9.14529442072087861426e-01
  -9.46801450590585846889e-01
  -7.24376337437412365361e-01
  -3.09229240165149243946e-01
  +1.86650105896925877502e-01
  +6.31997302592598897419e-01
  +9.11053516726740175713e-01
  +9.53189631051045815902e-01
  +7.49955158178150060877e-01
  +3.55705849549527053366e-01
  -1.27693134154190479634e-01
  -5.77620545745758495748e-01
  -8.81803665345357368111e-01
  -9.65926354234232786844e-01
  -8.11103406326298514983e-01
  -4.57333573993966457927e-01
  +7.41862404408760636038e-03
  +4.69417979589609957181e-01
  +8.16985665675695083010e-01
  +9.67198162532533767255e-01
  +8.85198633323312944476e-01
  +5.91783625855837214225e-01
  +1.57770620738688971407e-01
  -3.13263365177206098977e-01
  -7.09654083513543088024e-01
  -9.37912339549555773566e-01
  -9.44500267917910862892e-01
  -7.28158691441432526226e-01
  -3.40029007257216908666e-01
  +1.28391226396433966173e-01
  +5.66655643213254456292e-01
  +8.71210750240253850585e-01
  +9.69723315125124663005e-01
  +8.38257984444434223192e-01
  +5.07257614754726637862e-01
  +5.48048341140828926266e-02
  -4.11440731531584613645e-01
  -7.79576808248271579949e-01
  -9.60220799039047445689e-01
  -9.08371292192182822056e-01
  -6.35020370870840289435e-01
  -2.05446758611390889460e-01
  +2.75780462246278612604e-01
  +6.89832863183206024260e-01
  +9.32851555295313050742e-01
  +9.42260663243235763176e-01
  +7.13471712532499968695e-01
  +3.02401369671644049131e-01
  -1.87386269087128576327e-01
  -6.30217910460476926637e-01
  -9.10422055485505254957e-01
  -9.52883803333327006335e-01
  -7.43914685515479456868e-01
  -3.36473743323288221330e-01
  +1.62323274414465007487e-01
  +6.18770313083106593410e-01
  +9.08315027457473722627e-01
  +9.49973868978976176969e-01
  +7.29804663173139522847e-01
  +3.06421996816772845840e-01
  -2.03714224384443809424e-01
  -6.57841066426455789440e-01
  -9.26873496456473100480e-01
  -9.32612599009002729566e-01
  -6.71294708938909634455e-01
  -2.16152027941901914154e-01
  +3.02439555753820865647e-01
  +7.34051308628661081102e-01
  +9.52031273093105645522e-01
  +8.91204711981969155410e-01
  +5.68024889999959703424e-01
  +7.67308095295004266578e-02
  -4.37826057837896520653e-01
  -8.22916550780812605659e-01
  -9.63557872942944593220e-01
  -8.17244237117104810331e-01
  -4.27120758478438333761e-01
  +9.06002092192427083139e-02
  +5.81336599609634241403e-01
  +8.98510080710731573461e-01
  +9.47543175945938953575e-01
  +7.14137440720717386888e-01
  +2.68309818102091590664e-01
  -2.56913164340371702465e-01
  -7.05534836486545469114e-01
  -9.45143110330334157432e-01
  -9.05951302442432049311e-01
  -6.00774139339308455021e-01
  -1.20309703693632016885e-01
  +3.94420811959956929549e-01
  +7.93889035675686804971e-01
  +9.63558075235243394197e-01
  +8.56349839079050267898e-01
  +5.04968829069051050595e-01
  +1.11013492692424668024e-02
  -4.84735245195238251270e-01
  -8.43529519249277992543e-01
  -9.66598700610610706008e-01
  -8.22090609519495196800e-01
  -4.52245298918871274640e-01
  +3.98814039240009757248e-02
  +5.19837671051062044647e-01
  +8.58752373994011497516e-01
  +9.67643261131132081942e-01
  +8.20026508518490571120e-01
  +4.57326914684689000978e-01
  -2.36339777277438274627e-02
  -4.97100703333388738159e-01
  -8.41426355585622065547e-01
  -9.70002520980982496646e-01
  -8.52338639819810062193e-01
  -5.20391740390354518020e-01
  -5.91426533833359704961e-02
  +4.15659452422425190754e-01
  +7.86661232042072833259e-01
  +9.63642625815825826230e-01
  +9.04906741051029639422e-01
  +6.26436267747740527234e-01
  +1.97017846126096185522e-01
  -2.79097694264297369049e-01
  -6.87572833153194840072e-01
  -9.31247677497509807054e-01
  -9.52887442582577848249e-01
  -7.48222338078043835985e-01
  -3.66440219239184294953e-01
  +1.01780693723742141077e-01
  +5.45773802432450549915e-01
  +8.60869998478500875194e-01
  +9.72856049529535416021e-01
  +8.55289721111101020057e-01
  +5.35704859809773226154e-01
  +8.92713839889412719142e-02
  -3.78669393468535175895e-01
  -7.57223350950956386463e-01
  -9.56067826626634476028e-01
  -9.27014119999983177145e-01
  -6.75896746646595936170e-01
  -2.61827117277245169369e-01
  +2.16263129369404949465e-01
  +6.42873325215262192422e-01
  +9.13657173543568901231e-01
  +9.61058505105103932920e-01
  +7.71576127287276869460e-01
  +3.90174407667630229746e-01
  -8.96719266667549280703e-02
  -5.48323252002022365481e-01
  -8.69559808318342897238e-01
  -9.70199945765767624017e-01
  -8.22201222642609752533e-01
  -4.61259768748743359534e-01
  +2.08732843844149813795e-02
  +4.99020261151220889673e-01
  +8.46798443953998503098e-01
  +9.70252233243246275940e-01
  +8.33913864034018681437e-01
  +4.71905233913863686457e-01
  -1.95858038439055102964e-02
  -5.07158262762778977439e-01
  -8.56186179079115650126e-01
  -9.68310723993997424230e-01
  -8.09910723073030247576e-01
  -4.23104369109089772927e-01
  +8.45276780180669179421e-02
  +5.69310522012054565089e-01
  +8.92082739849852202063e-01
  +9.58566912072069898798e-01
  +7.47643789989960505515e-01
  +3.18819262021949323405e-01
  -2.03923504444453229656e-01
  -6.67705400810839289072e-01
  -9.35604547917930684520e-01
  -9.27529461801790411357e-01
  -6.44725559519492508187e-01
  -1.70217999404366271410e-01
  +3.55329747534599504899e-01
  +7.75364387647693331651e-01
  +9.64332081781786309982e-01
  +8.65515593603596311567e-01
  +5.08263090100061432075e-01
  -7.15213763811532710589e-04
  -5.09392347837841374947e-01
  -8.66084864074103344400e-01
  -9.64864538068069488297e-01
  -7.76999560390350119121e-01
  -3.59051134764758750340e-01
  +1.64579636356391278973e-01
  +6.39117065585613097767e-01
  +9.25419335585610625117e-01
  +9.40713428078073010674e-01
  +6.82101965045021740863e-01
  +2.26277862830769421754e-01
  -2.93929298784847026216e-01
  -7.28775245375390956504e-01
  -9.54822295925931374683e-01
  -9.09617892962951923863e-01
  -6.08180121531465056606e-01
  -1.37186580681659953118e-01
  +3.70763123513562220523e-01
  +7.74935676126159433963e-01
  +9.65396539139157017217e-01
  +8.92334515755754398292e-01
  +5.78137714204180475086e-01
  +1.09615696758681518963e-01
  -3.86768634422495705127e-01
  -7.79393825976000931277e-01
  -9.66212991761769779409e-01
  -9.00633367897881509379e-01
  -6.02191653243202229540e-01
  -1.49896228028009947941e-01
  +3.39370082056118738123e-01
  +7.41334217387432548030e-01
  +9.55716056756784837489e-01
  +9.30675977337333870665e-01
  +6.74560875435405549183e-01
  +2.52541640440400005918e-01
  -2.30503593853924521051e-01
  -6.56261820720722699463e-01
  -9.21820434434447610883e-01
  -9.64122488888886075564e-01
  -7.74383960600564580368e-01
  -3.99354676956928056342e-01
  +7.05398873473773030396e-02
  +5.23108891952004051440e-01
  +8.51061814674706651473e-01
  +9.77169844404406906513e-01
  +8.72137707567546827114e-01
  +5.61164010070027474697e-01
  +1.17798340840784165895e-01
  -3.53395022522530355413e-01
  -7.41327038098131496646e-01
  -9.54379389249263021533e-01
  -9.41918983543533538949e-01
  -7.06349717577548386060e-01
  -3.02850268328287985931e-01
  +1.73257324864938028197e-01
  +6.08716363643702518260e-01
  +8.99067178818835577303e-01
  +9.73693915315316460557e-01
  +8.13228577577552291800e-01
  +4.54997741641558151038e-01
  -1.50926774174493950192e-02
  -4.82648732532589885835e-01
  -8.32329048608644539442e-01
  -9.76328594954970707676e-01
  -8.76810110810805953818e-01
  -5.56492040210176508452e-01
  -9.43044329068177672459e-02
  +3.93354092392411258672e-01
  +7.81537844434469830546e-01
  +9.68815965495507414040e-01
  +9.04275053823805463615e-01
  +6.02175137287285555665e-01
  +1.39864153441409094780e-01
  -3.61202667229307883279e-01
  -7.66949460951005357323e-01
  -9.66657648888899601047e-01
  -9.03776789389381773887e-01
  -5.92847532982938130175e-01
  -1.17253076216160240230e-01
  +3.92350737588608944328e-01
  +7.93601773183193248684e-01
  +9.72414930000011223932e-01
  +8.76088221851823445441e-01
  +5.29727307437423577952e-01
  +3.06329854714202445831e-02
  -4.78449672640682943658e-01
  -8.50038501581630967507e-01
  -9.74979359009009116654e-01
  -8.15157759008994897698e-01
  -4.15832951471402423316e-01
  +1.06596945225301456550e-01
  +5.98278241871906257821e-01
  +9.13325666496512034165e-01
  +9.57483466996995269405e-01
  +7.16782286496464693393e-01
  +2.62299600090071194369e-01
  -2.70692363813883896118e-01
  -7.23087304314363299440e-01
  -9.59679932942976599008e-01
  -9.09805074774771460611e-01
  -5.88529963223187402299e-01
  -9.19841164033612240791e-02
  +4.31682848753829562227e-01
  +8.26809853813851525217e-01
  +9.76664922262270862596e-01
  +8.37841254624594689027e-01
  +4.52454184594535735453e-01
  -6.51779770370747163488e-02
  -5.62984942702728918817e-01
  -8.96139320520555893168e-01
  -9.69133053213217632305e-01
  -7.62686493603587867263e-01
  -3.38035732222163320948e-01
  +1.82038007667726486893e-01
  +6.49323022762842594346e-01
  +9.32610522872879488254e-01
  +9.54218701971969340825e-01
  +7.10525973873851524054e-01
  +2.71330079579512051247e-01
  -2.41033800760813821107e-01
  -6.86332025705741588517e-01
  -9.44865495665699217653e-01
  -9.49159275285279768752e-01
  -7.00677988498478510060e-01
  -2.67719940830807801024e-01
  +2.34198192092152118748e-01
  +6.73633227207295681715e-01
  +9.37605892312325495119e-01
  +9.60133984804802387281e-01
  +7.37880228738710730596e-01
  +3.29478917667591186813e-01
  -1.60647868128139803545e-01
  -6.09366574834875329714e-01
  -9.05719615775824826720e-01
  -9.77933244844850446675e-01
  -8.10130116486465712278e-01
  -4.45071513403371810114e-01
  +2.72710898499226202241e-02
  +4.92158113273332642468e-01
  +8.37910495395416843323e-01
  +9.82434120000017396812e-01
  +8.92265824624607128968e-01
  +5.89874151751682562761e-01
  +1.47761412987963303145e-01
  -3.29030255360419743305e-01
  -7.27791876826866301897e-01
  -9.54576202592627098831e-01
  -9.56087180660656343889e-01
  -7.32032110590562168362e-01
  -3.35140444073997734176e-01
  +1.41134471441518805079e-01
  +5.84412866886929727173e-01
  +8.89693324064085633296e-01
  +9.84109319459468667723e-01
  +8.44374724544545762761e-01
  +5.02760190510486482118e-01
  +4.00254795494751347551e-02
  -4.33264310090152815480e-01
  -8.02857028508534353861e-01
  -9.78320509819827099918e-01
  -9.15382841031019300893e-01
  -6.27572488298266839557e-01
  -1.84009867837819640624e-01
  +3.06549685415479777895e-01
  +7.21944978628671574228e-01
  +9.56944225405442994159e-01
  +9.50223201661660743511e-01
  +7.01027081311284216980e-01
  +2.70853991621588907623e-01
  -2.30878639889964182297e-01
  -6.74118641411456831491e-01
  -9.41799656666686080264e-01
  -9.61168356226224207539e-01
  -7.24356032652618053724e-01
  -2.92193962342309987434e-01
  +2.20479612092115917488e-01
  +6.74781805425478942162e-01
  +9.45382126036088066279e-01
  +9.55581082992991936997e-01
  +6.99921421151114220294e-01
  +2.47438563513464909738e-01
  -2.76130708628722854048e-01
  -7.22874179419427886906e-01
  -9.64606240480501031520e-01
  -9.30228250410398027626e-01
  -6.27472143783730840205e-01
  -1.42134796444392558223e-01
  +3.85652897387427751053e-01
  +8.01730215415476621388e-01
  +9.83205346486505815662e-01
  +8.75310062282272594025e-01
  +5.08548890540523990111e-01
  -9.42529461868185473861e-03
  -5.25212915699807325609e-01
  -8.85209007287304228129e-01
  -9.81665878648657397321e-01
  -7.85297983613591266128e-01
  -3.54403591601521739118e-01
  +1.82420766756765218020e-01
  +6.64828786506550861723e-01
  +9.48866969849898156397e-01
  +9.50103893963959889035e-01
  +6.68703457687656488417e-01
  +1.88965672452416522109e-01
  -3.46325304024105218303e-01
  -7.78780430540591650512e-01
  -9.81456258528540792518e-01
  -8.95978990810793018973e-01
  -5.48882685004957293629e-01
  -4.27277379358280140487e-02
  +4.74854073988011715635e-01
  +8.54619743974019852040e-01
  +9.88724856266276930228e-01
  +8.40860913873843873745e-01
  +4.55233213573519701622e-01
  -5.75400749149683685135e-02
  -5.52876801621711488899e-01
  -8.93291755265314790790e-01
  -9.86312177287294478134e-01
  -8.08863005435421777989e-01
  -4.11924131901840351322e-01
  +9.50603492093325258550e-02
  +5.75024549129165229999e-01
  +9.00511762592641651359e-01
  +9.87151025555564110014e-01
  +8.14717155585546137786e-01
  +4.30781298848832205906e-01
  -6.32839301121738834199e-02
  -5.39638127429472591601e-01
  -8.77154905725782141346e-01
  -9.91849602182195200228e-01
  -8.57051365105090168228e-01
  -5.08712037357291868567e-01
  -3.51070510349640041436e-02
  +4.45983012064911921168e-01
  +8.16633403903927357348e-01
  +9.87387128028051286321e-01
  +9.18300228468459489584e-01
  +6.27652999439417547123e-01
  +1.86627513313243648119e-01
  -2.98417972252311203274e-01
  -7.11623015155184668323e-01
  -9.55089115575584401974e-01
  -9.71726433243243703508e-01
  -7.58282476966918972394e-01
  -3.65697660230211885057e-01
  +1.13134224054116577785e-01
  +5.65261955205247912382e-01
  +8.84129181931987639942e-01
  +9.94484722372373508570e-01
  +8.70024186396383347741e-01
  +5.39688723153089688900e-01
  +8.11173907026324636504e-02
  -3.97325427045094770051e-01
  -7.81890397627653443990e-01
  -9.80339829519548677794e-01
  -9.44126625995990620410e-01
  -6.80548743753734530770e-01
  -2.51792098708638556470e-01
  +2.39217662242303841236e-01
  +6.73103654074164836629e-01
  +9.42888251171182245614e-01
  +9.80527210090093803707e-01
  +7.74550327006987560097e-01
  +3.74147848047975961627e-01
  -1.21798852832836645987e-01
  -5.88547205905949777360e-01
  -9.06641499519577620525e-01
  -9.92707664084095720014e-01
  -8.21938661871853715191e-01
  -4.36074709999974829966e-01
  +6.58285242333097597722e-02
  +5.52132011436491487721e-01
  +8.92901797897921123415e-01
  +9.94921650790806189057e-01
  +8.27940618248227400144e-01
  +4.34583774744661532896e-01
  -7.95056774004199579009e-02
  -5.73370680083145178862e-01
  -9.09240689099128140960e-01
  -9.91364386036049705098e-01
  -7.94116153523496515199e-01
  -3.70899199609569352187e-01
  +1.59432535926023438710e-01
  +6.45478418969038680864e-01
  +9.46547247627657628577e-01
  +9.73872985485486952761e-01
  +7.17540913603564756151e-01
  +2.50717066756643902625e-01
  -2.90684144164201074823e-01
  -7.47407106646718610854e-01
  -9.83920782822850226168e-01
  -9.29109721101089358619e-01
  -5.98176637367356156538e-01
  -8.88263987086453099540e-02
  +4.47458183023138389434e-01
  +8.50602462692762739671e-01
  +1.00000000000001976197e+00
</dep>
<dep Vin2.Vt time>
  +0.00000000000000000000e+00
  +4.98637671240991564581e-01
  +8.64448755459864992545e-01
  +9.99988874475714051293e-01
  +8.69152991601998770044e-01
  +5.06793033968272133016e-01
  +9.43407222589615762631e-03
  -4.90437927916420823848e-01
  -8.59667580180745516394e-01
  -9.99899871766748882251e-01
  -8.73779869912728157644e-01
  -5.14903290240811828404e-01
  -1.88673047844658998973e-02
  +4.82194533802048963533e-01
  +8.54809891306926306065e-01
  +9.99721874270388721762e-01
  +8.78328978582768149508e-01
  +5.22967718215801458115e-01
  +2.82988580831167457763e-02
  -4.73908222590444516698e-01
  -8.49876121190687339180e-01
  -9.99454897829069377480e-01
  -8.82799912724618662807e-01
  -5.30985600129318502383e-01
  -3.77278926787147916855e-02
  +4.65579731793959394892e-01
  +8.44866708955819278870e-01
  +9.99098966204681526726e-01
  +8.87192274408603487323e-01
  +5.38956222360215120304e-01
  +4.71535693523040186359e-02
  -4.57209802679082288890e-01
  -8.39782100458540847754e-01
  -9.98654111076456629803e-01
  -8.91505672698282847222e-01
  -5.46878875493623795023e-01
  -5.65750491837896662961e-02
  +4.48799180200466329982e-01
  +8.34622748247819012946e-01
  +9.98120372038146408400e-01
  +8.95739723685253896868e-01
  +5.54752854384115590136e-01
  +6.59914936266167706513e-02
  -4.40348612934621241877e-01
  -8.29389111525084987697e-01
  -9.97497796594499885892e-01
  -8.99894050523316280099e-01
  -5.62577458218434744985e-01
  -7.54020645823968299615e-02
  +4.31858853013303456425e-01
  +8.24081656103367254929e-01
  +9.96786440157034880905e-01
  +9.03968283462013744156e-01
  +5.70351990577895318069e-01
  +8.48059244755069441268e-02
  -4.23330656056535026277e-01
  -8.18700854365829511217e-01
  -9.95986366039104731307e-01
  -9.07962059879544924890e-01
  -5.78075759500366714860e-01
  -9.42022363276229651730e-02
  +4.14764781105411817208e-01
  +8.13247185223737178994e-01
  +9.95097645450266243827e-01
  +9.11875024315032089994e-01
  +5.85748077541834555326e-01
  +1.03590163832231463292e-01
  -4.06161990554474938708e-01
  -8.07721134073809521325e-01
  -9.94120357489939987516e-01
  -9.15706828500165714857e-01
  -5.93368261837617594345e-01
  -1.12968871429067488354e-01
  +3.97523050083919693432e-01
  +8.02123192755049285729e-01
  +9.93054589140368149103e-01
  +9.19457131390203019627e-01
  +6.00935634163122234241e-01
  +1.22337524378454354235e-01
  -3.88848728591391912257e-01
  -7.96453859504933192603e-01
  -9.91900435258877943845e-01
  -9.23125599194310919593e-01
  -6.08449520994212678104e-01
  -1.31695288835616208800e-01
  +3.80139798123605432423e-01
  +7.90713638915096383997e-01
  +9.90657998569432596270e-01
  +9.26711905405281921588e-01
  +6.15909253567171632859e-01
  +1.41041331924914414842e-01
  -3.71397033807574550313e-01
  -7.84903041886409913452e-01
  -9.89327389653495092858e-01
  -9.30215730828602205271e-01
  -6.23314167938210816899e-01
  -1.50374821813927278535e-01
  +3.62621213781677609322e-01
  +7.79022585583499571626e-01
  +9.87908726940179282572e-01
  +9.33636763610842468353e-01
  +6.30663605042547703583e-01
  +1.59694927787535467800e-01
  -3.53813119126347108701e-01
  -7.73072793388724699426e-01
  -9.86402136695716746928e-01
  -9.36974699267432931116e-01
  -6.37956910753109895929e-01
  -1.69000820321844602567e-01
  +3.44973533794596609603e-01
  +7.67054194855599558167e-01
  +9.84807753012208575427e-01
  +9.40229240709757108085e-01
  +6.45193435938687942510e-01
  +1.78291671157966985506e-01
  -3.36103244542219792290e-01
  -7.60967325661671356585e-01
  -9.83125717795705678093e-01
  -9.43400098271578002596e-01
  -6.52372536521787393937e-01
  -1.87566653375830644235e-01
  +3.27203040857779736683e-01
  +7.54812727560805751814e-01
  +9.81356180753561901930e-01
  +9.46486989734847794509e-01
  +6.59493573535894328508e-01
  +1.96824941467701408637e-01
  -3.18273714892314263381e-01
  -7.48590948334995953672e-01
  -9.79499299381118460062e-01
  -9.49489640354809649736e-01
  -6.66555913182361736702e-01
  -2.06065711411677121578e-01
  +3.09316061388885787942e-01
  +7.42302541745613053692e-01
  +9.77555238947687810125e-01
  +9.52407782884448605998e-01
  +6.73558926886857478600e-01
  +2.15288140745077349880e-01
  -3.00330877611765023616e-01
  -7.35948067484115009407e-01
  -9.75524172481842866134e-01
  -9.55241157598284762464e-01
  -6.80501991355245916537e-01
  -2.24491408637562117612e-01
  +2.91318963275559394965e-01
  +7.29528091122198518725e-01
  +9.73406280756006547783e-01
  +9.57989512315483571214e-01
  +6.87384488629105727675e-01
  +2.33674695964244422131e-01
  -2.82281120473981461672e-01
  -7.23043184061517685279e-01
  -9.71201752270379636833e-01
  -9.60652602422320534004e-01
  -6.94205806140719805519e-01
  -2.42837185378581593698e-01
  +2.73218153608473290905e-01
  +7.16493923482789951684e-01
  +9.68910783236152428621e-01
  +9.63230190893908932992e-01
  +7.00965336767586433275e-01
  +2.51978061385108309533e-01
  -2.64130869316611283093e-01
  -7.09880892294433629708e-01
  -9.66533577558043699440e-01
  -9.65722048315351799808e-01
  -7.07662478886495249775e-01
  -2.61096510412073823382e-01
  +2.55020076400326756172e-01
  +7.03204679080697281357e-01
  +9.64070346816152445868e-01
  +9.68127952902116617473e-01
  +7.14296636427013575954e-01
  +2.70191720883770192252e-01
  -2.45886585753864211901e-01
  -6.96465878049233433345e-01
  -9.61521310247130500670e-01
  -9.70447690519792072195e-01
  -7.20867218924569730376e-01
  -2.79262883292820562886e-01
  +2.36731210291691279712e-01
  +6.89665088978271945130e-01
  +9.58886694724654264910e-01
  +9.72681054703155911767e-01
  +7.27373641573035190078e-01
  +2.88309190272201143479e-01
  -2.27554764876105319882e-01
  -6.82802917163197298223e-01
  -9.56166734739254842168e-01
  -9.74827846674530817950e-01
  -7.33815325276716112768e-01
  -2.97329836667154068230e-01
  +2.18358066244665971478e-01
  +6.75879973362696007122e-01
  +9.53361672377436852877e-01
  +9.76887875361486801573e-01
  +7.40191696701933743441e-01
  +3.06324019606767639079e-01
  -2.09141932937585484087e-01
  -6.68896873744354691915e-01
  -9.50471757300118458289e-01
  -9.78860957413856480613e-01
  -7.46502188328034499420e-01
  -3.15290938575475632177e-01
  +1.99907185224820288516e-01
  +6.61854239829881452195e-01
  +9.47497246720436114842e-01
  +9.80746917220035374640e-01
  +7.52746238497939090806e-01
  +3.24229795484346550172e-01
  -1.90654645033091763029e-01
  -6.54752698439757474524e-01
  -9.44438405380839229863e-01
  -9.82545586922626723592e-01
  -7.58923291468084237898e-01
  -3.33139794742049022425e-01
  +1.81385135872661890089e-01
  +6.47592881637403916528e-01
  +9.41295505529508247378e-01
  +9.84256806433368214293e-01
  +7.65032797457886992731e-01
  +3.42020143325662606681e-01
  -1.72099482764177386107e-01
  -6.40375426673034042757e-01
  -9.38068826896170104845e-01
  -9.85880423447393461345e-01
  -7.71074212698714345215e-01
  -3.50870050851313453055e-01
  +1.62798512165100217608e-01
  +6.33100975926827458373e-01
  +9.34758656667154519404e-01
  +9.87416293456787053096e-01
  +7.77046999482279843185e-01
  +3.59688729644521032469e-01
  -1.53483051896233735345e-01
  -6.25770176851821235964e-01
  -9.31365289459856859899e-01
  -9.88864279763434383952e-01
  -7.82950626208456124111e-01
  -3.68475394810237610876e-01
  +1.44153931067973306579e-01
  +6.18383681916228833408e-01
  +9.27889027296516455401e-01
  +9.90224253491195582910e-01
  +7.88784567432617267357e-01
  +3.77229264302746836179e-01
  -1.34811980006596748849e-01
  -6.10942148545445706809e-01
  -9.24330179577314670070e-01
  -9.91496093597384220431e-01
  -7.94548303912431252982e-01
  -3.85949558995321184707e-01
  +1.25458030180320201374e-01
  +6.03446239063435863059e-01
  +9.20689063052874123727e-01
  +9.92679686883518375140e-01
  +8.00241322654012821047e-01
  +3.94635502749422550917e-01
  -1.16092914125237797740e-01
  -5.95896620633916795917e-01
  -9.16966001796017948777e-01
  -9.93774928005421109845e-01
  -8.05863116957659997297e-01
  -4.03286322483952353046e-01
  +1.06717465371378120165e-01
  +5.88293965200833768314e-01
  +9.13161327172992809409e-01
  +9.94781719482584203540e-01
  +8.11413186462849878033e-01
  +4.11901248243979112296e-01
  -9.73325183683335093399e-02
  -5.80638949428620820825e-01
  -9.09275377813902996316e-01
  -9.95699971706835551544e-01
  -8.16891037192883029405e-01
  -4.20479513269190252611e-01
  +8.79389084110755031576e-02
  +5.72932254642044891391e-01
  +9.05308499582604397915e-01
  +9.96529602950333881495e-01
  +8.22296181598796804835e-01
  +4.29020354062291886521e-01
  -7.85374715656955296739e-02
  -5.65174566765404118307e-01
  -9.01261045545957650837e-01
  -9.97270539372831388292e-01
  -8.27628138602712226657e-01
  -4.37523010456884964281e-01
  +6.91290445948221504713e-02
  +5.57366576261663304592e-01
  +8.97133375942332444986e-01
  +9.97922715028241369417e-01
  +8.32886433640763979014e-01
  +4.45986725685046270229e-01
  -5.97144648832308236330e-02
  -5.49508978070837095231e-01
  -8.92925858149579698697e-01
  -9.98486071870521740834e-01
  -8.38070598705210834112e-01
  -4.54410746444862734261e-01
  +5.02945703633988216996e-02
  +5.41602471548207176077e-01
  +8.88638866652372572119e-01
  +9.98960559758826360799e-01
  +8.43180172386200577073e-01
  +4.62794322967273963343e-01
  -4.08701994407559138223e-02
  -5.33647760402125470591e-01
  -8.84272783008800300486e-01
  -9.99346136461980560917e-01
  -8.48214699912789749092e-01
  -4.71136709083007754195e-01
  +3.14421909191482384927e-02
  +5.25645552631333834448e-01
  +8.79827995816444441424e-01
  +9.99642767662229370096e-01
  +8.53173733193374306261e-01
  +4.79437162288789409104e-01
  -2.20113839262669024055e-02
  -5.17596560461901611383e-01
  -8.75304900677833841449e-01
  -9.99850426958299842717e-01
  -8.58056830855663310587e-01
  -4.87694943813604064875e-01
  +1.25786178387921037530e-02
  +5.09501500283882080566e-01
  +8.70703900165140542988e-01
  +9.99969095867746737838e-01
  +8.62863558285915766000e-01
  +4.95909318684373712216e-01
  -3.14473220777068554824e-03
  -5.01361092587624956884e-01
  -8.66025403784457692424e-01
  -9.99998763828597425629e-01
  -8.67593487667580376410e-01
  -5.04079555791298816736e-01
  -6.28943331602172840678e-03
  +4.93176061899503748176e-01
  +8.61269827939256105154e-01
  +9.99939428200294133653e-01
  +8.72246198019460017292e-01
  +5.12204927953103017479e-01
  +1.57230390570401203088e-02
  -4.84947136717502669256e-01
  -8.56437595893348335707e-01
  -9.99791094263926538588e-01
  -8.76821275233149344253e-01
  -5.20284711981557679294e-01
  -2.51552453893632739501e-02
  +4.76675049446452725466e-01
  +8.51529137733319951842e-01
  +9.99553775221764806425e-01
  +8.81318312109797386000e-01
  +5.28318188746020434010e-01
  +3.45852128117930535112e-02
  -4.68360536332696253403e-01
  -8.46544890330060417760e-01
  -9.99227492196081201747e-01
  -8.85736908396527744536e-01
  -5.36304643237365707975e-01
  -4.40121020223741207800e-02
  +4.60004337398632057177e-01
  +8.41485297300056389602e-01
  +9.98812274227270480154e-01
  +8.90076670821898896513e-01
  +5.44243364631552539734e-01
  +5.34350739930381998799e-02
  -4.51607196376926645076e-01
  -8.36350808965788838911e-01
  -9.98308158271270507100e-01
  -8.94337213131015107415e-01
  -5.52133646353034190923e-01
  -6.28532900444510600479e-02
  +4.43169860644168356334e-01
  +8.31141882315697189121e-01
  +9.97715189196263008142e-01
  +8.98518156119862743125e-01
  +5.59974786137573454781e-01
  +7.22659119205728145419e-02
  -4.34693081154423011103e-01
  -8.25858980963553368504e-01
  -9.97033419778692753255e-01
  -9.02619127669024523541e-01
  -5.67766086094676381002e-01
  -8.16721018631808015620e-02
  +4.26177612372473368918e-01
  +8.20502575107104559216e-01
  +9.96262910698558323830e-01
  +9.06639762776875079986e-01
  +5.75506852769849253093e-01
  +9.10710226866316557848e-02
  -4.17624212206515799117e-01
  -8.15073141486269858724e-01
  -9.95403730534015318554e-01
  -9.10579703592028555370e-01
  -5.83196397206246386347e-01
  -1.00461837852147156669e-01
  +4.09033641940779735258e-01
  +8.09571163340758515048e-01
  +9.94455955755281895136e-01
  +9.14438599445154154388e-01
  +5.90834035005921798245e-01
  +1.09843711542467609155e-01
  -4.00406666167848535043e-01
  -8.03997130366962298176e-01
  -9.93419670717816671868e-01
  -9.18216106880258009504e-01
  -5.98419086390881593829e-01
  -1.19215808736157585779e-01
  +3.91744052720426838565e-01
  +7.98351538674417771091e-01
  +9.92294967654818171887e-01
  +9.21911889685215868440e-01
  +6.05950876263516513553e-01
  +1.28577295281841308405e-01
  -3.83046572603208068664e-01
  -7.92634890741703901362e-01
  -9.91081946669026048191e-01
  -9.25525618921664516847e-01
  -6.13428734266621145110e-01
  -1.37927337972614694195e-01
  +3.74314999924070301862e-01
  +7.86847695371616695503e-01
  +9.89780715723791892913e-01
  +9.29056972954355853034e-01
  +6.20851994843194088247e-01
  +1.47265104620118852941e-01
  -3.65550111825228618567e-01
  -7.80990467645933938989e-01
  -9.88391390633474919980e-01
  -9.32505637479696503078e-01
  -6.28219997295628274081e-01
  -1.56589764128523850628e-01
  +3.56752688414252283611e-01
  +7.75063728879625712942e-01
  +9.86914095053164186488e-01
  +9.35871305553797272481e-01
  +6.35532085844361049887e-01
  +1.65900486568668042997e-01
  -3.47923512694288838976e-01
  -7.69068006574348594917e-01
  -9.85348960467618106840e-01
  -9.39153677619759097439e-01
  -6.42787609686529370912e-01
  -1.75196443251840194844e-01
  +3.39063370494691207480e-01
  +7.63003834371548728122e-01
  +9.83696126179613883345e-01
  +9.42352461534306296009e-01
  +6.49985923053627789869e-01
  +1.84476806803452131334e-01
  -3.30173050400863810072e-01
  -7.56871752005020992371e-01
  -9.81955739297512786301e-01
  -9.45467372593847610318e-01
  -6.57126385269161117364e-01
  -1.93740751236846003858e-01
  +3.21253343684155034943e-01
  +7.50672305252742977366e-01
  +9.80127954722179728364e-01
  +9.48498133559785072677e-01
  +6.64208360805599196119e-01
  +2.02987452026726161725e-01
  -3.12305044231511952368e-01
  -7.44406045888445500047e-01
  -9.78212935133214167571e-01
  -9.51444474683163177176e-01
  -6.71231219340879481372e-01
  -2.12216086182461377563e-01
  +3.03328948474660298196e-01
  +7.38073531632373769362e-01
  +9.76210850974438049121e-01
  +9.54306133728732297605e-01
  +6.78194335814655491212e-01
  +2.21425832321501314670e-01
  -2.94325855319299611867e-01
  -7.31675326101702050430e-01
  -9.74121880438741372110e-01
  -9.57082855998259596220e-01
  -6.85097090483761661517e-01
  -2.30615870742398754167e-01
  +2.85296566074078827846e-01
  +7.25211998760429299438e-01
  +9.71946209452241638438e-01
  +9.59774394353174908900e-01
  +6.91938868977518661829e-01
  +2.39785383497683274312e-01
  -2.76241884379114788217e-01
  -7.18684124868578799727e-01
  -9.69684031657698786155e-01
  -9.62380509236616665802e-01
  -6.98719062352331832244e-01
  -2.48933554466855277987e-01
  +2.67162616134545727320e-01
  +7.12092285431074500934e-01
  +9.67335548397304845203e-01
  +9.64900968694727079189e-01
  +7.05437067145929685985e-01
  +2.58059569428775170685e-01
  -2.58059569428858492923e-01
  -7.05437067145990748251e-01
  -9.64900968694749727739e-01
  -9.67335548397282973809e-01
  -7.12092285431013993779e-01
  -2.67162616134462571615e-01
  +2.48933554466938794514e-01
  +6.98719062352393560644e-01
  +9.62380509236640091508e-01
  +9.69684031657670808535e-01
  +7.18684124868499085714e-01
  +2.76241884379031854557e-01
  -2.39785383497767012884e-01
  -6.91938868977560406215e-01
  -9.59774394353207105368e-01
  -9.71946209452234755055e-01
  -7.25211998760369902506e-01
  -2.85296566074023427717e-01
  +2.30615870742455014719e-01
  +6.85097090483783088821e-01
  +9.57082855998284576238e-01
  +9.74121880438728271479e-01
  +7.31675326101662637512e-01
  +2.94325855319271467714e-01
  -2.21425832321613141884e-01
  -6.78194335814698012754e-01
  -9.54306133728758054779e-01
  -9.76210850974425503601e-01
  -7.38073531632296386817e-01
  -3.03328948474578141692e-01
  +2.12216086182545671246e-01
  +6.71231219340922335981e-01
  +9.51444474683198482268e-01
  +9.78212935133208061345e-01
  +7.44406045888387990495e-01
  +3.12305044231456996329e-01
  -2.02987452026782783099e-01
  -6.64208360805621178535e-01
  -9.48498133559812384163e-01
  -9.80127954722168293067e-01
  -7.50672305252704785694e-01
  -3.21253343684127168345e-01
  +1.93740751236958524961e-01
  +6.57126385269226065411e-01
  +9.45467372593875587938e-01
  +9.81955739297501906115e-01
  +7.56871752004946052317e-01
  +3.30173050400782430724e-01
  -1.84476806803536896862e-01
  -6.49985923053671754701e-01
  -9.42352461534344598704e-01
  -9.83696126179608554274e-01
  -7.63003834371492994926e-01
  -3.39063370494636806551e-01
  +1.75196443251897149285e-01
  +6.42787609686551797417e-01
  +9.39153677619788629372e-01
  +9.85348960467608225855e-01
  +7.69068006574293527855e-01
  +3.47923512694261249933e-01
  -1.65900486568781119212e-01
  -6.35532085844427663268e-01
  -9.35871305553827581569e-01
  -9.86914095053154860615e-01
  -7.75063728879553326401e-01
  -3.56752688414171736930e-01
  +1.56589764128609032490e-01
  +6.28219997295673238114e-01
  +9.32505637479717375271e-01
  +9.88391390633470479088e-01
  +7.80990467645880093173e-01
  +3.65550111825174772751e-01
  -1.47265104620176057182e-01
  -6.20851994843261700829e-01
  -9.29056972954387716435e-01
  -9.89780715723775572634e-01
  -7.86847695371563404798e-01
  -3.74314999923990310293e-01
  +1.37927337972728270010e-01
  +6.13428734266711628287e-01
  +9.25525618921697268426e-01
  +9.91081946669014501872e-01
  +7.92634890741634068334e-01
  +3.83046572603154666936e-01
  -1.28577295281926851089e-01
  -6.05950876263585125336e-01
  -9.21911889685238294945e-01
  -9.92294967654810955437e-01
  -7.98351538674365923676e-01
  -3.91744052720347457619e-01
  +1.19215808736214998187e-01
  +5.98419086390950649701e-01
  +9.18216106880303417626e-01
  +9.93419670717803571236e-01
  +8.03997130366911005872e-01
  +4.00406666167769487163e-01
  -1.09843711542525090952e-01
  -5.90834035006014390845e-01
  -9.14438599445189015391e-01
  -9.94455955755278786512e-01
  -8.09571163340724653246e-01
  -4.09033641940726944153e-01
  +1.00461837852232963031e-01
  +5.83196397206270256142e-01
  +9.10579703592052425165e-01
  +9.95403730534009767439e-01
  +8.15073141486219898688e-01
  +4.17624212206463285568e-01
  -9.10710226866892486042e-02
  -5.75506852769919752255e-01
  -9.06639762776923485710e-01
  -9.96262910698553327826e-01
  -8.20502575107055265313e-01
  -4.26177612372395320239e-01
  +8.16721018632950990224e-02
  +5.67766086094724009570e-01
  +9.02619127669037180084e-01
  +9.97033419778686202939e-01
  +8.25858980963488642502e-01
  +4.34693081154370886132e-01
  -7.22659119206021383075e-02
  -5.59974786137644953143e-01
  -8.98518156119888167233e-01
  -9.97715189196259122362e-01
  -8.31141882315680757820e-01
  -4.43169860644065549682e-01
  +6.28532900445371439657e-02
  +5.52133646353106133375e-01
  +8.94337213131040975611e-01
  +9.98308158271263845762e-01
  +8.36350808965741543410e-01
  +4.51607196376900388302e-01
  -5.34350739930959453550e-02
  -5.44243364631648796070e-01
  -8.90076670821938198408e-01
  -9.98812274227269036864e-01
  -8.41485297300025081313e-01
  -4.60004337398580709362e-01
  +4.40121020224602879645e-02
  +5.36304643237390576971e-01
  +8.85736908396554500911e-01
  +9.99227492196077760056e-01
  +8.46544890330014565549e-01
  +4.68360536332645183144e-01
  -3.45852128118792484512e-02
  -5.28318188746093597707e-01
  -8.81318312109851564884e-01
  -9.99553775221763141090e-01
  -8.51529137733274765765e-01
  -4.76675049446376897233e-01
  +2.51552453894779114163e-02
  +5.20284711981607084219e-01
  +8.76821275233163555107e-01
  +9.99791094263924873253e-01
  +8.56437595893318470708e-01
  +4.84947136717452098598e-01
  -1.57230390570695238717e-02
  -5.12204927953177069355e-01
  -8.72246198019516083555e-01
  -9.99939428200293134452e-01
  -8.61269827939212251344e-01
  -4.93176061899403994637e-01
  +6.28943331613639970007e-03
  +5.04079555791373312701e-01
  +8.67593487667623231019e-01
  +9.99998763828597314607e-01
  +8.66025403784400404916e-01
  +5.01361092587599532777e-01
  +3.14473220768443336229e-03
  -4.95909318684423894297e-01
  -8.62863558285973719642e-01
  -9.99969095867747070905e-01
  -8.70703900165098132469e-01
  -5.09501500283832342575e-01
  -1.25786178386490185566e-02
  +4.87694943813654580023e-01
  +8.58056830855722263429e-01
  +9.99850426958301397029e-01
  +8.75304900677764674555e-01
  +5.17596560461852095436e-01
  +2.20113839261522545310e-02
  -4.79437162288865126314e-01
  -8.53173733193448913248e-01
  -9.99642767662230924408e-01
  -8.79827995816416907893e-01
  -5.25645552631260448706e-01
  -3.14421909191188453381e-02
  +4.71136709083058713432e-01
  +8.48214699912820391248e-01
  +9.99346136461983669541e-01
  +8.84272783008773322067e-01
  +5.33647760402076509756e-01
  +4.08701994406697396989e-02
  -4.62794322967375659772e-01
  -8.43180172386231663317e-01
  -9.98960559758830246579e-01
  -8.88638866652333048179e-01
  -5.41602471548110808719e-01
  -5.02945703633410623468e-02
  +4.54410746444888935525e-01
  +8.38070598705257796546e-01
  +9.98486071870528069105e-01
  +8.92925858149553608456e-01
  +5.49508978070788689507e-01
  +5.97144648831447258375e-02
  -4.45986725685123486240e-01
  -8.32886433640795953437e-01
  -9.97922715028245033153e-01
  -8.97133375942281818816e-01
  -5.57366576261591695207e-01
  -6.91290445947361081869e-02
  +4.37523010456936922719e-01
  +8.27628138602776619592e-01
  +9.97270539372837827585e-01
  +9.01261045545944994295e-01
  +5.65174566765356378717e-01
  +7.85374715655812183357e-02
  -4.29020354062395470329e-01
  -8.22296181598813569202e-01
  -9.96529602950340986922e-01
  -9.05308499582579861986e-01
  -5.72932254641950966523e-01
  -8.79389084110462071475e-02
  +4.20479513269268467823e-01
  +8.16891037192932767397e-01
  +9.95699971706846209685e-01
  +9.09275377813878904476e-01
  +5.80638949428550543708e-01
  +9.73325183682476613445e-02
  -4.11901248244083639793e-01
  -8.11413186462883739836e-01
  -9.94781719482592974302e-01
  -9.13161327172957615339e-01
  -5.88293965200718083075e-01
  -1.06717465371320624490e-01
  +4.03286322484005255173e-01
  +8.05863116957711067556e-01
  +9.93774928005430768785e-01
  +9.16966001795994856138e-01
  +5.95896620633870388595e-01
  +1.16092914125152130156e-01
  -3.94635502749501820841e-01
  -8.00241322654064557440e-01
  -9.92679686883525369545e-01
  -9.20689063052829381739e-01
  -6.03446239063367029232e-01
  -1.25458030180234630935e-01
  +3.85949558995374530923e-01
  +7.94548303912500863966e-01
  +9.91496093597395433683e-01
  +9.24330179577303456817e-01
  +6.10942148545377428093e-01
  +1.34811980006539461341e-01
  -3.77229264302853029012e-01
  -7.88784567432644134755e-01
  -9.90224253491207573319e-01
  -9.27889027296489588004e-01
  -6.18383681916138683299e-01
  -1.44153931067930146659e-01
  +3.68475394810317824490e-01
  +7.82950626208500977121e-01
  +9.88864279763451370364e-01
  +9.31365289459840983710e-01
  +6.25770176851742854218e-01
  +1.53483051896148497972e-01
  -3.59688729644641325134e-01
  -7.77046999482316258501e-01
  -9.87416293456793936478e-01
  -9.34758656667123877249e-01
  -6.33100975926815690009e-01
  -1.62798512165043179900e-01
  +3.50870050851367576428e-01
  +7.71074212698778294062e-01
  +9.85880423447398346326e-01
  +9.38068826896145124827e-01
  +6.40375426672989633836e-01
  +1.72099482764078409724e-01
  -3.42020143325690251235e-01
  -7.65032797457933400054e-01
  -9.84256806433378428345e-01
  -9.41295505529469611616e-01
  -6.47592881637370720860e-01
  -1.81385135872632968779e-01
  +3.33139794742116968074e-01
  +7.58923291468158955908e-01
  +9.82545586922634939242e-01
  +9.44438405380820245050e-01
  +6.54752698439681535270e-01
  +1.90654645033007080768e-01
  -3.24229795484414717865e-01
  -7.52746238497977171455e-01
  -9.80746917220055025588e-01
  -9.47497246720408581311e-01
  -6.61854239829827495356e-01
  -1.99907185224763639386e-01
  +3.15290938575584434034e-01
  +7.46502188328101334847e-01
  +9.78860957413862475818e-01
  +9.50471757300096142806e-01
  +6.68896873744269537809e-01
  +2.09141932937487257105e-01
  -3.06324019606795672210e-01
  -7.40191696701982149165e-01
  -9.76887875361502122651e-01
  -9.53361672377402213918e-01
  -6.75879973362663921677e-01
  -2.18358066244581816573e-01
  +2.97329836667222902058e-01
  +7.33815325276793939402e-01
  +9.74827846674540587912e-01
  +9.56166734739229529083e-01
  +6.82802917163144673651e-01
  +2.27554764875979809169e-01
  -2.88309190272256488097e-01
  -7.27373641573104134928e-01
  -9.72681054703176006804e-01
  -9.58886694724617627550e-01
  -6.89665088978229978700e-01
  -2.36731210291648896948e-01
  +2.79262883292903385524e-01
  +7.20867218924629460375e-01
  +9.70447690519809502696e-01
  +9.61521310247114624481e-01
  +6.96465878049161379870e-01
  +2.45886585753780584351e-01
  -2.70191720883839525680e-01
  -7.14296636427054099094e-01
  -9.68127952902141819536e-01
  -9.64070346816129464251e-01
  -7.03204679080635997046e-01
  -2.55020076400257089677e-01
  +2.61096510412184512617e-01
  +7.07662478886566193026e-01
  +9.65722048315359349324e-01
  +9.66533577558025158716e-01
  +7.09880892294392884523e-01
  +2.64130869316514416134e-01
  -2.51978061385150553519e-01
  -7.00965336767647939631e-01
  -9.63230190893928361895e-01
  -9.68910783236124117934e-01
  -7.16493923482759531574e-01
  -2.73218153608390301734e-01
  +2.42837185378651482237e-01
  +6.94205806140802406112e-01
  +9.60652602422332635435e-01
  +9.71201752270355656016e-01
  +7.23043184061458066303e-01
  +2.82281120473857838338e-01
  -2.33674695964300654927e-01
  -6.87384488629137369031e-01
  -9.57989512315512325991e-01
  -9.73406280755973685181e-01
  -7.29528091122149224823e-01
  -2.91318963275504050348e-01
  +2.24491408637660011527e-01
  +6.80501991355267454864e-01
  +9.55241157598306078746e-01
  +9.75524172481827100967e-01
  +7.35948067484037404817e-01
  +3.00330877611723390253e-01
  -2.15288140745161588052e-01
  -6.73558926886910769305e-01
  -9.52407782884483578023e-01
  -9.77555238947678595274e-01
  -7.42302541745593291722e-01
  -3.09316061388803742460e-01
  +2.06065711411803242914e-01
  +6.66555913182404813355e-01
  +9.49489640354823305479e-01
  +9.79499299381101140582e-01
  +7.48590948334948103060e-01
  +3.18273714892259473874e-01
  -1.96824941467744179979e-01
  -6.59493573535959165532e-01
  -9.46486989734875661107e-01
  -9.81356180753548024143e-01
  -7.54812727560767893209e-01
  -3.27203040857684812615e-01
  +1.87566653375915354252e-01
  +6.52372536521798940257e-01
  +9.43400098271599540922e-01
  +9.83125717795686027145e-01
  +7.60967325661610849430e-01
  +3.36103244542198809075e-01
  -1.78291671158037873246e-01
  -6.45193435938732129387e-01
  -9.40229240709791413977e-01
  -9.84807753012203468401e-01
  -7.67054194855553372889e-01
  -3.44973533794535658359e-01
  +1.69000820321950628866e-01
  +6.37956910753138095593e-01
  +9.36974699267465460650e-01
  +9.86402136695703646296e-01
  +7.73072793388647427903e-01
  +3.53813119126299646666e-01
  -1.59694927787634638472e-01
  -6.30663605042614650031e-01
  -9.33636763610888653631e-01
  -9.87908726940170400788e-01
  -7.79022585583467819248e-01
  -3.62621213781590623348e-01
  +1.50374821814005521503e-01
  +6.23314167938261554092e-01
  +9.30215730828620857018e-01
  +9.89327389653480437914e-01
  +7.84903041886356511725e-01
  +3.71397033807507659375e-01
  -1.41041331924971674594e-01
  -6.15909253567256453898e-01
  -9.26711905405317004636e-01
  -9.90657998569421827106e-01
  -7.90713638915056638012e-01
  -3.80139798123499350613e-01
  +1.31695288835715795805e-01
  +6.08449520994235992788e-01
  +9.23125599194338675169e-01
  +9.91900435258869728194e-01
  +7.96453859504868133534e-01
  +3.88848728591358272499e-01
  -1.22337524378532916391e-01
  -6.00935634163174081657e-01
  -9.19457131390248094682e-01
  -9.93054589140363042077e-01
  -8.02123192754993552533e-01
  -3.97523050083847084846e-01
  +1.12968871429188488786e-01
  +5.93368261837658450553e-01
  +9.15706828500206015953e-01
  +9.94120357489930661643e-01
  +8.07721134073733582071e-01
  +4.06161990554422092092e-01
  -1.03590163832281909051e-01
  -5.85748077541910272537e-01
  -9.11875024315087934212e-01
  -9.95097645450259804534e-01
  -8.13247185223703539236e-01
  -4.14764781105320390342e-01
  +9.42022363276522473052e-02
  +5.78075759500428443260e-01
  +9.07962059879570682064e-01
  +9.95986366039095072367e-01
  +8.18700854365808639024e-01
  +4.23330656056463361381e-01
  -8.48059244755751812095e-02
  -5.70351990577992462583e-01
  -9.03968283462033950215e-01
  -9.96786440157031883302e-01
  -8.24081656103322512941e-01
  -4.31858853013190380210e-01
  +7.54020645824509533339e-02
  +5.62577458218467829631e-01
  +8.99894050523353916660e-01
  +9.97497796594494778866e-01
  +8.29389111525050681806e-01
  +4.40348612934578886868e-01
  -6.59914936267099322409e-02
  -5.54752854384181537384e-01
  -8.95739723685284316979e-01
  -9.98120372038143077731e-01
  -8.34622748247763723839e-01
  -4.48799180200386060857e-01
  +5.65750491838083874319e-02
  +5.46878875493678195951e-01
  +8.91505672698331586012e-01
  +9.98654111076451633799e-01
  +8.39782100458526747921e-01
  +4.57209802679018229021e-01
  -4.71535693523617849277e-02
  -5.38956222360301273611e-01
  -8.87192274408618697379e-01
  -9.99098966204678196057e-01
  -8.44866708955783529689e-01
  -4.65579731793861029132e-01
  +3.77278926787566054601e-02
  +5.30985600129391555058e-01
  +8.82799912724653301765e-01
  +9.99454897829065491699e-01
  +8.49876121190661470983e-01
  +4.73908222590362304683e-01
  -2.82988580832544585342e-02
  -5.22967718215908261570e-01
  -8.78328978582767816441e-01
  -9.99721874270386390293e-01
  -8.54809891306880675899e-01
  -4.82194533801981961574e-01
  +1.88673047845299354797e-02
  +5.14903290240856015281e-01
  +8.73779869912747142457e-01
  +9.99899871766746883850e-01
  +8.59667580180738188922e-01
  +4.90437927916320071109e-01
  -9.43407222599972582200e-03
  -5.06793033968350736806e-01
  -8.69152991602037627850e-01
  -9.99988874475713829248e-01
  -8.64448755459837792081e-01
  -4.98637671240856839017e-01
  +2.94088546373609531739e-14
</dep>
